DHSID,air_transport_count,ground_transport_count,water_transport_count,all_transport_count
PH201700000386,0.0,0.0,0.0,0.0
PH201700000387,1.0,3.0,0.0,4.0
PH201700000388,0.0,1.0,0.0,1.0
PH201700000389,0.0,0.0,0.0,0.0
PH201700000390,0.0,0.0,0.0,0.0
PH201700000391,0.0,2.0,0.0,2.0
PH201700000392,0.0,6.0,0.0,6.0
PH201700000393,0.0,1.0,0.0,1.0
PH201700000394,0.0,1.0,0.0,1.0
PH201700000395,7.0,6.0,0.0,13.0
PH201700000396,0.0,0.0,0.0,0.0
PH201700000397,0.0,6.0,0.0,6.0
PH201700000398,0.0,1.0,0.0,1.0
PH201700000399,0.0,0.0,0.0,0.0
PH201700000400,0.0,0.0,0.0,0.0
PH201700000401,0.0,7.0,0.0,7.0
PH201700000402,0.0,7.0,0.0,7.0
PH201700000403,0.0,7.0,0.0,7.0
PH201700000405,0.0,10.0,0.0,10.0
PH201700000406,1.0,10.0,0.0,11.0
PH201700000407,0.0,0.0,0.0,0.0
PH201700000408,0.0,0.0,0.0,0.0
PH201700000409,0.0,0.0,0.0,0.0
PH201700000410,0.0,5.0,0.0,5.0
PH201700000411,0.0,1.0,0.0,1.0
PH201700000412,0.0,0.0,0.0,0.0
PH201700000414,3.0,7.0,0.0,10.0
PH201700000416,2.0,10.0,0.0,12.0
PH201700000417,0.0,8.0,0.0,8.0
PH201700000418,5.0,17.0,0.0,22.0
PH201700000419,0.0,0.0,0.0,0.0
PH201700000420,0.0,2.0,0.0,2.0
PH201700000421,0.0,0.0,0.0,0.0
PH201700000422,0.0,2.0,0.0,2.0
PH201700000423,0.0,3.0,0.0,3.0
PH201700000424,0.0,1.0,0.0,1.0
PH201700000425,0.0,4.0,0.0,4.0
PH201700000426,0.0,0.0,0.0,0.0
PH201700000427,1.0,15.0,0.0,16.0
PH201700000428,0.0,2.0,0.0,2.0
PH201700000429,2.0,4.0,0.0,6.0
PH201700000430,0.0,1.0,0.0,1.0
PH201700000431,0.0,0.0,0.0,0.0
PH201700000432,0.0,0.0,0.0,0.0
PH201700000433,0.0,0.0,0.0,0.0
PH201700000434,1.0,0.0,1.0,2.0
PH201700000435,2.0,0.0,0.0,2.0
PH201700000436,1.0,0.0,1.0,2.0
PH201700000437,1.0,0.0,1.0,2.0
PH201700000438,0.0,0.0,0.0,0.0
PH201700000439,1.0,0.0,1.0,2.0
PH201700000440,1.0,0.0,1.0,2.0
PH201700000441,0.0,0.0,0.0,0.0
PH201700000442,1.0,0.0,1.0,2.0
PH201700000443,1.0,0.0,1.0,2.0
PH201700000444,0.0,0.0,0.0,0.0
PH201700000445,1.0,0.0,1.0,2.0
PH201700000446,0.0,0.0,0.0,0.0
PH201700000447,0.0,3.0,1.0,4.0
PH201700000449,0.0,0.0,0.0,0.0
PH201700000450,2.0,12.0,0.0,14.0
PH201700000451,0.0,0.0,0.0,0.0
PH201700000452,0.0,0.0,0.0,0.0
PH201700000453,0.0,3.0,0.0,3.0
PH201700000454,0.0,0.0,0.0,0.0
PH201700000455,0.0,0.0,0.0,0.0
PH201700000456,0.0,0.0,0.0,0.0
PH201700000457,0.0,0.0,0.0,0.0
PH201700000458,0.0,3.0,0.0,3.0
PH201700000459,0.0,1.0,0.0,1.0
PH201700000460,0.0,0.0,0.0,0.0
PH201700000461,0.0,0.0,0.0,0.0
PH201700000462,0.0,0.0,0.0,0.0
PH201700000463,0.0,0.0,0.0,0.0
PH201700000464,0.0,3.0,0.0,3.0
PH201700000465,0.0,0.0,0.0,0.0
PH201700000466,3.0,1.0,0.0,4.0
PH201700000467,0.0,0.0,0.0,0.0
PH201700000468,0.0,0.0,0.0,0.0
PH201700000469,1.0,2.0,0.0,3.0
PH201700000470,0.0,6.0,0.0,6.0
PH201700000471,0.0,1.0,0.0,1.0
PH201700000472,1.0,3.0,0.0,4.0
PH201700000473,0.0,2.0,0.0,2.0
PH201700000474,0.0,3.0,0.0,3.0
PH201700000475,0.0,0.0,0.0,0.0
PH201700000476,0.0,0.0,0.0,0.0
PH201700000477,0.0,1.0,0.0,1.0
PH201700000478,0.0,0.0,0.0,0.0
PH201700000479,0.0,6.0,0.0,6.0
PH201700000480,0.0,4.0,0.0,4.0
PH201700000481,0.0,0.0,0.0,0.0
PH201700000482,0.0,0.0,0.0,0.0
PH201700000483,0.0,0.0,0.0,0.0
PH201700000484,0.0,0.0,0.0,0.0
PH201700000485,0.0,7.0,0.0,7.0
PH201700000486,0.0,0.0,0.0,0.0
PH201700000487,0.0,0.0,0.0,0.0
PH201700000488,0.0,0.0,0.0,0.0
PH201700000489,0.0,0.0,0.0,0.0
PH201700000490,0.0,0.0,0.0,0.0
PH201700000491,0.0,0.0,0.0,0.0
PH201700000492,0.0,0.0,0.0,0.0
PH201700000493,0.0,0.0,0.0,0.0
PH201700000494,0.0,0.0,0.0,0.0
PH201700000495,0.0,0.0,0.0,0.0
PH201700000496,0.0,0.0,0.0,0.0
PH201700000497,2.0,3.0,0.0,5.0
PH201700000498,0.0,1.0,0.0,1.0
PH201700000499,2.0,1.0,0.0,3.0
PH201700000500,0.0,1.0,0.0,1.0
PH201700000501,0.0,0.0,0.0,0.0
PH201700000502,1.0,0.0,0.0,1.0
PH201700000503,2.0,3.0,0.0,5.0
PH201700000504,2.0,3.0,0.0,5.0
PH201700000505,0.0,0.0,0.0,0.0
PH201700000506,0.0,4.0,0.0,4.0
PH201700000507,0.0,0.0,0.0,0.0
PH201700000508,0.0,0.0,0.0,0.0
PH201700000509,0.0,7.0,0.0,7.0
PH201700000510,1.0,15.0,0.0,16.0
PH201700000511,0.0,1.0,0.0,1.0
PH201700000512,0.0,2.0,0.0,2.0
PH201700000513,2.0,0.0,0.0,2.0
PH201700000514,4.0,3.0,0.0,7.0
PH201700000515,0.0,2.0,0.0,2.0
PH201700000516,0.0,2.0,0.0,2.0
PH201700000517,0.0,10.0,0.0,10.0
PH201700000518,0.0,0.0,0.0,0.0
PH201700000519,0.0,7.0,0.0,7.0
PH201700000520,0.0,7.0,0.0,7.0
PH201700000521,6.0,0.0,0.0,6.0
PH201700000522,0.0,6.0,0.0,6.0
PH201700000523,0.0,0.0,0.0,0.0
PH201700000524,0.0,0.0,0.0,0.0
PH201700000525,0.0,0.0,0.0,0.0
PH201700000526,0.0,6.0,0.0,6.0
PH201700000527,0.0,1.0,0.0,1.0
PH201700000528,0.0,0.0,1.0,1.0
PH201700000529,0.0,0.0,0.0,0.0
PH201700000530,0.0,1.0,0.0,1.0
PH201700000531,0.0,0.0,0.0,0.0
PH201700000532,0.0,0.0,0.0,0.0
PH201700000533,0.0,2.0,0.0,2.0
PH201700000534,0.0,13.0,0.0,13.0
PH201700000535,0.0,0.0,0.0,0.0
PH201700000536,0.0,8.0,0.0,8.0
PH201700000537,1.0,1.0,0.0,2.0
PH201700000538,0.0,0.0,0.0,0.0
PH201700000539,0.0,0.0,0.0,0.0
PH201700000540,1.0,0.0,0.0,1.0
PH201700000541,0.0,1.0,0.0,1.0
PH201700000542,1.0,6.0,0.0,7.0
PH201700000543,0.0,1.0,0.0,1.0
PH201700000544,16.0,15.0,0.0,31.0
PH201700000545,2.0,16.0,0.0,18.0
PH201700000546,1.0,10.0,0.0,11.0
PH201700000547,0.0,3.0,0.0,3.0
PH201700000548,32.0,21.0,0.0,53.0
PH201700000549,5.0,7.0,0.0,12.0
PH201700000550,1.0,5.0,0.0,6.0
PH201700000551,1.0,0.0,0.0,1.0
PH201700000552,0.0,0.0,0.0,0.0
PH201700000553,1.0,0.0,0.0,1.0
PH201700000554,0.0,1.0,0.0,1.0
PH201700000555,0.0,1.0,0.0,1.0
PH201700000556,5.0,0.0,0.0,5.0
PH201700000557,0.0,0.0,0.0,0.0
PH201700000558,3.0,37.0,0.0,40.0
PH201700000559,0.0,1.0,0.0,1.0
PH201700000560,0.0,0.0,0.0,0.0
PH201700000561,7.0,48.0,0.0,55.0
PH201700000562,1.0,0.0,0.0,1.0
PH201700000563,0.0,0.0,0.0,0.0
PH201700000564,0.0,1.0,0.0,1.0
PH201700000565,1.0,12.0,0.0,13.0
PH201700000566,0.0,12.0,0.0,12.0
PH201700000567,0.0,0.0,0.0,0.0
PH201700000568,1.0,4.0,0.0,5.0
PH201700000569,1.0,2.0,0.0,3.0
PH201700000570,0.0,4.0,0.0,4.0
PH201700000571,0.0,0.0,0.0,0.0
PH201700000572,1.0,4.0,0.0,5.0
PH201700000573,0.0,12.0,0.0,12.0
PH201700000574,0.0,7.0,0.0,7.0
PH201700000575,0.0,7.0,0.0,7.0
PH201700000576,0.0,7.0,0.0,7.0
PH201700000577,0.0,3.0,0.0,3.0
PH201700000578,3.0,15.0,1.0,19.0
PH201700000579,0.0,9.0,0.0,9.0
PH201700000580,0.0,9.0,0.0,9.0
PH201700000581,0.0,10.0,0.0,10.0
PH201700000582,0.0,0.0,0.0,0.0
PH201700000583,0.0,0.0,0.0,0.0
PH201700000584,0.0,0.0,0.0,0.0
PH201700000585,0.0,0.0,0.0,0.0
PH201700000586,0.0,0.0,0.0,0.0
PH201700000587,0.0,7.0,0.0,7.0
PH201700000588,0.0,0.0,0.0,0.0
PH201700000589,0.0,0.0,0.0,0.0
PH201700000590,0.0,0.0,0.0,0.0
PH201700000591,0.0,0.0,0.0,0.0
PH201700000592,0.0,10.0,0.0,10.0
PH201700000593,0.0,7.0,0.0,7.0
PH201700000606,3.0,82.0,0.0,85.0
PH201700000607,4.0,92.0,0.0,96.0
PH201700000608,0.0,1.0,0.0,1.0
PH201700000609,1.0,20.0,0.0,21.0
PH201700000610,0.0,9.0,0.0,9.0
PH201700000611,0.0,2.0,0.0,2.0
PH201700000612,11.0,218.0,0.0,229.0
PH201700000613,4.0,89.0,0.0,93.0
PH201700000614,1.0,98.0,0.0,99.0
PH201700000615,0.0,8.0,0.0,8.0
PH201700000616,2.0,23.0,0.0,25.0
PH201700000617,0.0,9.0,0.0,9.0
PH201700000618,0.0,0.0,0.0,0.0
PH201700000619,0.0,0.0,0.0,0.0
PH201700000620,2.0,122.0,0.0,124.0
PH201700000621,0.0,9.0,0.0,9.0
PH201700000622,2.0,18.0,0.0,20.0
PH201700000623,4.0,88.0,0.0,92.0
PH201700000624,0.0,3.0,0.0,3.0
PH201700000625,3.0,33.0,0.0,36.0
PH201700000626,0.0,0.0,0.0,0.0
PH201700000627,0.0,10.0,0.0,10.0
PH201700000628,2.0,38.0,0.0,40.0
PH201700000629,0.0,14.0,0.0,14.0
PH201700000630,5.0,22.0,0.0,27.0
PH201700000631,5.0,4.0,0.0,9.0
PH201700000632,2.0,3.0,0.0,5.0
PH201700000633,0.0,3.0,0.0,3.0
PH201700000634,3.0,6.0,1.0,10.0
PH201700000635,0.0,3.0,0.0,3.0
PH201700000636,0.0,4.0,0.0,4.0
PH201700000637,0.0,1.0,0.0,1.0
PH201700000638,0.0,7.0,0.0,7.0
PH201700000639,0.0,1.0,0.0,1.0
PH201700000640,0.0,0.0,0.0,0.0
PH201700000641,0.0,0.0,0.0,0.0
PH201700000642,0.0,2.0,0.0,2.0
PH201700000643,0.0,0.0,0.0,0.0
PH201700000644,0.0,0.0,0.0,0.0
PH201700000645,0.0,0.0,0.0,0.0
PH201700000646,0.0,0.0,0.0,0.0
PH201700000647,0.0,1.0,0.0,1.0
PH201700000648,0.0,0.0,0.0,0.0
PH201700000649,0.0,4.0,0.0,4.0
PH201700000650,0.0,1.0,0.0,1.0
PH201700000651,0.0,0.0,1.0,1.0
PH201700000652,0.0,17.0,0.0,17.0
PH201700000653,2.0,43.0,0.0,45.0
PH201700000654,0.0,0.0,0.0,0.0
PH201700000655,2.0,5.0,0.0,7.0
PH201700000656,0.0,0.0,0.0,0.0
PH201700000657,2.0,23.0,0.0,25.0
PH201700000658,1.0,32.0,0.0,33.0
PH201700000727,0.0,0.0,0.0,0.0
PH201700000728,0.0,0.0,0.0,0.0
PH201700000729,0.0,0.0,0.0,0.0
PH201700000730,0.0,1.0,0.0,1.0
PH201700000731,7.0,5.0,0.0,12.0
PH201700000732,0.0,0.0,0.0,0.0
PH201700000733,1.0,1.0,0.0,2.0
PH201700000734,0.0,6.0,1.0,7.0
PH201700000735,0.0,0.0,0.0,0.0
PH201700000736,0.0,0.0,0.0,0.0
PH201700000737,1.0,0.0,0.0,1.0
PH201700000738,0.0,0.0,0.0,0.0
PH201700000739,0.0,0.0,0.0,0.0
PH201700000740,0.0,0.0,0.0,0.0
PH201700000741,0.0,3.0,0.0,3.0
PH201700000742,2.0,9.0,1.0,12.0
PH201700000743,1.0,4.0,1.0,6.0
PH201700000744,1.0,0.0,1.0,2.0
PH201700000745,0.0,2.0,0.0,2.0
PH201700000746,1.0,0.0,0.0,1.0
PH201700000747,0.0,0.0,0.0,0.0
PH201700000748,2.0,11.0,1.0,14.0
PH201700000749,2.0,0.0,1.0,3.0
PH201700000750,2.0,11.0,1.0,14.0
PH201700000751,0.0,0.0,0.0,0.0
PH201700000752,0.0,2.0,0.0,2.0
PH201700000753,0.0,1.0,0.0,1.0
PH201700000754,0.0,4.0,0.0,4.0
PH201700000755,0.0,0.0,0.0,0.0
PH201700000757,0.0,2.0,0.0,2.0
PH201700000758,0.0,4.0,1.0,5.0
PH201700000759,0.0,0.0,0.0,0.0
PH201700000760,0.0,19.0,0.0,19.0
PH201700000761,0.0,0.0,0.0,0.0
PH201700000762,0.0,4.0,0.0,4.0
PH201700000763,0.0,0.0,0.0,0.0
PH201700000764,0.0,0.0,0.0,0.0
PH201700000765,0.0,0.0,0.0,0.0
PH201700000766,2.0,4.0,0.0,6.0
PH201700000767,1.0,0.0,0.0,1.0
PH201700000768,0.0,1.0,1.0,2.0
PH201700000769,0.0,0.0,0.0,0.0
PH201700000770,0.0,0.0,0.0,0.0
PH201700000771,0.0,0.0,0.0,0.0
PH201700000772,2.0,4.0,0.0,6.0
PH201700000773,0.0,0.0,0.0,0.0
PH201700000774,0.0,0.0,0.0,0.0
PH201700000775,0.0,0.0,0.0,0.0
PH201700000776,0.0,0.0,0.0,0.0
PH201700000777,0.0,0.0,0.0,0.0
PH201700000778,0.0,0.0,0.0,0.0
PH201700000779,0.0,0.0,0.0,0.0
PH201700000781,0.0,0.0,0.0,0.0
PH201700000782,0.0,0.0,0.0,0.0
PH201700000783,0.0,0.0,0.0,0.0
PH201700000784,0.0,0.0,0.0,0.0
PH201700000785,0.0,1.0,0.0,1.0
PH201700000787,2.0,2.0,0.0,4.0
PH201700000788,0.0,0.0,1.0,1.0
PH201700000789,0.0,6.0,0.0,6.0
PH201700000790,0.0,2.0,0.0,2.0
PH201700000791,0.0,2.0,0.0,2.0
PH201700000792,0.0,0.0,0.0,0.0
PH201700000793,0.0,0.0,0.0,0.0
PH201700000794,2.0,4.0,0.0,6.0
PH201700000795,0.0,0.0,0.0,0.0
PH201700000796,0.0,0.0,0.0,0.0
PH201700000797,0.0,1.0,0.0,1.0
PH201700000798,0.0,0.0,0.0,0.0
PH201700000346,0.0,12.0,0.0,12.0
PH201700000347,0.0,0.0,0.0,0.0
PH201700000348,0.0,1.0,0.0,1.0
PH201700000349,1.0,0.0,0.0,1.0
PH201700000350,0.0,1.0,0.0,1.0
PH201700000351,0.0,0.0,0.0,0.0
PH201700000352,0.0,0.0,0.0,0.0
PH201700000353,0.0,0.0,0.0,0.0
PH201700000354,0.0,0.0,0.0,0.0
PH201700000355,0.0,0.0,0.0,0.0
PH201700000356,1.0,4.0,0.0,5.0
PH201700000357,0.0,0.0,0.0,0.0
PH201700000358,3.0,2.0,0.0,5.0
PH201700000359,0.0,0.0,0.0,0.0
PH201700000360,5.0,92.0,3.0,100.0
PH201700000361,0.0,0.0,0.0,0.0
PH201700000362,0.0,10.0,0.0,10.0
PH201700000363,2.0,48.0,1.0,51.0
PH201700000364,0.0,0.0,0.0,0.0
PH201700000365,0.0,0.0,0.0,0.0
PH201700000366,0.0,0.0,0.0,0.0
PH201700000367,3.0,0.0,0.0,3.0
PH201700000368,0.0,23.0,0.0,23.0
PH201700000369,5.0,70.0,2.0,77.0
PH201700000370,3.0,35.0,0.0,38.0
PH201700000371,0.0,0.0,0.0,0.0
PH201700000372,1.0,0.0,0.0,1.0
PH201700000373,2.0,38.0,1.0,41.0
PH201700000799,0.0,0.0,0.0,0.0
PH201700000800,4.0,13.0,1.0,18.0
PH201700000801,0.0,1.0,0.0,1.0
PH201700000802,1.0,1.0,0.0,2.0
PH201700000803,0.0,4.0,0.0,4.0
PH201700000804,0.0,0.0,0.0,0.0
PH201700000805,4.0,13.0,1.0,18.0
PH201700000806,1.0,0.0,0.0,1.0
PH201700000807,1.0,2.0,2.0,5.0
PH201700000808,0.0,1.0,0.0,1.0
PH201700000809,0.0,1.0,0.0,1.0
PH201700000810,0.0,2.0,0.0,2.0
PH201700000811,0.0,0.0,0.0,0.0
PH201700000812,0.0,0.0,0.0,0.0
PH201700000813,0.0,0.0,0.0,0.0
PH201700000814,0.0,0.0,0.0,0.0
PH201700000815,0.0,0.0,0.0,0.0
PH201700000816,0.0,0.0,0.0,0.0
PH201700000817,0.0,0.0,0.0,0.0
PH201700000818,0.0,3.0,1.0,4.0
PH201700000819,0.0,0.0,0.0,0.0
PH201700000820,0.0,0.0,0.0,0.0
PH201700000821,0.0,0.0,0.0,0.0
PH201700000822,0.0,0.0,0.0,0.0
PH201700000823,1.0,2.0,0.0,3.0
PH201700000824,0.0,0.0,0.0,0.0
PH201700000825,0.0,0.0,0.0,0.0
PH201700000826,0.0,0.0,0.0,0.0
PH201700000827,0.0,0.0,0.0,0.0
PH201700000828,0.0,0.0,0.0,0.0
PH201700000829,2.0,0.0,0.0,2.0
PH201700000830,0.0,0.0,0.0,0.0
PH201700000831,0.0,0.0,0.0,0.0
PH201700000832,0.0,2.0,2.0,4.0
PH201700000834,0.0,1.0,0.0,1.0
PH201700000835,1.0,22.0,8.0,31.0
PH201700000836,2.0,0.0,0.0,2.0
PH201700000837,0.0,0.0,0.0,0.0
PH201700000838,0.0,0.0,0.0,0.0
PH201700000839,2.0,0.0,0.0,2.0
PH201700000840,0.0,0.0,1.0,1.0
PH201700000841,0.0,0.0,0.0,0.0
PH201700000842,0.0,0.0,0.0,0.0
PH201700000843,0.0,0.0,0.0,0.0
PH201700000844,2.0,0.0,2.0,4.0
PH201700000845,1.0,0.0,0.0,1.0
PH201700000846,1.0,0.0,0.0,1.0
PH201700000847,0.0,13.0,0.0,13.0
PH201700000848,2.0,21.0,0.0,23.0
PH201700000849,0.0,16.0,0.0,16.0
PH201700000850,1.0,19.0,5.0,25.0
PH201700000851,0.0,2.0,0.0,2.0
PH201700000852,3.0,50.0,5.0,58.0
PH201700000853,2.0,18.0,0.0,20.0
PH201700000854,2.0,29.0,2.0,33.0
PH201700000855,0.0,0.0,0.0,0.0
PH201700000856,0.0,7.0,0.0,7.0
PH201700000857,0.0,11.0,0.0,11.0
PH201700000858,0.0,0.0,0.0,0.0
PH201700000859,0.0,2.0,0.0,2.0
PH201700000860,0.0,1.0,1.0,2.0
PH201700000861,0.0,1.0,0.0,1.0
PH201700000862,0.0,1.0,0.0,1.0
PH201700000863,0.0,0.0,0.0,0.0
PH201700000864,0.0,0.0,0.0,0.0
PH201700000865,0.0,0.0,0.0,0.0
PH201700000866,0.0,2.0,0.0,2.0
PH201700000374,0.0,2.0,0.0,2.0
PH201700000375,0.0,1.0,0.0,1.0
PH201700000376,0.0,0.0,0.0,0.0
PH201700000377,4.0,9.0,2.0,15.0
PH201700000378,0.0,1.0,0.0,1.0
PH201700000379,0.0,0.0,0.0,0.0
PH201700000380,0.0,1.0,0.0,1.0
PH201700000381,0.0,0.0,0.0,0.0
PH201700000382,0.0,0.0,0.0,0.0
PH201700000383,0.0,2.0,0.0,2.0
PH201700000384,0.0,1.0,0.0,1.0
PH201700000385,0.0,0.0,0.0,0.0
PH201700000867,0.0,0.0,0.0,0.0
PH201700000868,0.0,0.0,0.0,0.0
PH201700000869,0.0,2.0,0.0,2.0
PH201700000870,0.0,0.0,0.0,0.0
PH201700000871,0.0,2.0,1.0,3.0
PH201700000872,0.0,0.0,0.0,0.0
PH201700000873,0.0,0.0,0.0,0.0
PH201700000875,3.0,0.0,0.0,3.0
PH201700000876,2.0,31.0,0.0,33.0
PH201700000877,0.0,1.0,1.0,2.0
PH201700000878,0.0,5.0,0.0,5.0
PH201700000879,0.0,0.0,0.0,0.0
PH201700000880,1.0,32.0,4.0,37.0
PH201700000881,1.0,2.0,0.0,3.0
PH201700000882,1.0,34.0,9.0,44.0
PH201700000883,0.0,0.0,0.0,0.0
PH201700000884,0.0,4.0,0.0,4.0
PH201700000885,0.0,4.0,0.0,4.0
PH201700000886,1.0,20.0,8.0,29.0
PH201700000887,6.0,2.0,0.0,8.0
PH201700000888,23.0,3.0,0.0,26.0
PH201700000889,8.0,8.0,0.0,16.0
PH201700000890,1.0,0.0,0.0,1.0
PH201700000891,8.0,9.0,0.0,17.0
PH201700000892,4.0,7.0,2.0,13.0
PH201700000893,2.0,13.0,4.0,19.0
PH201700000894,0.0,1.0,2.0,3.0
PH201700000895,0.0,2.0,0.0,2.0
PH201700000896,0.0,4.0,0.0,4.0
PH201700000897,0.0,4.0,0.0,4.0
PH201700000898,0.0,1.0,0.0,1.0
PH201700000899,3.0,12.0,2.0,17.0
PH201700000900,0.0,9.0,0.0,9.0
PH201700000901,1.0,27.0,3.0,31.0
PH201700000902,3.0,14.0,1.0,18.0
PH201700000903,16.0,7.0,4.0,27.0
PH201700000904,16.0,6.0,1.0,23.0
PH201700000905,0.0,1.0,1.0,2.0
PH201700000906,0.0,2.0,0.0,2.0
PH201700000907,0.0,1.0,0.0,1.0
PH201700000908,0.0,2.0,0.0,2.0
PH201700000909,0.0,2.0,2.0,4.0
PH201700000910,0.0,0.0,0.0,0.0
PH201700000911,0.0,0.0,0.0,0.0
PH201700000912,0.0,2.0,0.0,2.0
PH201700000913,1.0,2.0,2.0,5.0
PH201700000914,0.0,0.0,0.0,0.0
PH201700000915,0.0,0.0,2.0,2.0
PH201700000916,1.0,1.0,2.0,4.0
PH201700000917,1.0,0.0,0.0,1.0
PH201700000918,0.0,0.0,0.0,0.0
PH201700000919,0.0,0.0,0.0,0.0
PH201700000920,0.0,0.0,0.0,0.0
PH201700000921,0.0,1.0,2.0,3.0
PH201700000922,0.0,0.0,0.0,0.0
PH201700000923,1.0,1.0,2.0,4.0
PH201700000924,0.0,0.0,2.0,2.0
PH201700000925,0.0,0.0,0.0,0.0
PH201700000926,0.0,0.0,0.0,0.0
PH201700000927,0.0,2.0,0.0,2.0
PH201700000928,0.0,2.0,0.0,2.0
PH201700000929,0.0,0.0,0.0,0.0
PH201700000930,0.0,0.0,0.0,0.0
PH201700000931,0.0,0.0,0.0,0.0
PH201700000932,0.0,0.0,0.0,0.0
PH201700000933,0.0,0.0,0.0,0.0
PH201700000934,0.0,0.0,0.0,0.0
PH201700000935,0.0,0.0,0.0,0.0
PH201700000936,0.0,0.0,0.0,0.0
PH201700000937,0.0,0.0,0.0,0.0
PH201700000938,0.0,0.0,0.0,0.0
PH201700000939,0.0,0.0,0.0,0.0
PH201700000940,0.0,0.0,0.0,0.0
PH201700000941,0.0,0.0,0.0,0.0
PH201700000942,1.0,0.0,0.0,1.0
PH201700000943,0.0,0.0,0.0,0.0
PH201700000944,0.0,0.0,0.0,0.0
PH201700000945,0.0,0.0,0.0,0.0
PH201700000946,0.0,1.0,0.0,1.0
PH201700000947,0.0,9.0,0.0,9.0
PH201700000948,0.0,0.0,0.0,0.0
PH201700000949,3.0,3.0,0.0,6.0
PH201700000950,0.0,0.0,0.0,0.0
PH201700000951,2.0,15.0,2.0,19.0
PH201700000952,0.0,0.0,0.0,0.0
PH201700000953,0.0,11.0,1.0,12.0
PH201700000954,2.0,14.0,2.0,18.0
PH201700000955,0.0,2.0,0.0,2.0
PH201700000956,2.0,15.0,2.0,19.0
PH201700000957,0.0,1.0,0.0,1.0
PH201700000958,2.0,13.0,2.0,17.0
PH201700000959,0.0,0.0,0.0,0.0
PH201700000960,0.0,0.0,0.0,0.0
PH201700000961,1.0,4.0,0.0,5.0
PH201700000962,0.0,0.0,0.0,0.0
PH201700000963,0.0,0.0,0.0,0.0
PH201700000964,0.0,1.0,0.0,1.0
PH201700000965,0.0,0.0,0.0,0.0
PH201700000966,0.0,0.0,0.0,0.0
PH201700000967,1.0,0.0,0.0,1.0
PH201700000968,0.0,0.0,0.0,0.0
PH201700000969,0.0,0.0,0.0,0.0
PH201700000970,0.0,0.0,0.0,0.0
PH201700000971,0.0,0.0,0.0,0.0
PH201700000972,0.0,0.0,0.0,0.0
PH201700000973,1.0,0.0,0.0,1.0
PH201700000974,0.0,1.0,1.0,2.0
PH201700000975,0.0,0.0,0.0,0.0
PH201700000976,0.0,0.0,0.0,0.0
PH201700000977,0.0,1.0,3.0,4.0
PH201700000978,1.0,0.0,0.0,1.0
PH201700000979,0.0,0.0,0.0,0.0
PH201700000980,1.0,8.0,0.0,9.0
PH201700000981,0.0,1.0,1.0,2.0
PH201700000982,0.0,0.0,0.0,0.0
PH201700000983,0.0,3.0,0.0,3.0
PH201700000984,0.0,2.0,1.0,3.0
PH201700000985,0.0,0.0,0.0,0.0
PH201700000986,0.0,0.0,0.0,0.0
PH201700000987,0.0,1.0,0.0,1.0
PH201700000988,0.0,0.0,0.0,0.0
PH201700000989,0.0,2.0,0.0,2.0
PH201700000990,0.0,1.0,0.0,1.0
PH201700000991,0.0,1.0,0.0,1.0
PH201700000992,0.0,3.0,0.0,3.0
PH201700000993,0.0,0.0,0.0,0.0
PH201700000994,0.0,1.0,0.0,1.0
PH201700000995,2.0,8.0,2.0,12.0
PH201700000996,0.0,0.0,0.0,0.0
PH201700000997,0.0,0.0,3.0,3.0
PH201700000998,0.0,0.0,0.0,0.0
PH201700000999,0.0,1.0,0.0,1.0
PH201700001000,0.0,0.0,1.0,1.0
PH201700001001,2.0,7.0,0.0,9.0
PH201700001002,0.0,0.0,4.0,4.0
PH201700001003,0.0,0.0,0.0,0.0
PH201700001004,0.0,3.0,0.0,3.0
PH201700001005,0.0,0.0,1.0,1.0
PH201700001006,0.0,0.0,0.0,0.0
PH201700000013,0.0,3.0,2.0,5.0
PH201700000014,0.0,3.0,2.0,5.0
PH201700000015,0.0,2.0,2.0,4.0
PH201700000016,0.0,3.0,2.0,5.0
PH201700000017,0.0,2.0,2.0,4.0
PH201700000018,0.0,3.0,2.0,5.0
PH201700001007,2.0,1.0,0.0,3.0
PH201700001008,0.0,1.0,0.0,1.0
PH201700001009,0.0,0.0,0.0,0.0
PH201700001010,0.0,1.0,0.0,1.0
PH201700001011,0.0,0.0,0.0,0.0
PH201700001012,0.0,0.0,0.0,0.0
PH201700001013,0.0,0.0,0.0,0.0
PH201700001014,0.0,0.0,0.0,0.0
PH201700001015,0.0,0.0,0.0,0.0
PH201700001016,0.0,0.0,0.0,0.0
PH201700001017,0.0,0.0,0.0,0.0
PH201700001018,0.0,0.0,0.0,0.0
PH201700001019,0.0,0.0,0.0,0.0
PH201700001020,0.0,1.0,0.0,1.0
PH201700001021,0.0,0.0,0.0,0.0
PH201700001022,0.0,0.0,0.0,0.0
PH201700001023,0.0,0.0,0.0,0.0
PH201700001024,0.0,0.0,0.0,0.0
PH201700001025,0.0,3.0,1.0,4.0
PH201700001026,0.0,0.0,0.0,0.0
PH201700001027,0.0,0.0,0.0,0.0
PH201700001028,2.0,2.0,0.0,4.0
PH201700001029,0.0,1.0,0.0,1.0
PH201700001030,0.0,0.0,0.0,0.0
PH201700001031,0.0,0.0,0.0,0.0
PH201700001032,0.0,0.0,0.0,0.0
PH201700001033,0.0,0.0,0.0,0.0
PH201700001034,0.0,1.0,0.0,1.0
PH201700001035,7.0,0.0,0.0,7.0
PH201700001036,13.0,0.0,1.0,14.0
PH201700001037,3.0,0.0,0.0,3.0
PH201700001038,0.0,0.0,1.0,1.0
PH201700001039,0.0,0.0,0.0,0.0
PH201700001040,0.0,0.0,0.0,0.0
PH201700001041,0.0,0.0,0.0,0.0
PH201700001042,0.0,0.0,0.0,0.0
PH201700001043,0.0,1.0,0.0,1.0
PH201700001044,1.0,1.0,0.0,2.0
PH201700001045,0.0,0.0,0.0,0.0
PH201700001046,2.0,1.0,0.0,3.0
PH201700001047,0.0,0.0,0.0,0.0
PH201700001048,0.0,1.0,0.0,1.0
PH201700001049,0.0,0.0,0.0,0.0
PH201700001050,0.0,0.0,0.0,0.0
PH201700001051,0.0,7.0,0.0,7.0
PH201700001052,0.0,0.0,0.0,0.0
PH201700001053,0.0,0.0,0.0,0.0
PH201700001054,0.0,0.0,0.0,0.0
PH201700001055,0.0,1.0,0.0,1.0
PH201700001056,0.0,0.0,0.0,0.0
PH201700001057,0.0,0.0,0.0,0.0
PH201700001058,0.0,0.0,0.0,0.0
PH201700001059,0.0,0.0,0.0,0.0
PH201700001060,0.0,4.0,0.0,4.0
PH201700001061,1.0,0.0,0.0,1.0
PH201700001062,0.0,2.0,0.0,2.0
PH201700001063,0.0,4.0,0.0,4.0
PH201700001064,0.0,4.0,1.0,5.0
PH201700001065,0.0,3.0,0.0,3.0
PH201700001066,0.0,0.0,0.0,0.0
PH201700001067,1.0,0.0,0.0,1.0
PH201700001068,1.0,0.0,0.0,1.0
PH201700001069,0.0,1.0,1.0,2.0
PH201700001070,0.0,0.0,0.0,0.0
PH201700001071,0.0,1.0,0.0,1.0
PH201700001072,2.0,0.0,0.0,2.0
PH201700001073,0.0,0.0,0.0,0.0
PH201700001074,0.0,0.0,0.0,0.0
PH201700001075,0.0,0.0,0.0,0.0
PH201700001076,0.0,0.0,0.0,0.0
PH201700001077,0.0,0.0,0.0,0.0
PH201700001078,2.0,1.0,0.0,3.0
PH201700001079,0.0,0.0,0.0,0.0
PH201700001080,0.0,0.0,0.0,0.0
PH201700001081,0.0,0.0,0.0,0.0
PH201700001082,0.0,0.0,0.0,0.0
PH201700001083,0.0,0.0,0.0,0.0
PH201700001084,0.0,1.0,0.0,1.0
PH201700001085,0.0,0.0,0.0,0.0
PH201700001086,0.0,0.0,0.0,0.0
PH201700001087,0.0,1.0,0.0,1.0
PH201700001088,0.0,1.0,0.0,1.0
PH201700001089,0.0,1.0,0.0,1.0
PH201700001090,0.0,0.0,0.0,0.0
PH201700001091,0.0,0.0,0.0,0.0
PH201700001092,1.0,1.0,1.0,3.0
PH201700001093,1.0,1.0,1.0,3.0
PH201700001094,0.0,0.0,0.0,0.0
PH201700001095,0.0,0.0,0.0,0.0
PH201700001096,0.0,15.0,0.0,15.0
PH201700001097,0.0,0.0,0.0,0.0
PH201700001098,0.0,0.0,0.0,0.0
PH201700001099,0.0,27.0,4.0,31.0
PH201700001100,0.0,31.0,4.0,35.0
PH201700001101,0.0,0.0,0.0,0.0
PH201700001102,0.0,18.0,4.0,22.0
PH201700001103,0.0,1.0,0.0,1.0
PH201700001104,0.0,2.0,0.0,2.0
PH201700001105,0.0,0.0,0.0,0.0
PH201700001106,0.0,0.0,0.0,0.0
PH201700001107,0.0,0.0,1.0,1.0
PH201700001108,2.0,0.0,0.0,2.0
PH201700001109,0.0,0.0,0.0,0.0
PH201700001110,0.0,2.0,0.0,2.0
PH201700001111,0.0,1.0,0.0,1.0
PH201700001112,0.0,0.0,0.0,0.0
PH201700001113,2.0,2.0,0.0,4.0
PH201700001114,2.0,2.0,0.0,4.0
PH201700001115,2.0,1.0,0.0,3.0
PH201700001116,0.0,1.0,2.0,3.0
PH201700001117,0.0,1.0,3.0,4.0
PH201700001118,2.0,1.0,0.0,3.0
PH201700001119,2.0,1.0,0.0,3.0
PH201700001120,0.0,0.0,0.0,0.0
PH201700001121,0.0,0.0,0.0,0.0
PH201700001122,0.0,0.0,0.0,0.0
PH201700001123,0.0,0.0,0.0,0.0
PH201700001124,2.0,1.0,0.0,3.0
PH201700001125,0.0,0.0,0.0,0.0
PH201700001126,0.0,0.0,0.0,0.0
PH201700001127,0.0,1.0,0.0,1.0
PH201700001128,0.0,0.0,0.0,0.0
PH201700001129,0.0,0.0,0.0,0.0
PH201700001130,0.0,0.0,0.0,0.0
PH201700001131,0.0,0.0,0.0,0.0
PH201700001132,0.0,1.0,0.0,1.0
PH201700001133,0.0,0.0,0.0,0.0
PH201700001134,0.0,1.0,0.0,1.0
PH201700001135,0.0,0.0,0.0,0.0
PH201700001136,0.0,0.0,0.0,0.0
PH201700001137,1.0,1.0,0.0,2.0
PH201700001138,0.0,0.0,0.0,0.0
PH201700001139,0.0,9.0,0.0,9.0
PH201700001140,0.0,0.0,0.0,0.0
PH201700001141,0.0,0.0,0.0,0.0
PH201700001142,0.0,0.0,0.0,0.0
PH201700001143,0.0,2.0,0.0,2.0
PH201700001144,0.0,0.0,0.0,0.0
PH201700001145,0.0,10.0,0.0,10.0
PH201700001146,0.0,0.0,0.0,0.0
PH201700001147,0.0,0.0,0.0,0.0
PH201700001148,0.0,5.0,0.0,5.0
PH201700001149,0.0,1.0,0.0,1.0
PH201700001150,0.0,1.0,0.0,1.0
PH201700001151,2.0,5.0,0.0,7.0
PH201700001152,23.0,2.0,5.0,30.0
PH201700001153,0.0,0.0,0.0,0.0
PH201700001154,0.0,0.0,0.0,0.0
PH201700001155,0.0,7.0,0.0,7.0
PH201700001156,1.0,16.0,2.0,19.0
PH201700001157,0.0,16.0,2.0,18.0
PH201700001158,0.0,0.0,0.0,0.0
PH201700001159,0.0,3.0,0.0,3.0
PH201700001160,0.0,2.0,0.0,2.0
PH201700001161,0.0,1.0,0.0,1.0
PH201700001162,0.0,1.0,0.0,1.0
PH201700001163,0.0,0.0,0.0,0.0
PH201700001164,0.0,0.0,0.0,0.0
PH201700001165,0.0,2.0,0.0,2.0
PH201700001166,0.0,0.0,0.0,0.0
PH201700001167,0.0,0.0,0.0,0.0
PH201700001168,0.0,0.0,0.0,0.0
PH201700001169,0.0,0.0,0.0,0.0
PH201700001170,0.0,0.0,0.0,0.0
PH201700001171,1.0,1.0,0.0,2.0
PH201700001172,0.0,0.0,0.0,0.0
PH201700001173,0.0,0.0,0.0,0.0
PH201700001174,0.0,0.0,0.0,0.0
PH201700001175,0.0,0.0,0.0,0.0
PH201700001176,0.0,0.0,0.0,0.0
PH201700001177,1.0,1.0,0.0,2.0
PH201700001178,0.0,0.0,0.0,0.0
PH201700001179,0.0,0.0,0.0,0.0
PH201700001180,0.0,0.0,0.0,0.0
PH201700001181,0.0,0.0,0.0,0.0
PH201700001182,0.0,0.0,0.0,0.0
PH201700001183,0.0,8.0,0.0,8.0
PH201700001184,0.0,0.0,0.0,0.0
PH201700001185,0.0,1.0,0.0,1.0
PH201700001186,0.0,3.0,0.0,3.0
PH201700001187,0.0,2.0,0.0,2.0
PH201700001188,0.0,0.0,0.0,0.0
PH201700001189,0.0,0.0,0.0,0.0
PH201700001190,0.0,0.0,0.0,0.0
PH201700001191,0.0,1.0,0.0,1.0
PH201700001192,0.0,3.0,0.0,3.0
PH201700001193,0.0,0.0,0.0,0.0
PH201700001194,0.0,0.0,0.0,0.0
PH201700000043,0.0,1.0,0.0,1.0
PH201700000044,1.0,3.0,0.0,4.0
PH201700000045,1.0,3.0,0.0,4.0
PH201700000046,1.0,1.0,0.0,2.0
PH201700000047,3.0,4.0,0.0,7.0
PH201700001195,0.0,0.0,0.0,0.0
PH201700001196,0.0,1.0,0.0,1.0
PH201700001198,0.0,2.0,0.0,2.0
PH201700001199,0.0,1.0,0.0,1.0
PH201700001200,0.0,2.0,0.0,2.0
PH201700001201,0.0,1.0,0.0,1.0
PH201700001202,0.0,0.0,0.0,0.0
PH201700001203,0.0,0.0,0.0,0.0
PH201700001204,1.0,0.0,0.0,1.0
PH201700001205,0.0,0.0,0.0,0.0
PH201700001206,0.0,0.0,0.0,0.0
PH201700001207,0.0,0.0,0.0,0.0
PH201700001208,1.0,0.0,0.0,1.0
PH201700001210,0.0,1.0,0.0,1.0
PH201700001211,0.0,0.0,0.0,0.0
PH201700001212,0.0,0.0,0.0,0.0
PH201700001214,0.0,0.0,0.0,0.0
PH201700001216,0.0,0.0,0.0,0.0
PH201700001217,0.0,1.0,0.0,1.0
PH201700001218,0.0,1.0,0.0,1.0
PH201700001219,0.0,2.0,0.0,2.0
PH201700001220,2.0,0.0,0.0,2.0
PH201700001221,0.0,2.0,1.0,3.0
PH201700001222,0.0,3.0,1.0,4.0
PH201700001223,0.0,1.0,0.0,1.0
PH201700001224,1.0,0.0,1.0,2.0
PH201700001225,1.0,1.0,1.0,3.0
PH201700001226,0.0,0.0,0.0,0.0
PH201700001227,0.0,0.0,0.0,0.0
PH201700001228,0.0,0.0,0.0,0.0
PH201700001229,0.0,0.0,0.0,0.0
PH201700001230,0.0,1.0,0.0,1.0
PH201700001231,1.0,0.0,0.0,1.0
PH201700001232,0.0,0.0,0.0,0.0
PH201700001233,0.0,3.0,0.0,3.0
PH201700001234,0.0,0.0,0.0,0.0
PH201700001235,0.0,0.0,0.0,0.0
PH201700001236,0.0,0.0,0.0,0.0
PH201700001237,0.0,1.0,0.0,1.0
PH201700001238,0.0,4.0,0.0,4.0
PH201700001239,0.0,0.0,0.0,0.0
PH201700001240,0.0,0.0,0.0,0.0
PH201700001241,0.0,0.0,0.0,0.0
PH201700001242,0.0,0.0,0.0,0.0
PH201700001243,3.0,0.0,0.0,3.0
PH201700001244,0.0,0.0,0.0,0.0
PH201700001245,0.0,1.0,0.0,1.0
PH201700001246,0.0,1.0,0.0,1.0
PH201700001247,0.0,0.0,0.0,0.0
PH201700001248,0.0,1.0,0.0,1.0
PH201700001249,0.0,0.0,0.0,0.0
PH201700001250,0.0,0.0,0.0,0.0
PH201700000221,0.0,8.0,0.0,8.0
PH201700000222,0.0,0.0,0.0,0.0
PH201700000223,0.0,4.0,0.0,4.0
PH201700000224,0.0,9.0,0.0,9.0
PH201700000225,0.0,7.0,0.0,7.0
PH201700000226,0.0,78.0,0.0,78.0
PH201700000227,1.0,57.0,0.0,58.0
PH201700000228,2.0,15.0,2.0,19.0
PH201700000229,0.0,10.0,4.0,14.0
PH201700000230,1.0,9.0,3.0,13.0
PH201700000231,0.0,22.0,4.0,26.0
PH201700000232,1.0,26.0,4.0,31.0
PH201700000233,2.0,5.0,0.0,7.0
PH201700000234,2.0,29.0,0.0,31.0
PH201700000235,3.0,21.0,0.0,24.0
PH201700000236,3.0,75.0,0.0,78.0
PH201700000237,2.0,63.0,0.0,65.0
PH201700000238,2.0,68.0,0.0,70.0
PH201700000239,2.0,56.0,0.0,58.0
PH201700000240,2.0,46.0,0.0,48.0
PH201700000241,2.0,77.0,0.0,79.0
PH201700000243,2.0,51.0,0.0,53.0
PH201700000244,12.0,79.0,4.0,95.0
PH201700000245,25.0,27.0,0.0,52.0
PH201700000246,17.0,88.0,0.0,105.0
PH201700000247,9.0,110.0,9.0,128.0
PH201700000248,8.0,53.0,2.0,63.0
PH201700000249,1.0,32.0,1.0,34.0
PH201700000250,10.0,79.0,5.0,94.0
PH201700000251,0.0,26.0,1.0,27.0
PH201700000252,8.0,61.0,5.0,74.0
PH201700000253,3.0,56.0,2.0,61.0
PH201700000254,10.0,60.0,5.0,75.0
PH201700000255,6.0,69.0,5.0,80.0
PH201700000256,10.0,68.0,5.0,83.0
PH201700000257,2.0,54.0,13.0,69.0
PH201700000258,2.0,62.0,10.0,74.0
PH201700000259,6.0,59.0,5.0,70.0
PH201700000260,0.0,99.0,0.0,99.0
PH201700000261,3.0,142.0,11.0,156.0
PH201700000262,2.0,250.0,0.0,252.0
PH201700000263,4.0,202.0,5.0,211.0
PH201700000264,3.0,195.0,10.0,208.0
PH201700000265,2.0,66.0,10.0,78.0
PH201700000266,5.0,82.0,9.0,96.0
PH201700000267,4.0,104.0,9.0,117.0
PH201700000268,1.0,17.0,0.0,18.0
PH201700000269,0.0,15.0,0.0,15.0
PH201700000270,1.0,12.0,0.0,13.0
PH201700000271,3.0,5.0,0.0,8.0
PH201700000272,2.0,38.0,0.0,40.0
PH201700000273,3.0,72.0,0.0,75.0
PH201700000274,0.0,34.0,0.0,34.0
PH201700000275,1.0,22.0,0.0,23.0
PH201700000276,0.0,58.0,0.0,58.0
PH201700000277,1.0,67.0,0.0,68.0
PH201700000278,1.0,72.0,0.0,73.0
PH201700000279,0.0,56.0,0.0,56.0
PH201700000280,0.0,43.0,0.0,43.0
PH201700000281,1.0,82.0,0.0,83.0
PH201700000282,0.0,54.0,0.0,54.0
PH201700000283,0.0,37.0,0.0,37.0
PH201700000284,0.0,5.0,4.0,9.0
PH201700000285,0.0,16.0,4.0,20.0
PH201700000286,0.0,24.0,4.0,28.0
PH201700000287,0.0,5.0,4.0,9.0
PH201700000288,0.0,26.0,4.0,30.0
PH201700000289,1.0,41.0,0.0,42.0
PH201700000290,0.0,53.0,0.0,53.0
PH201700000291,1.0,37.0,2.0,40.0
PH201700000292,26.0,32.0,0.0,58.0
PH201700000293,1.0,7.0,0.0,8.0
PH201700000294,56.0,91.0,0.0,147.0
PH201700000295,7.0,36.0,0.0,43.0
PH201700000296,5.0,9.0,0.0,14.0
PH201700000297,1.0,25.0,0.0,26.0
PH201700000298,1.0,22.0,0.0,23.0
PH201700000299,1.0,28.0,0.0,29.0
PH201700000300,18.0,137.0,0.0,155.0
PH201700000301,14.0,81.0,3.0,98.0
PH201700000302,15.0,91.0,3.0,109.0
PH201700000303,19.0,145.0,3.0,167.0
PH201700000304,54.0,110.0,0.0,164.0
PH201700000305,28.0,56.0,0.0,84.0
PH201700000306,69.0,100.0,0.0,169.0
PH201700000307,53.0,114.0,0.0,167.0
PH201700000308,2.0,25.0,0.0,27.0
PH201700000309,3.0,30.0,0.0,33.0
PH201700000310,2.0,18.0,1.0,21.0
PH201700000311,6.0,29.0,3.0,38.0
PH201700000312,1.0,12.0,2.0,15.0
PH201700000313,0.0,11.0,2.0,13.0
PH201700000314,0.0,11.0,1.0,12.0
PH201700000315,0.0,3.0,1.0,4.0
PH201700000316,5.0,54.0,2.0,61.0
PH201700000317,1.0,55.0,1.0,57.0
PH201700000318,0.0,29.0,1.0,30.0
PH201700000319,3.0,31.0,0.0,34.0
PH201700000320,1.0,22.0,0.0,23.0
PH201700000321,4.0,8.0,0.0,12.0
PH201700000322,3.0,20.0,0.0,23.0
PH201700000323,0.0,14.0,0.0,14.0
PH201700000324,2.0,69.0,0.0,71.0
PH201700000325,8.0,65.0,0.0,73.0
PH201700000326,3.0,74.0,1.0,78.0
PH201700000327,12.0,75.0,0.0,87.0
PH201700000328,4.0,69.0,0.0,73.0
PH201700000329,4.0,59.0,4.0,67.0
PH201700000330,0.0,44.0,1.0,45.0
PH201700000331,3.0,42.0,0.0,45.0
PH201700000332,0.0,38.0,0.0,38.0
PH201700000333,44.0,57.0,0.0,101.0
PH201700000334,0.0,30.0,0.0,30.0
PH201700000335,3.0,44.0,0.0,47.0
PH201700000336,3.0,41.0,0.0,44.0
PH201700000337,2.0,14.0,0.0,16.0
PH201700000338,2.0,4.0,0.0,6.0
PH201700000339,0.0,3.0,0.0,3.0
PH201700000340,1.0,5.0,0.0,6.0
PH201700000341,0.0,3.0,0.0,3.0
PH201700000342,1.0,4.0,0.0,5.0
PH201700000343,1.0,5.0,0.0,6.0
PH201700000344,2.0,29.0,0.0,31.0
PH201700000345,2.0,5.0,0.0,7.0
PH201700000220,0.0,8.0,0.0,8.0
PH201700000072,0.0,0.0,0.0,0.0
PH201700000073,0.0,0.0,0.0,0.0
PH201700000074,0.0,0.0,0.0,0.0
PH201700000075,0.0,0.0,0.0,0.0
PH201700000076,0.0,4.0,0.0,4.0
PH201700000077,0.0,0.0,0.0,0.0
PH201700000078,0.0,0.0,0.0,0.0
PH201700000079,0.0,0.0,0.0,0.0
PH201700000080,0.0,4.0,0.0,4.0
PH201700000081,0.0,0.0,0.0,0.0
PH201700000082,0.0,0.0,0.0,0.0
PH201700000083,0.0,0.0,0.0,0.0
PH201700000084,0.0,0.0,0.0,0.0
PH201700000085,0.0,0.0,0.0,0.0
PH201700000086,0.0,0.0,0.0,0.0
PH201700000087,0.0,0.0,0.0,0.0
PH201700000088,0.0,0.0,0.0,0.0
PH201700000089,0.0,0.0,0.0,0.0
PH201700000090,0.0,1.0,0.0,1.0
PH201700000092,0.0,0.0,0.0,0.0
PH201700000093,0.0,0.0,0.0,0.0
PH201700000094,0.0,0.0,0.0,0.0
PH201700000095,0.0,0.0,0.0,0.0
PH201700000096,3.0,37.0,0.0,40.0
PH201700000097,0.0,0.0,0.0,0.0
PH201700000098,4.0,37.0,0.0,41.0
PH201700000099,4.0,37.0,0.0,41.0
PH201700000100,0.0,23.0,0.0,23.0
PH201700000101,4.0,37.0,0.0,41.0
PH201700000102,1.0,11.0,0.0,12.0
PH201700000103,0.0,2.0,0.0,2.0
PH201700000104,0.0,4.0,0.0,4.0
PH201700000105,0.0,1.0,0.0,1.0
PH201700000106,0.0,0.0,0.0,0.0
PH201700000107,1.0,22.0,0.0,23.0
PH201700000108,0.0,1.0,0.0,1.0
PH201700000109,0.0,0.0,0.0,0.0
PH201700000110,0.0,4.0,0.0,4.0
PH201700000111,1.0,0.0,0.0,1.0
PH201700000112,0.0,0.0,0.0,0.0
PH201700000113,0.0,0.0,0.0,0.0
PH201700000114,0.0,0.0,0.0,0.0
PH201700000115,0.0,1.0,0.0,1.0
PH201700000116,0.0,1.0,0.0,1.0
PH201700000117,0.0,2.0,0.0,2.0
PH201700000118,0.0,0.0,0.0,0.0
PH201700000119,0.0,0.0,0.0,0.0
PH201700000120,0.0,0.0,0.0,0.0
PH201700000122,0.0,0.0,0.0,0.0
PH201700000123,0.0,2.0,0.0,2.0
PH201700000124,0.0,2.0,0.0,2.0
PH201700000125,0.0,0.0,0.0,0.0
PH201700000126,0.0,0.0,0.0,0.0
PH201700000127,0.0,0.0,0.0,0.0
PH201700000128,0.0,4.0,0.0,4.0
PH201700000129,0.0,0.0,0.0,0.0
PH201700000130,0.0,0.0,0.0,0.0
PH201700000131,0.0,0.0,0.0,0.0
PH201700000132,0.0,0.0,0.0,0.0
PH201700000133,0.0,0.0,0.0,0.0
PH201700000134,0.0,2.0,0.0,2.0
PH201700000135,0.0,0.0,0.0,0.0
PH201700000136,0.0,0.0,0.0,0.0
PH201700000137,0.0,2.0,0.0,2.0
PH201700000138,0.0,2.0,0.0,2.0
PH201700000139,0.0,2.0,0.0,2.0
PH201700000140,0.0,0.0,0.0,0.0
PH201700000141,0.0,0.0,0.0,0.0
PH201700000142,0.0,0.0,0.0,0.0
PH201700000143,0.0,0.0,0.0,0.0
PH201700000144,0.0,0.0,0.0,0.0
PH201700000145,0.0,6.0,0.0,6.0
PH201700000146,0.0,0.0,0.0,0.0
PH201700000147,0.0,0.0,0.0,0.0
PH201700000148,0.0,0.0,0.0,0.0
PH201700000149,0.0,6.0,0.0,6.0
PH201700000150,0.0,0.0,0.0,0.0
PH201700000151,0.0,0.0,0.0,0.0
PH201700000001,0.0,0.0,0.0,0.0
PH201700000002,0.0,0.0,1.0,1.0
PH201700000003,0.0,0.0,0.0,0.0
PH201700000004,0.0,0.0,0.0,0.0
PH201700000006,0.0,0.0,0.0,0.0
PH201700000007,0.0,0.0,0.0,0.0
PH201700000008,0.0,0.0,0.0,0.0
PH201700000009,0.0,0.0,1.0,1.0
PH201700000010,1.0,0.0,0.0,1.0
PH201700000011,0.0,0.0,0.0,0.0
PH201700000012,0.0,0.0,0.0,0.0
PH201700000019,0.0,0.0,0.0,0.0
PH201700000021,0.0,0.0,0.0,0.0
PH201700000022,0.0,0.0,0.0,0.0
PH201700000023,1.0,0.0,0.0,1.0
PH201700000024,0.0,0.0,0.0,0.0
PH201700000025,0.0,0.0,0.0,0.0
PH201700000026,0.0,1.0,0.0,1.0
PH201700000027,1.0,0.0,0.0,1.0
PH201700000028,0.0,0.0,0.0,0.0
PH201700000029,0.0,0.0,0.0,0.0
PH201700000030,0.0,0.0,0.0,0.0
PH201700000031,0.0,0.0,0.0,0.0
PH201700000032,0.0,0.0,0.0,0.0
PH201700000033,0.0,0.0,0.0,0.0
PH201700000034,0.0,1.0,0.0,1.0
PH201700000035,0.0,0.0,0.0,0.0
PH201700000036,0.0,0.0,0.0,0.0
PH201700000037,0.0,0.0,0.0,0.0
PH201700000038,0.0,1.0,0.0,1.0
PH201700000039,0.0,0.0,0.0,0.0
PH201700000040,0.0,0.0,0.0,0.0
PH201700000041,0.0,0.0,0.0,0.0
PH201700000042,0.0,1.0,0.0,1.0
PH201700000048,3.0,0.0,1.0,4.0
PH201700000049,0.0,0.0,0.0,0.0
PH201700000050,0.0,1.0,0.0,1.0
PH201700000051,0.0,0.0,0.0,0.0
PH201700000052,0.0,0.0,0.0,0.0
PH201700000054,3.0,0.0,1.0,4.0
PH201700000055,0.0,0.0,0.0,0.0
PH201700000056,0.0,0.0,0.0,0.0
PH201700000057,0.0,1.0,0.0,1.0
PH201700000058,0.0,0.0,0.0,0.0
PH201700000059,0.0,0.0,0.0,0.0
PH201700000060,0.0,0.0,2.0,2.0
PH201700000061,0.0,0.0,0.0,0.0
PH201700000062,0.0,0.0,0.0,0.0
PH201700000063,0.0,0.0,0.0,0.0
PH201700000064,2.0,0.0,2.0,4.0
PH201700000065,0.0,0.0,0.0,0.0
PH201700000066,0.0,0.0,0.0,0.0
PH201700000067,1.0,0.0,0.0,1.0
PH201700000068,0.0,0.0,0.0,0.0
PH201700000069,0.0,0.0,0.0,0.0
PH201700000070,0.0,0.0,0.0,0.0
PH201700000071,0.0,0.0,0.0,0.0
PH201700000152,2.0,0.0,0.0,2.0
PH201700000153,0.0,5.0,0.0,5.0
PH201700000154,0.0,0.0,0.0,0.0
PH201700000155,2.0,13.0,3.0,18.0
PH201700000156,0.0,0.0,0.0,0.0
PH201700000157,0.0,5.0,1.0,6.0
PH201700000158,0.0,6.0,1.0,7.0
PH201700000159,0.0,0.0,0.0,0.0
PH201700000160,1.0,0.0,0.0,1.0
PH201700000161,1.0,1.0,0.0,2.0
PH201700000162,0.0,0.0,0.0,0.0
PH201700000163,0.0,0.0,0.0,0.0
PH201700000164,0.0,0.0,0.0,0.0
PH201700000165,0.0,0.0,0.0,0.0
PH201700000166,0.0,0.0,1.0,1.0
PH201700000167,0.0,1.0,0.0,1.0
PH201700000168,0.0,0.0,0.0,0.0
PH201700000169,0.0,1.0,1.0,2.0
PH201700000171,0.0,0.0,0.0,0.0
PH201700000172,0.0,0.0,0.0,0.0
PH201700000173,0.0,1.0,0.0,1.0
PH201700000174,0.0,0.0,0.0,0.0
PH201700000175,0.0,0.0,0.0,0.0
PH201700000176,0.0,0.0,0.0,0.0
PH201700000177,0.0,0.0,0.0,0.0
PH201700000178,0.0,2.0,0.0,2.0
PH201700000179,0.0,1.0,0.0,1.0
PH201700000180,0.0,0.0,0.0,0.0
PH201700000181,0.0,2.0,0.0,2.0
PH201700000183,0.0,0.0,0.0,0.0
PH201700000184,0.0,0.0,0.0,0.0
PH201700000185,0.0,0.0,1.0,1.0
PH201700000187,0.0,0.0,0.0,0.0
PH201700000188,0.0,0.0,1.0,1.0
PH201700000189,0.0,0.0,0.0,0.0
PH201700000190,0.0,0.0,0.0,0.0
PH201700000191,0.0,0.0,1.0,1.0
PH201700000193,0.0,0.0,0.0,0.0
PH201700000194,0.0,0.0,0.0,0.0
PH201700000196,0.0,1.0,2.0,3.0
PH201700000197,2.0,2.0,2.0,6.0
PH201700000198,2.0,2.0,2.0,6.0
PH201700000199,0.0,0.0,0.0,0.0
PH201700000200,1.0,2.0,0.0,3.0
PH201700000201,0.0,0.0,0.0,0.0
PH201700000202,0.0,1.0,2.0,3.0
PH201700000203,2.0,3.0,4.0,9.0
PH201700000204,0.0,1.0,0.0,1.0
PH201700000205,1.0,2.0,0.0,3.0
PH201700000206,0.0,0.0,0.0,0.0
PH201700000207,0.0,0.0,0.0,0.0
PH201700000208,0.0,0.0,0.0,0.0
PH201700000209,0.0,0.0,0.0,0.0
PH201700000210,0.0,1.0,0.0,1.0
PH201700000211,0.0,4.0,0.0,4.0
PH201700000212,0.0,0.0,0.0,0.0
PH201700000213,0.0,0.0,0.0,0.0
PH201700000214,2.0,1.0,1.0,4.0
PH201700000215,0.0,1.0,0.0,1.0
PH201700000216,0.0,1.0,0.0,1.0
PH201700000217,0.0,1.0,0.0,1.0
PH201700000218,0.0,0.0,0.0,0.0
PH201700000219,0.0,0.0,0.0,0.0
PH201700000659,0.0,0.0,0.0,0.0
PH201700000660,0.0,3.0,0.0,3.0
PH201700000661,0.0,0.0,0.0,0.0
PH201700000662,0.0,3.0,0.0,3.0
PH201700000663,0.0,0.0,0.0,0.0
PH201700000664,0.0,0.0,0.0,0.0
PH201700000665,0.0,3.0,0.0,3.0
PH201700000666,0.0,0.0,1.0,1.0
PH201700000667,0.0,0.0,0.0,0.0
PH201700000668,0.0,3.0,0.0,3.0
PH201700000669,0.0,0.0,0.0,0.0
PH201700000670,0.0,0.0,0.0,0.0
PH201700000671,2.0,3.0,0.0,5.0
PH201700000672,0.0,0.0,0.0,0.0
PH201700000673,0.0,0.0,0.0,0.0
PH201700000674,1.0,1.0,0.0,2.0
PH201700000675,0.0,0.0,0.0,0.0
PH201700000676,0.0,0.0,0.0,0.0
PH201700000677,0.0,5.0,0.0,5.0
PH201700000678,0.0,0.0,0.0,0.0
PH201700000679,0.0,0.0,0.0,0.0
PH201700000680,0.0,0.0,0.0,0.0
PH201700000681,0.0,0.0,0.0,0.0
PH201700000682,0.0,0.0,0.0,0.0
PH201700000683,2.0,3.0,1.0,6.0
PH201700000684,0.0,0.0,0.0,0.0
PH201700000685,2.0,4.0,1.0,7.0
PH201700000686,0.0,0.0,0.0,0.0
PH201700000687,0.0,3.0,2.0,5.0
PH201700000688,0.0,0.0,0.0,0.0
PH201700000689,0.0,0.0,0.0,0.0
PH201700000690,0.0,1.0,0.0,1.0
PH201700000691,0.0,2.0,0.0,2.0
PH201700000692,0.0,1.0,0.0,1.0
PH201700000693,0.0,3.0,2.0,5.0
PH201700000694,0.0,3.0,2.0,5.0
PH201700000695,0.0,8.0,0.0,8.0
PH201700000696,0.0,7.0,0.0,7.0
PH201700000697,0.0,1.0,0.0,1.0
PH201700000698,0.0,1.0,0.0,1.0
PH201700000699,10.0,0.0,0.0,10.0
PH201700000700,10.0,2.0,0.0,12.0
PH201700000701,10.0,3.0,1.0,14.0
PH201700000702,10.0,4.0,1.0,15.0
PH201700000703,2.0,0.0,1.0,3.0
PH201700000704,0.0,0.0,0.0,0.0
PH201700000705,0.0,0.0,0.0,0.0
PH201700000706,0.0,1.0,0.0,1.0
PH201700000707,0.0,0.0,0.0,0.0
PH201700000708,0.0,0.0,0.0,0.0
PH201700000709,0.0,0.0,0.0,0.0
PH201700000710,0.0,3.0,1.0,4.0
PH201700000711,0.0,0.0,0.0,0.0
PH201700000712,0.0,0.0,0.0,0.0
PH201700000713,1.0,2.0,0.0,3.0
PH201700000714,0.0,0.0,0.0,0.0
PH201700000715,0.0,1.0,1.0,2.0
PH201700000716,2.0,0.0,0.0,2.0
PH201700000717,0.0,1.0,1.0,2.0
PH201700000718,1.0,0.0,0.0,1.0
PH201700000719,0.0,0.0,1.0,1.0
PH201700000720,0.0,0.0,1.0,1.0
PH201700000721,0.0,1.0,1.0,2.0
PH201700000722,0.0,0.0,0.0,0.0
PH201700000723,0.0,0.0,0.0,0.0
PH201700000724,0.0,0.0,0.0,0.0
PH201700000725,0.0,0.0,0.0,0.0
PH201700000726,0.0,0.0,0.0,0.0
