DHSID,lodging_pois_count,other_pois_count,food_pois_count,services_pois_count,entertainment_pois_count,landmark_pois_count,education_pois_count,health_pois_count,retail_pois_count,all_pois_count
BD201800000001,2.0,0.0,1.0,19.0,0.0,3.0,5.0,0.0,1.0,31.0
BD201800000002,0.0,0.0,8.0,0.0,0.0,1.0,0.0,0.0,2.0,11.0
BD201800000003,1.0,0.0,10.0,7.0,1.0,0.0,8.0,1.0,1.0,29.0
BD201800000004,13.0,0.0,11.0,92.0,12.0,2.0,44.0,2.0,28.0,204.0
BD201800000005,0.0,0.0,9.0,8.0,0.0,0.0,3.0,4.0,9.0,33.0
BD201800000006,0.0,0.0,0.0,24.0,0.0,0.0,21.0,0.0,5.0,50.0
BD201800000007,0.0,0.0,6.0,7.0,3.0,0.0,4.0,4.0,3.0,27.0
BD201800000008,1.0,0.0,0.0,0.0,0.0,0.0,2.0,0.0,0.0,3.0
BD201800000009,0.0,0.0,0.0,0.0,0.0,0.0,0.0,0.0,1.0,1.0
BD201800000010,0.0,0.0,0.0,0.0,0.0,0.0,0.0,0.0,0.0,0.0
BD201800000011,2.0,0.0,0.0,8.0,2.0,0.0,13.0,0.0,3.0,28.0
BD201800000012,0.0,0.0,7.0,2.0,1.0,0.0,2.0,0.0,0.0,12.0
BD201800000013,0.0,0.0,0.0,0.0,0.0,0.0,0.0,0.0,3.0,3.0
BD201800000014,0.0,0.0,0.0,1.0,3.0,6.0,2.0,0.0,0.0,12.0
BD201800000015,0.0,0.0,0.0,0.0,0.0,0.0,0.0,0.0,0.0,0.0
BD201800000016,0.0,0.0,0.0,0.0,0.0,0.0,0.0,1.0,0.0,1.0
BD201800000017,0.0,0.0,2.0,0.0,1.0,0.0,1.0,0.0,0.0,4.0
BD201800000018,3.0,0.0,3.0,11.0,6.0,1.0,6.0,0.0,8.0,38.0
BD201800000019,1.0,0.0,2.0,5.0,1.0,0.0,1.0,2.0,9.0,21.0
BD201800000020,2.0,0.0,8.0,27.0,0.0,1.0,60.0,1.0,34.0,133.0
BD201800000021,1.0,0.0,6.0,7.0,3.0,2.0,37.0,2.0,30.0,88.0
BD201800000022,0.0,0.0,0.0,49.0,0.0,2.0,69.0,1.0,32.0,153.0
BD201800000023,0.0,0.0,0.0,0.0,0.0,0.0,0.0,0.0,0.0,0.0
BD201800000024,1.0,0.0,0.0,0.0,0.0,0.0,0.0,0.0,0.0,1.0
BD201800000025,1.0,0.0,0.0,0.0,0.0,0.0,0.0,0.0,0.0,1.0
BD201800000026,1.0,0.0,1.0,53.0,1.0,1.0,86.0,1.0,67.0,211.0
BD201800000027,0.0,0.0,0.0,0.0,0.0,0.0,0.0,0.0,0.0,0.0
BD201800000028,0.0,1.0,1.0,0.0,0.0,0.0,1.0,1.0,5.0,9.0
BD201800000029,0.0,0.0,0.0,0.0,0.0,0.0,0.0,0.0,0.0,0.0
BD201800000030,0.0,0.0,0.0,5.0,2.0,3.0,7.0,0.0,2.0,19.0
BD201800000031,0.0,0.0,0.0,0.0,0.0,0.0,0.0,0.0,0.0,0.0
BD201800000032,0.0,0.0,0.0,0.0,0.0,0.0,0.0,0.0,1.0,1.0
BD201800000033,0.0,0.0,0.0,3.0,0.0,0.0,1.0,1.0,0.0,5.0
BD201800000034,0.0,0.0,0.0,0.0,0.0,0.0,1.0,0.0,6.0,7.0
BD201800000035,0.0,0.0,0.0,0.0,0.0,0.0,0.0,0.0,0.0,0.0
BD201800000036,1.0,0.0,0.0,2.0,0.0,1.0,9.0,0.0,5.0,18.0
BD201800000037,6.0,0.0,0.0,26.0,0.0,1.0,20.0,1.0,4.0,58.0
BD201800000038,0.0,0.0,0.0,3.0,0.0,1.0,1.0,0.0,1.0,6.0
BD201800000039,1.0,0.0,0.0,132.0,2.0,0.0,19.0,0.0,5.0,159.0
BD201800000040,0.0,0.0,0.0,13.0,0.0,0.0,3.0,0.0,1.0,17.0
BD201800000041,0.0,0.0,0.0,0.0,0.0,0.0,2.0,0.0,0.0,2.0
BD201800000042,0.0,0.0,0.0,0.0,0.0,4.0,0.0,0.0,2.0,6.0
BD201800000043,0.0,0.0,0.0,1.0,0.0,1.0,0.0,0.0,0.0,2.0
BD201800000044,3.0,2.0,20.0,64.0,4.0,4.0,33.0,18.0,22.0,170.0
BD201800000045,0.0,0.0,0.0,2.0,0.0,0.0,1.0,1.0,1.0,5.0
BD201800000046,0.0,0.0,0.0,0.0,0.0,0.0,0.0,0.0,0.0,0.0
BD201800000047,0.0,0.0,0.0,0.0,0.0,0.0,0.0,0.0,0.0,0.0
BD201800000048,2.0,0.0,0.0,0.0,0.0,0.0,5.0,0.0,0.0,7.0
BD201800000049,2.0,0.0,0.0,8.0,2.0,0.0,11.0,0.0,3.0,26.0
BD201800000050,0.0,0.0,0.0,1.0,0.0,0.0,0.0,0.0,0.0,1.0
BD201800000051,0.0,0.0,0.0,11.0,0.0,0.0,4.0,0.0,0.0,15.0
BD201800000052,0.0,0.0,0.0,1.0,2.0,0.0,0.0,0.0,1.0,4.0
BD201800000053,0.0,0.0,0.0,0.0,0.0,0.0,0.0,1.0,0.0,1.0
BD201800000054,1.0,0.0,1.0,1.0,3.0,1.0,5.0,1.0,10.0,23.0
BD201800000055,0.0,0.0,0.0,0.0,1.0,0.0,7.0,1.0,16.0,25.0
BD201800000056,0.0,0.0,0.0,0.0,0.0,0.0,2.0,0.0,0.0,2.0
BD201800000057,0.0,0.0,0.0,0.0,0.0,0.0,0.0,0.0,0.0,0.0
BD201800000058,0.0,0.0,0.0,8.0,5.0,0.0,4.0,0.0,0.0,17.0
BD201800000059,0.0,0.0,0.0,2.0,1.0,1.0,8.0,1.0,0.0,13.0
BD201800000060,0.0,0.0,0.0,1.0,0.0,0.0,0.0,1.0,1.0,3.0
BD201800000061,7.0,0.0,4.0,27.0,13.0,3.0,8.0,6.0,7.0,75.0
BD201800000062,0.0,0.0,0.0,2.0,1.0,0.0,1.0,1.0,0.0,5.0
BD201800000063,1.0,0.0,1.0,4.0,4.0,4.0,4.0,1.0,3.0,22.0
BD201800000064,1.0,0.0,0.0,4.0,2.0,0.0,9.0,0.0,0.0,16.0
BD201800000065,7.0,0.0,21.0,30.0,93.0,2.0,19.0,6.0,8.0,186.0
BD201800000066,7.0,0.0,16.0,27.0,86.0,2.0,13.0,6.0,6.0,163.0
BD201800000067,10.0,0.0,22.0,33.0,107.0,4.0,23.0,11.0,8.0,218.0
BD201800000068,10.0,0.0,32.0,45.0,113.0,3.0,34.0,11.0,14.0,262.0
BD201800000069,1.0,0.0,7.0,20.0,92.0,0.0,21.0,2.0,2.0,145.0
BD201800000070,1.0,0.0,8.0,15.0,20.0,5.0,8.0,5.0,12.0,74.0
BD201800000071,0.0,0.0,5.0,12.0,19.0,0.0,10.0,0.0,2.0,48.0
BD201800000072,0.0,0.0,1.0,3.0,3.0,2.0,0.0,9.0,1.0,19.0
BD201800000073,0.0,0.0,0.0,2.0,0.0,0.0,2.0,1.0,0.0,5.0
BD201800000074,0.0,0.0,0.0,0.0,0.0,0.0,1.0,0.0,0.0,1.0
BD201800000075,1.0,0.0,0.0,3.0,10.0,0.0,2.0,1.0,1.0,18.0
BD201800000076,0.0,0.0,0.0,0.0,0.0,0.0,2.0,1.0,0.0,3.0
BD201800000077,0.0,0.0,0.0,1.0,0.0,1.0,0.0,0.0,1.0,3.0
BD201800000078,0.0,0.0,0.0,2.0,3.0,3.0,4.0,1.0,2.0,15.0
BD201800000079,0.0,0.0,0.0,0.0,0.0,0.0,1.0,0.0,0.0,1.0
BD201800000080,0.0,0.0,0.0,0.0,0.0,0.0,0.0,0.0,0.0,0.0
BD201800000081,0.0,0.0,0.0,1.0,0.0,0.0,0.0,1.0,0.0,2.0
BD201800000082,0.0,0.0,0.0,1.0,0.0,1.0,3.0,2.0,0.0,7.0
BD201800000083,0.0,0.0,0.0,1.0,0.0,0.0,2.0,0.0,4.0,7.0
BD201800000084,0.0,0.0,0.0,1.0,0.0,0.0,0.0,1.0,0.0,2.0
BD201800000085,36.0,0.0,0.0,0.0,0.0,1.0,0.0,0.0,1.0,38.0
BD201800000086,4.0,0.0,0.0,0.0,0.0,0.0,0.0,0.0,1.0,5.0
BD201800000087,0.0,0.0,13.0,9.0,0.0,0.0,1.0,4.0,10.0,37.0
BD201800000088,1.0,0.0,8.0,26.0,3.0,1.0,8.0,1.0,19.0,67.0
BD201800000089,1.0,0.0,13.0,33.0,3.0,0.0,3.0,7.0,14.0,74.0
BD201800000090,0.0,0.0,4.0,23.0,0.0,0.0,0.0,1.0,6.0,34.0
BD201800000091,0.0,0.0,0.0,0.0,0.0,0.0,1.0,0.0,1.0,2.0
BD201800000092,2.0,0.0,16.0,24.0,3.0,0.0,1.0,3.0,10.0,59.0
BD201800000093,0.0,0.0,1.0,0.0,0.0,0.0,0.0,0.0,1.0,2.0
BD201800000094,1.0,0.0,13.0,34.0,3.0,0.0,3.0,7.0,14.0,75.0
BD201800000095,1.0,0.0,11.0,24.0,0.0,0.0,1.0,5.0,14.0,56.0
BD201800000096,4.0,0.0,8.0,23.0,6.0,2.0,5.0,8.0,22.0,78.0
BD201800000097,0.0,0.0,0.0,2.0,1.0,1.0,1.0,0.0,3.0,8.0
BD201800000098,0.0,0.0,0.0,7.0,2.0,0.0,6.0,0.0,12.0,27.0
BD201800000099,0.0,0.0,0.0,0.0,0.0,0.0,0.0,0.0,0.0,0.0
BD201800000100,0.0,0.0,1.0,1.0,0.0,0.0,3.0,1.0,2.0,8.0
BD201800000101,0.0,0.0,0.0,0.0,0.0,0.0,0.0,0.0,0.0,0.0
BD201800000102,0.0,0.0,2.0,6.0,1.0,1.0,3.0,1.0,1.0,15.0
BD201800000103,0.0,0.0,0.0,0.0,4.0,0.0,0.0,1.0,2.0,7.0
BD201800000104,0.0,0.0,0.0,1.0,1.0,2.0,5.0,1.0,7.0,17.0
BD201800000105,1.0,0.0,2.0,4.0,5.0,0.0,2.0,1.0,2.0,17.0
BD201800000106,0.0,0.0,0.0,0.0,2.0,0.0,0.0,0.0,0.0,2.0
BD201800000107,0.0,0.0,0.0,0.0,1.0,0.0,0.0,0.0,1.0,2.0
BD201800000108,0.0,0.0,0.0,0.0,0.0,0.0,0.0,1.0,1.0,2.0
BD201800000109,0.0,0.0,0.0,2.0,0.0,0.0,3.0,0.0,2.0,7.0
BD201800000110,3.0,0.0,2.0,4.0,0.0,0.0,0.0,0.0,6.0,15.0
BD201800000111,0.0,0.0,0.0,1.0,0.0,0.0,0.0,0.0,0.0,1.0
BD201800000112,0.0,0.0,0.0,1.0,0.0,0.0,0.0,0.0,0.0,1.0
BD201800000113,1.0,0.0,2.0,2.0,3.0,0.0,1.0,1.0,3.0,13.0
BD201800000114,1.0,0.0,16.0,11.0,3.0,1.0,2.0,2.0,11.0,47.0
BD201800000115,0.0,0.0,1.0,4.0,0.0,0.0,1.0,0.0,4.0,10.0
BD201800000116,0.0,0.0,0.0,0.0,0.0,0.0,1.0,0.0,2.0,3.0
BD201800000117,0.0,0.0,0.0,0.0,0.0,0.0,0.0,0.0,0.0,0.0
BD201800000118,0.0,0.0,0.0,0.0,0.0,0.0,0.0,0.0,0.0,0.0
BD201800000119,0.0,0.0,0.0,0.0,1.0,0.0,1.0,0.0,1.0,3.0
BD201800000120,2.0,0.0,0.0,0.0,2.0,0.0,3.0,1.0,1.0,9.0
BD201800000121,0.0,0.0,5.0,5.0,0.0,1.0,1.0,3.0,13.0,28.0
BD201800000122,0.0,0.0,0.0,0.0,0.0,0.0,1.0,0.0,0.0,1.0
BD201800000123,0.0,0.0,0.0,0.0,0.0,0.0,0.0,0.0,0.0,0.0
BD201800000124,0.0,0.0,1.0,1.0,3.0,0.0,1.0,0.0,0.0,6.0
BD201800000125,0.0,4.0,2.0,2.0,0.0,0.0,6.0,0.0,17.0,31.0
BD201800000126,0.0,0.0,1.0,1.0,0.0,0.0,2.0,2.0,0.0,6.0
BD201800000127,0.0,0.0,0.0,0.0,0.0,0.0,0.0,0.0,0.0,0.0
BD201800000128,0.0,0.0,0.0,0.0,0.0,0.0,0.0,0.0,0.0,0.0
BD201800000129,1.0,0.0,1.0,3.0,7.0,0.0,5.0,2.0,1.0,20.0
BD201800000130,0.0,0.0,0.0,0.0,0.0,0.0,0.0,0.0,0.0,0.0
BD201800000131,0.0,0.0,0.0,0.0,0.0,0.0,0.0,0.0,0.0,0.0
BD201800000132,1.0,0.0,0.0,0.0,2.0,0.0,3.0,1.0,0.0,7.0
BD201800000133,1.0,0.0,0.0,1.0,11.0,3.0,4.0,1.0,1.0,22.0
BD201800000134,0.0,0.0,0.0,1.0,0.0,1.0,3.0,2.0,0.0,7.0
BD201800000135,0.0,0.0,1.0,3.0,3.0,1.0,0.0,0.0,2.0,10.0
BD201800000136,1.0,0.0,2.0,5.0,0.0,0.0,0.0,2.0,4.0,14.0
BD201800000137,0.0,0.0,0.0,1.0,0.0,0.0,0.0,0.0,1.0,2.0
BD201800000138,1.0,0.0,1.0,2.0,6.0,2.0,0.0,0.0,1.0,13.0
BD201800000139,0.0,0.0,0.0,0.0,1.0,0.0,0.0,0.0,0.0,1.0
BD201800000140,0.0,0.0,5.0,8.0,1.0,1.0,4.0,2.0,2.0,23.0
BD201800000141,30.0,0.0,18.0,6.0,14.0,0.0,0.0,1.0,1.0,70.0
BD201800000142,0.0,0.0,0.0,0.0,0.0,0.0,0.0,1.0,0.0,1.0
BD201800000143,0.0,0.0,0.0,0.0,1.0,0.0,0.0,1.0,0.0,2.0
BD201800000144,0.0,0.0,0.0,0.0,0.0,0.0,1.0,0.0,0.0,1.0
BD201800000145,0.0,0.0,0.0,0.0,0.0,0.0,0.0,0.0,0.0,0.0
BD201800000146,0.0,0.0,0.0,0.0,0.0,0.0,0.0,0.0,0.0,0.0
BD201800000147,0.0,0.0,0.0,0.0,0.0,0.0,0.0,0.0,0.0,0.0
BD201800000148,6.0,0.0,20.0,39.0,20.0,4.0,13.0,5.0,16.0,123.0
BD201800000149,35.0,0.0,83.0,155.0,60.0,10.0,65.0,54.0,79.0,541.0
BD201800000150,21.0,0.0,26.0,72.0,31.0,7.0,35.0,22.0,55.0,269.0
BD201800000151,13.0,0.0,10.0,28.0,7.0,1.0,16.0,4.0,11.0,90.0
BD201800000152,5.0,0.0,2.0,7.0,4.0,1.0,6.0,2.0,5.0,32.0
BD201800000153,2.0,0.0,20.0,51.0,18.0,1.0,7.0,5.0,17.0,121.0
BD201800000154,24.0,0.0,40.0,108.0,54.0,2.0,32.0,7.0,45.0,312.0
BD201800000155,15.0,0.0,23.0,76.0,29.0,7.0,22.0,12.0,45.0,229.0
BD201800000156,10.0,0.0,22.0,78.0,49.0,1.0,31.0,10.0,47.0,248.0
BD201800000157,22.0,1.0,51.0,101.0,28.0,3.0,50.0,39.0,30.0,325.0
BD201800000158,13.0,0.0,18.0,53.0,19.0,6.0,17.0,12.0,44.0,182.0
BD201800000159,2.0,0.0,23.0,19.0,17.0,3.0,10.0,13.0,10.0,97.0
BD201800000160,6.0,0.0,25.0,35.0,41.0,1.0,26.0,19.0,44.0,197.0
BD201800000161,9.0,0.0,25.0,27.0,43.0,2.0,32.0,17.0,31.0,186.0
BD201800000162,16.0,1.0,48.0,108.0,24.0,4.0,37.0,38.0,23.0,299.0
BD201800000163,3.0,0.0,20.0,42.0,18.0,1.0,10.0,6.0,22.0,122.0
BD201800000164,0.0,0.0,3.0,3.0,1.0,0.0,5.0,1.0,2.0,15.0
BD201800000165,43.0,72.0,299.0,891.0,215.0,77.0,168.0,192.0,582.0,2539.0
BD201800000166,59.0,71.0,386.0,1051.0,275.0,93.0,210.0,213.0,725.0,3083.0
BD201800000167,0.0,0.0,1.0,2.0,3.0,0.0,5.0,0.0,4.0,15.0
BD201800000168,0.0,0.0,0.0,0.0,0.0,0.0,0.0,0.0,0.0,0.0
BD201800000169,15.0,0.0,50.0,40.0,45.0,9.0,27.0,8.0,26.0,220.0
BD201800000170,2.0,0.0,4.0,8.0,6.0,0.0,10.0,1.0,2.0,33.0
BD201800000171,0.0,0.0,1.0,1.0,0.0,0.0,0.0,0.0,2.0,4.0
BD201800000172,1.0,0.0,5.0,8.0,1.0,0.0,2.0,4.0,7.0,28.0
BD201800000173,0.0,0.0,0.0,0.0,0.0,0.0,0.0,0.0,0.0,0.0
BD201800000174,7.0,0.0,26.0,55.0,9.0,3.0,12.0,4.0,28.0,144.0
BD201800000175,4.0,0.0,31.0,339.0,7.0,1.0,14.0,5.0,51.0,452.0
BD201800000176,8.0,0.0,12.0,14.0,31.0,3.0,4.0,2.0,9.0,83.0
BD201800000177,0.0,0.0,0.0,2.0,0.0,0.0,0.0,0.0,2.0,4.0
BD201800000178,0.0,0.0,2.0,2.0,2.0,1.0,3.0,1.0,4.0,15.0
BD201800000179,1.0,0.0,17.0,37.0,0.0,0.0,2.0,7.0,38.0,102.0
BD201800000180,0.0,0.0,0.0,0.0,0.0,0.0,0.0,0.0,0.0,0.0
BD201800000181,0.0,0.0,0.0,0.0,0.0,0.0,0.0,0.0,0.0,0.0
BD201800000182,0.0,0.0,0.0,0.0,0.0,0.0,0.0,0.0,0.0,0.0
BD201800000183,3.0,0.0,8.0,5.0,6.0,0.0,6.0,4.0,9.0,41.0
BD201800000184,0.0,0.0,0.0,0.0,3.0,0.0,2.0,1.0,0.0,6.0
BD201800000185,0.0,0.0,0.0,5.0,10.0,1.0,9.0,3.0,3.0,31.0
BD201800000186,1.0,0.0,0.0,3.0,0.0,0.0,0.0,1.0,2.0,7.0
BD201800000187,0.0,0.0,0.0,1.0,3.0,0.0,3.0,2.0,0.0,9.0
BD201800000188,0.0,0.0,0.0,0.0,0.0,0.0,0.0,0.0,0.0,0.0
BD201800000189,0.0,0.0,0.0,0.0,0.0,0.0,0.0,0.0,0.0,0.0
BD201800000190,0.0,0.0,0.0,0.0,0.0,0.0,0.0,0.0,1.0,1.0
BD201800000191,0.0,0.0,0.0,0.0,0.0,0.0,0.0,0.0,0.0,0.0
BD201800000192,2.0,0.0,2.0,8.0,8.0,1.0,11.0,5.0,2.0,39.0
BD201800000193,0.0,0.0,0.0,0.0,0.0,0.0,1.0,0.0,3.0,4.0
BD201800000194,1.0,0.0,3.0,29.0,16.0,7.0,28.0,8.0,21.0,113.0
BD201800000195,0.0,0.0,0.0,9.0,5.0,4.0,9.0,1.0,7.0,35.0
BD201800000196,0.0,0.0,3.0,19.0,3.0,0.0,2.0,1.0,20.0,48.0
BD201800000197,6.0,1.0,35.0,70.0,37.0,4.0,9.0,7.0,48.0,217.0
BD201800000198,4.0,0.0,70.0,118.0,45.0,11.0,19.0,11.0,91.0,369.0
BD201800000199,9.0,3.0,55.0,100.0,40.0,4.0,23.0,10.0,55.0,299.0
BD201800000200,0.0,0.0,8.0,4.0,0.0,3.0,1.0,1.0,12.0,29.0
BD201800000201,4.0,0.0,20.0,16.0,6.0,2.0,8.0,9.0,18.0,83.0
BD201800000202,0.0,0.0,4.0,1.0,1.0,0.0,5.0,0.0,3.0,14.0
BD201800000203,0.0,0.0,0.0,2.0,0.0,1.0,3.0,0.0,0.0,6.0
BD201800000204,1.0,0.0,0.0,0.0,0.0,0.0,5.0,1.0,0.0,7.0
BD201800000205,0.0,0.0,0.0,0.0,0.0,0.0,0.0,1.0,0.0,1.0
BD201800000206,0.0,0.0,0.0,0.0,0.0,0.0,0.0,0.0,0.0,0.0
BD201800000207,0.0,0.0,0.0,0.0,0.0,0.0,0.0,0.0,0.0,0.0
BD201800000208,0.0,0.0,0.0,0.0,0.0,0.0,1.0,0.0,5.0,6.0
BD201800000209,0.0,0.0,6.0,7.0,1.0,0.0,1.0,1.0,4.0,20.0
BD201800000210,0.0,0.0,5.0,1.0,1.0,0.0,0.0,3.0,1.0,11.0
BD201800000211,0.0,0.0,0.0,0.0,0.0,0.0,3.0,0.0,4.0,7.0
BD201800000212,1.0,0.0,3.0,3.0,6.0,1.0,0.0,0.0,5.0,19.0
BD201800000213,0.0,0.0,8.0,3.0,2.0,1.0,2.0,3.0,2.0,21.0
BD201800000214,0.0,0.0,0.0,0.0,1.0,2.0,0.0,0.0,0.0,3.0
BD201800000215,7.0,0.0,13.0,9.0,5.0,0.0,2.0,4.0,4.0,44.0
BD201800000216,0.0,0.0,1.0,0.0,2.0,0.0,1.0,0.0,0.0,4.0
BD201800000217,16.0,0.0,115.0,109.0,26.0,4.0,48.0,32.0,40.0,390.0
BD201800000218,2.0,0.0,7.0,8.0,3.0,1.0,5.0,0.0,12.0,38.0
BD201800000219,1.0,0.0,6.0,4.0,2.0,0.0,5.0,1.0,4.0,23.0
BD201800000220,4.0,9.0,59.0,129.0,14.0,4.0,33.0,32.0,91.0,375.0
BD201800000221,9.0,0.0,27.0,94.0,63.0,6.0,133.0,16.0,29.0,377.0
BD201800000222,11.0,39.0,155.0,456.0,94.0,18.0,74.0,122.0,381.0,1350.0
BD201800000223,0.0,0.0,2.0,1.0,5.0,1.0,3.0,2.0,1.0,15.0
BD201800000224,0.0,0.0,5.0,13.0,4.0,1.0,22.0,2.0,6.0,53.0
BD201800000225,0.0,0.0,6.0,5.0,0.0,0.0,1.0,3.0,8.0,23.0
BD201800000226,2.0,0.0,22.0,310.0,0.0,0.0,8.0,4.0,37.0,383.0
BD201800000227,2.0,0.0,2.0,6.0,1.0,1.0,5.0,2.0,9.0,28.0
BD201800000228,7.0,0.0,9.0,7.0,9.0,1.0,0.0,0.0,3.0,36.0
BD201800000229,0.0,0.0,2.0,2.0,0.0,0.0,0.0,0.0,7.0,11.0
BD201800000230,0.0,0.0,1.0,0.0,1.0,0.0,0.0,0.0,0.0,2.0
BD201800000231,0.0,0.0,0.0,3.0,5.0,1.0,6.0,0.0,0.0,15.0
BD201800000233,0.0,0.0,0.0,9.0,2.0,1.0,7.0,1.0,4.0,24.0
BD201800000234,0.0,0.0,39.0,45.0,16.0,6.0,6.0,5.0,41.0,158.0
BD201800000235,2.0,0.0,6.0,23.0,5.0,1.0,2.0,4.0,12.0,55.0
BD201800000236,0.0,0.0,0.0,0.0,0.0,0.0,1.0,0.0,0.0,1.0
BD201800000237,0.0,0.0,2.0,9.0,3.0,0.0,2.0,0.0,13.0,29.0
BD201800000238,0.0,0.0,2.0,10.0,0.0,0.0,0.0,1.0,2.0,15.0
BD201800000239,0.0,0.0,0.0,1.0,0.0,0.0,1.0,0.0,0.0,2.0
BD201800000240,0.0,0.0,3.0,1.0,1.0,0.0,0.0,3.0,1.0,9.0
BD201800000241,0.0,0.0,0.0,0.0,0.0,0.0,1.0,0.0,0.0,1.0
BD201800000242,8.0,0.0,26.0,40.0,21.0,1.0,45.0,262.0,25.0,428.0
BD201800000243,14.0,161.0,205.0,398.0,41.0,3.0,104.0,181.0,434.0,1541.0
BD201800000244,3.0,1.0,112.0,147.0,42.0,10.0,152.0,355.0,156.0,978.0
BD201800000245,11.0,3.0,56.0,118.0,41.0,3.0,64.0,252.0,73.0,621.0
BD201800000246,2.0,62.0,83.0,279.0,36.0,11.0,54.0,133.0,422.0,1082.0
BD201800000247,31.0,297.0,224.0,816.0,74.0,11.0,139.0,193.0,427.0,2212.0
BD201800000248,15.0,69.0,163.0,563.0,94.0,29.0,84.0,165.0,513.0,1695.0
BD201800000249,10.0,2.0,148.0,242.0,84.0,13.0,199.0,387.0,225.0,1310.0
BD201800000250,33.0,104.0,122.0,477.0,80.0,12.0,78.0,125.0,138.0,1169.0
BD201800000251,46.0,8.0,318.0,576.0,152.0,30.0,217.0,213.0,284.0,1844.0
BD201800000252,0.0,0.0,15.0,31.0,5.0,0.0,18.0,19.0,19.0,107.0
BD201800000253,23.0,0.0,96.0,227.0,118.0,39.0,152.0,34.0,143.0,832.0
BD201800000254,7.0,0.0,30.0,55.0,58.0,6.0,103.0,16.0,23.0,298.0
BD201800000255,11.0,3.0,56.0,98.0,48.0,3.0,47.0,100.0,78.0,444.0
BD201800000256,26.0,4.0,97.0,185.0,92.0,13.0,113.0,638.0,69.0,1237.0
BD201800000257,8.0,8.0,96.0,108.0,54.0,6.0,136.0,154.0,43.0,613.0
BD201800000258,36.0,62.0,287.0,675.0,146.0,37.0,119.0,184.0,535.0,2081.0
BD201800000259,13.0,1.0,107.0,211.0,61.0,10.0,99.0,217.0,180.0,899.0
BD201800000260,5.0,1.0,123.0,184.0,53.0,13.0,179.0,404.0,157.0,1119.0
BD201800000261,42.0,8.0,323.0,589.0,155.0,33.0,170.0,248.0,289.0,1857.0
BD201800000262,12.0,18.0,135.0,249.0,66.0,2.0,69.0,106.0,276.0,933.0
BD201800000263,11.0,1.0,82.0,159.0,64.0,6.0,53.0,41.0,70.0,487.0
BD201800000264,4.0,68.0,127.0,480.0,55.0,21.0,69.0,153.0,460.0,1437.0
BD201800000265,17.0,3.0,70.0,201.0,74.0,14.0,65.0,358.0,69.0,871.0
BD201800000266,31.0,267.0,172.0,612.0,74.0,17.0,125.0,124.0,150.0,1572.0
BD201800000267,12.0,1.0,73.0,91.0,28.0,3.0,26.0,31.0,44.0,309.0
BD201800000268,11.0,0.0,3.0,5.0,46.0,2.0,8.0,1.0,1.0,77.0
BD201800000269,0.0,0.0,2.0,0.0,1.0,0.0,0.0,0.0,3.0,6.0
BD201800000270,0.0,0.0,0.0,0.0,0.0,0.0,0.0,0.0,0.0,0.0
BD201800000271,0.0,0.0,0.0,0.0,0.0,0.0,10.0,0.0,1.0,11.0
BD201800000272,0.0,0.0,0.0,0.0,0.0,0.0,1.0,0.0,0.0,1.0
BD201800000273,4.0,0.0,0.0,23.0,0.0,2.0,92.0,3.0,10.0,134.0
BD201800000274,0.0,0.0,0.0,0.0,0.0,0.0,0.0,1.0,0.0,1.0
BD201800000275,0.0,0.0,0.0,1.0,0.0,0.0,1.0,0.0,0.0,2.0
BD201800000276,0.0,0.0,0.0,0.0,1.0,0.0,0.0,0.0,1.0,2.0
BD201800000277,0.0,0.0,0.0,0.0,0.0,0.0,0.0,0.0,0.0,0.0
BD201800000278,0.0,0.0,0.0,0.0,0.0,0.0,0.0,0.0,1.0,1.0
BD201800000279,0.0,0.0,0.0,4.0,4.0,0.0,1.0,1.0,0.0,10.0
BD201800000280,0.0,0.0,0.0,0.0,0.0,0.0,0.0,0.0,0.0,0.0
BD201800000281,0.0,0.0,0.0,0.0,1.0,2.0,0.0,0.0,0.0,3.0
BD201800000282,9.0,0.0,41.0,98.0,56.0,5.0,24.0,8.0,67.0,308.0
BD201800000283,0.0,0.0,6.0,10.0,3.0,1.0,4.0,4.0,8.0,36.0
BD201800000284,0.0,0.0,0.0,0.0,1.0,0.0,0.0,0.0,0.0,1.0
BD201800000285,0.0,0.0,0.0,0.0,1.0,0.0,0.0,0.0,0.0,1.0
BD201800000286,5.0,0.0,2.0,12.0,1.0,0.0,1.0,0.0,3.0,24.0
BD201800000287,0.0,0.0,0.0,0.0,0.0,0.0,0.0,0.0,0.0,0.0
BD201800000288,0.0,0.0,0.0,0.0,0.0,0.0,4.0,0.0,0.0,4.0
BD201800000289,0.0,0.0,0.0,0.0,0.0,0.0,6.0,0.0,0.0,6.0
BD201800000290,0.0,0.0,0.0,0.0,0.0,0.0,0.0,0.0,0.0,0.0
BD201800000291,0.0,0.0,0.0,1.0,0.0,0.0,0.0,0.0,1.0,2.0
BD201800000292,0.0,0.0,0.0,0.0,0.0,0.0,0.0,0.0,0.0,0.0
BD201800000293,0.0,0.0,0.0,4.0,0.0,0.0,1.0,0.0,3.0,8.0
BD201800000294,0.0,0.0,0.0,0.0,0.0,1.0,0.0,4.0,0.0,5.0
BD201800000295,0.0,0.0,0.0,6.0,0.0,0.0,30.0,0.0,1.0,37.0
BD201800000296,0.0,0.0,0.0,0.0,0.0,0.0,1.0,0.0,0.0,1.0
BD201800000297,3.0,0.0,5.0,28.0,40.0,7.0,64.0,25.0,8.0,180.0
BD201800000298,0.0,0.0,0.0,13.0,0.0,2.0,41.0,0.0,10.0,66.0
BD201800000299,0.0,0.0,0.0,14.0,0.0,1.0,12.0,1.0,3.0,31.0
BD201800000300,15.0,2.0,17.0,33.0,25.0,4.0,18.0,34.0,25.0,173.0
BD201800000301,0.0,0.0,0.0,0.0,0.0,0.0,0.0,0.0,4.0,4.0
BD201800000302,0.0,0.0,0.0,2.0,2.0,0.0,0.0,1.0,0.0,5.0
BD201800000303,0.0,0.0,0.0,0.0,0.0,0.0,0.0,0.0,0.0,0.0
BD201800000304,0.0,0.0,0.0,0.0,0.0,0.0,1.0,1.0,0.0,2.0
BD201800000305,0.0,0.0,0.0,0.0,1.0,0.0,0.0,0.0,0.0,1.0
BD201800000306,8.0,0.0,17.0,22.0,7.0,2.0,3.0,8.0,9.0,76.0
BD201800000307,0.0,0.0,1.0,1.0,0.0,0.0,0.0,1.0,2.0,5.0
BD201800000308,0.0,0.0,0.0,0.0,0.0,0.0,0.0,0.0,0.0,0.0
BD201800000309,0.0,0.0,0.0,0.0,0.0,0.0,1.0,0.0,1.0,2.0
BD201800000310,0.0,0.0,0.0,0.0,0.0,0.0,0.0,0.0,0.0,0.0
BD201800000311,0.0,0.0,0.0,2.0,0.0,0.0,5.0,1.0,0.0,8.0
BD201800000312,0.0,0.0,0.0,0.0,0.0,0.0,0.0,0.0,0.0,0.0
BD201800000313,0.0,0.0,0.0,0.0,0.0,0.0,2.0,0.0,0.0,2.0
BD201800000314,6.0,0.0,7.0,8.0,6.0,4.0,7.0,6.0,4.0,48.0
BD201800000315,0.0,0.0,0.0,0.0,0.0,0.0,0.0,0.0,0.0,0.0
BD201800000316,0.0,0.0,0.0,0.0,0.0,0.0,0.0,0.0,0.0,0.0
BD201800000317,0.0,0.0,0.0,0.0,0.0,0.0,2.0,0.0,0.0,2.0
BD201800000318,0.0,0.0,0.0,0.0,0.0,0.0,0.0,0.0,0.0,0.0
BD201800000319,0.0,0.0,2.0,1.0,4.0,0.0,8.0,0.0,8.0,23.0
BD201800000320,0.0,0.0,0.0,0.0,0.0,0.0,0.0,0.0,0.0,0.0
BD201800000321,0.0,0.0,0.0,0.0,0.0,0.0,0.0,0.0,0.0,0.0
BD201800000322,1.0,0.0,0.0,0.0,1.0,0.0,2.0,0.0,0.0,4.0
BD201800000323,0.0,0.0,1.0,2.0,1.0,0.0,3.0,1.0,0.0,8.0
BD201800000324,0.0,0.0,1.0,2.0,2.0,0.0,1.0,1.0,0.0,7.0
BD201800000325,0.0,0.0,0.0,0.0,0.0,0.0,0.0,0.0,0.0,0.0
BD201800000326,0.0,0.0,0.0,1.0,1.0,0.0,0.0,0.0,0.0,2.0
BD201800000327,1.0,0.0,0.0,9.0,0.0,1.0,20.0,2.0,1.0,34.0
BD201800000328,0.0,0.0,0.0,0.0,0.0,0.0,0.0,1.0,0.0,1.0
BD201800000329,0.0,0.0,0.0,1.0,0.0,0.0,0.0,0.0,1.0,2.0
BD201800000330,0.0,0.0,0.0,5.0,0.0,1.0,0.0,0.0,2.0,8.0
BD201800000331,0.0,0.0,2.0,10.0,1.0,0.0,1.0,4.0,8.0,26.0
BD201800000332,7.0,0.0,32.0,73.0,21.0,1.0,18.0,3.0,56.0,211.0
BD201800000333,6.0,0.0,20.0,24.0,7.0,0.0,11.0,1.0,11.0,80.0
BD201800000334,5.0,0.0,2.0,12.0,1.0,0.0,1.0,0.0,3.0,24.0
BD201800000335,0.0,0.0,0.0,0.0,0.0,0.0,2.0,0.0,0.0,2.0
BD201800000336,0.0,0.0,0.0,0.0,1.0,0.0,0.0,1.0,0.0,2.0
BD201800000337,0.0,0.0,0.0,1.0,0.0,0.0,4.0,1.0,0.0,6.0
BD201800000338,0.0,0.0,0.0,0.0,0.0,0.0,0.0,0.0,0.0,0.0
BD201800000339,8.0,0.0,11.0,19.0,6.0,2.0,3.0,6.0,8.0,63.0
BD201800000340,2.0,0.0,0.0,2.0,2.0,0.0,2.0,0.0,2.0,10.0
BD201800000341,0.0,0.0,0.0,0.0,0.0,0.0,0.0,1.0,0.0,1.0
BD201800000342,0.0,0.0,0.0,0.0,0.0,0.0,1.0,1.0,0.0,2.0
BD201800000343,0.0,0.0,0.0,0.0,0.0,0.0,0.0,0.0,0.0,0.0
BD201800000344,0.0,0.0,0.0,2.0,3.0,0.0,0.0,5.0,1.0,11.0
BD201800000345,0.0,0.0,5.0,13.0,10.0,3.0,24.0,14.0,3.0,72.0
BD201800000346,0.0,0.0,2.0,11.0,21.0,4.0,31.0,4.0,4.0,77.0
BD201800000347,0.0,0.0,3.0,7.0,21.0,4.0,15.0,5.0,3.0,58.0
BD201800000348,2.0,0.0,3.0,17.0,29.0,4.0,21.0,6.0,5.0,87.0
BD201800000349,15.0,1.0,20.0,40.0,28.0,14.0,14.0,27.0,15.0,174.0
BD201800000350,10.0,2.0,13.0,24.0,6.0,2.0,15.0,23.0,21.0,116.0
BD201800000351,0.0,0.0,2.0,1.0,3.0,1.0,1.0,1.0,1.0,10.0
BD201800000352,16.0,0.0,15.0,26.0,21.0,4.0,14.0,21.0,7.0,124.0
BD201800000353,20.0,2.0,21.0,37.0,25.0,3.0,20.0,35.0,24.0,187.0
BD201800000354,0.0,0.0,0.0,1.0,0.0,1.0,3.0,0.0,0.0,5.0
BD201800000355,0.0,0.0,0.0,6.0,0.0,0.0,30.0,1.0,5.0,42.0
BD201800000356,0.0,0.0,1.0,0.0,5.0,1.0,2.0,1.0,5.0,15.0
BD201800000357,0.0,0.0,2.0,2.0,0.0,1.0,3.0,0.0,12.0,20.0
BD201800000358,0.0,0.0,2.0,0.0,0.0,3.0,2.0,0.0,1.0,8.0
BD201800000359,0.0,0.0,0.0,0.0,0.0,0.0,1.0,0.0,0.0,1.0
BD201800000360,0.0,0.0,2.0,5.0,3.0,0.0,0.0,1.0,3.0,14.0
BD201800000361,0.0,0.0,1.0,0.0,0.0,0.0,2.0,1.0,6.0,10.0
BD201800000362,0.0,0.0,0.0,0.0,1.0,0.0,1.0,0.0,0.0,2.0
BD201800000363,0.0,0.0,0.0,1.0,3.0,0.0,6.0,0.0,6.0,16.0
BD201800000364,0.0,0.0,0.0,4.0,3.0,0.0,10.0,0.0,4.0,21.0
BD201800000365,0.0,0.0,0.0,8.0,5.0,2.0,3.0,0.0,2.0,20.0
BD201800000366,0.0,0.0,2.0,2.0,0.0,0.0,0.0,0.0,4.0,8.0
BD201800000367,3.0,0.0,16.0,21.0,0.0,0.0,0.0,2.0,20.0,62.0
BD201800000368,0.0,0.0,0.0,0.0,0.0,0.0,2.0,0.0,0.0,2.0
BD201800000369,0.0,0.0,2.0,3.0,0.0,0.0,0.0,2.0,5.0,12.0
BD201800000370,0.0,0.0,1.0,0.0,1.0,0.0,1.0,0.0,3.0,6.0
BD201800000371,0.0,0.0,0.0,0.0,0.0,0.0,0.0,0.0,0.0,0.0
BD201800000372,0.0,0.0,0.0,0.0,0.0,1.0,0.0,0.0,2.0,3.0
BD201800000373,0.0,0.0,0.0,0.0,0.0,0.0,0.0,0.0,0.0,0.0
BD201800000374,1.0,0.0,3.0,12.0,11.0,2.0,16.0,1.0,21.0,67.0
BD201800000375,1.0,0.0,0.0,1.0,3.0,1.0,1.0,1.0,0.0,8.0
BD201800000376,0.0,0.0,0.0,0.0,0.0,0.0,0.0,0.0,1.0,1.0
BD201800000377,0.0,0.0,0.0,0.0,0.0,0.0,0.0,1.0,1.0,2.0
BD201800000378,1.0,0.0,0.0,14.0,5.0,2.0,12.0,9.0,19.0,62.0
BD201800000379,0.0,0.0,0.0,0.0,0.0,0.0,0.0,0.0,1.0,1.0
BD201800000380,6.0,0.0,3.0,0.0,4.0,0.0,7.0,0.0,8.0,28.0
BD201800000381,3.0,0.0,3.0,0.0,1.0,0.0,7.0,0.0,8.0,22.0
BD201800000382,0.0,0.0,0.0,1.0,0.0,0.0,0.0,0.0,0.0,1.0
BD201800000383,0.0,0.0,0.0,0.0,0.0,0.0,1.0,0.0,0.0,1.0
BD201800000384,0.0,0.0,0.0,0.0,0.0,0.0,0.0,0.0,0.0,0.0
BD201800000385,0.0,0.0,0.0,1.0,3.0,0.0,4.0,0.0,8.0,16.0
BD201800000386,0.0,0.0,0.0,0.0,1.0,0.0,1.0,0.0,1.0,3.0
BD201800000387,0.0,0.0,1.0,5.0,2.0,0.0,0.0,1.0,4.0,13.0
BD201800000388,12.0,0.0,61.0,56.0,9.0,3.0,20.0,14.0,61.0,236.0
BD201800000389,0.0,0.0,2.0,1.0,1.0,0.0,3.0,1.0,4.0,12.0
BD201800000390,7.0,0.0,3.0,5.0,11.0,1.0,10.0,0.0,15.0,52.0
BD201800000391,3.0,0.0,2.0,0.0,0.0,0.0,4.0,1.0,5.0,15.0
BD201800000392,0.0,0.0,0.0,0.0,0.0,0.0,1.0,0.0,3.0,4.0
BD201800000393,0.0,0.0,0.0,0.0,0.0,0.0,0.0,0.0,0.0,0.0
BD201800000394,0.0,0.0,0.0,0.0,0.0,0.0,0.0,0.0,0.0,0.0
BD201800000395,0.0,0.0,0.0,0.0,0.0,0.0,0.0,0.0,1.0,1.0
BD201800000396,0.0,0.0,0.0,0.0,0.0,0.0,0.0,0.0,0.0,0.0
BD201800000397,0.0,0.0,0.0,2.0,1.0,0.0,1.0,0.0,2.0,6.0
BD201800000398,0.0,0.0,0.0,3.0,4.0,3.0,4.0,0.0,3.0,17.0
BD201800000399,12.0,0.0,4.0,38.0,11.0,5.0,26.0,13.0,84.0,193.0
BD201800000400,4.0,0.0,11.0,40.0,22.0,2.0,20.0,4.0,14.0,117.0
BD201800000401,4.0,0.0,12.0,39.0,22.0,2.0,21.0,4.0,14.0,118.0
BD201800000402,0.0,0.0,0.0,0.0,0.0,0.0,0.0,0.0,0.0,0.0
BD201800000403,0.0,0.0,0.0,0.0,0.0,1.0,0.0,0.0,0.0,1.0
BD201800000404,0.0,0.0,0.0,0.0,3.0,3.0,0.0,1.0,1.0,8.0
BD201800000405,2.0,0.0,6.0,8.0,2.0,0.0,4.0,1.0,8.0,31.0
BD201800000406,0.0,0.0,0.0,0.0,0.0,0.0,0.0,0.0,0.0,0.0
BD201800000407,0.0,0.0,0.0,0.0,1.0,0.0,1.0,0.0,1.0,3.0
BD201800000408,3.0,0.0,11.0,29.0,6.0,0.0,6.0,4.0,20.0,79.0
BD201800000409,0.0,0.0,0.0,0.0,0.0,0.0,0.0,0.0,0.0,0.0
BD201800000410,0.0,0.0,0.0,0.0,0.0,0.0,0.0,0.0,0.0,0.0
BD201800000411,0.0,0.0,0.0,0.0,1.0,0.0,0.0,0.0,0.0,1.0
BD201800000412,0.0,0.0,0.0,1.0,0.0,0.0,2.0,0.0,0.0,3.0
BD201800000413,0.0,0.0,1.0,2.0,0.0,2.0,0.0,0.0,6.0,11.0
BD201800000414,3.0,0.0,11.0,29.0,6.0,0.0,6.0,4.0,20.0,79.0
BD201800000415,0.0,0.0,0.0,0.0,0.0,0.0,0.0,0.0,1.0,1.0
BD201800000416,0.0,0.0,0.0,0.0,1.0,1.0,2.0,0.0,1.0,5.0
BD201800000417,0.0,0.0,6.0,7.0,1.0,0.0,1.0,1.0,9.0,25.0
BD201800000418,0.0,0.0,0.0,0.0,0.0,0.0,0.0,0.0,0.0,0.0
BD201800000419,0.0,0.0,0.0,2.0,3.0,1.0,4.0,3.0,3.0,16.0
BD201800000420,19.0,0.0,61.0,59.0,39.0,1.0,27.0,14.0,56.0,276.0
BD201800000421,6.0,0.0,19.0,20.0,9.0,0.0,7.0,12.0,21.0,94.0
BD201800000422,4.0,0.0,0.0,5.0,13.0,2.0,7.0,0.0,3.0,34.0
BD201800000423,7.0,0.0,6.0,8.0,15.0,2.0,12.0,0.0,13.0,63.0
BD201800000424,0.0,0.0,0.0,0.0,0.0,0.0,1.0,0.0,0.0,1.0
BD201800000425,0.0,0.0,3.0,8.0,1.0,0.0,3.0,1.0,6.0,22.0
BD201800000426,1.0,0.0,0.0,10.0,0.0,0.0,7.0,0.0,0.0,18.0
BD201800000427,0.0,0.0,1.0,1.0,1.0,0.0,1.0,0.0,3.0,7.0
BD201800000428,4.0,0.0,9.0,37.0,18.0,1.0,18.0,4.0,11.0,102.0
BD201800000429,0.0,0.0,0.0,4.0,1.0,0.0,7.0,1.0,5.0,18.0
BD201800000430,0.0,0.0,0.0,0.0,3.0,0.0,3.0,1.0,1.0,8.0
BD201800000431,2.0,0.0,2.0,6.0,0.0,0.0,0.0,3.0,6.0,19.0
BD201800000432,1.0,0.0,2.0,2.0,11.0,1.0,3.0,2.0,0.0,22.0
BD201800000433,0.0,0.0,0.0,0.0,1.0,0.0,0.0,0.0,0.0,1.0
BD201800000434,0.0,0.0,0.0,0.0,0.0,0.0,5.0,0.0,0.0,5.0
BD201800000435,0.0,0.0,0.0,0.0,0.0,0.0,0.0,0.0,0.0,0.0
BD201800000436,0.0,0.0,0.0,0.0,0.0,1.0,0.0,0.0,3.0,4.0
BD201800000437,0.0,0.0,0.0,0.0,1.0,0.0,0.0,0.0,0.0,1.0
BD201800000438,0.0,0.0,0.0,0.0,1.0,0.0,0.0,1.0,0.0,2.0
BD201800000439,13.0,0.0,15.0,30.0,44.0,7.0,18.0,10.0,21.0,158.0
BD201800000440,1.0,0.0,4.0,1.0,0.0,0.0,2.0,0.0,5.0,13.0
BD201800000441,0.0,0.0,0.0,3.0,1.0,0.0,6.0,1.0,4.0,15.0
BD201800000442,0.0,0.0,0.0,0.0,0.0,0.0,0.0,0.0,0.0,0.0
BD201800000443,1.0,0.0,0.0,2.0,0.0,0.0,0.0,1.0,0.0,4.0
BD201800000444,2.0,0.0,21.0,19.0,7.0,1.0,4.0,3.0,7.0,64.0
BD201800000445,0.0,0.0,0.0,0.0,3.0,0.0,4.0,1.0,1.0,9.0
BD201800000446,0.0,0.0,0.0,0.0,0.0,0.0,0.0,0.0,1.0,1.0
BD201800000447,0.0,0.0,0.0,0.0,1.0,0.0,0.0,0.0,0.0,1.0
BD201800000448,0.0,0.0,0.0,1.0,0.0,0.0,0.0,0.0,0.0,1.0
BD201800000449,0.0,0.0,0.0,0.0,0.0,0.0,0.0,0.0,0.0,0.0
BD201800000450,0.0,0.0,0.0,0.0,0.0,0.0,0.0,0.0,0.0,0.0
BD201800000451,0.0,0.0,0.0,0.0,0.0,0.0,0.0,0.0,1.0,1.0
BD201800000452,0.0,0.0,0.0,0.0,0.0,0.0,0.0,0.0,0.0,0.0
BD201800000453,0.0,0.0,0.0,0.0,0.0,0.0,1.0,0.0,1.0,2.0
BD201800000454,0.0,0.0,0.0,0.0,0.0,0.0,0.0,0.0,0.0,0.0
BD201800000455,0.0,0.0,0.0,0.0,0.0,0.0,0.0,0.0,0.0,0.0
BD201800000456,0.0,0.0,0.0,0.0,0.0,0.0,1.0,0.0,0.0,1.0
BD201800000457,3.0,0.0,7.0,5.0,3.0,2.0,4.0,1.0,9.0,34.0
BD201800000458,0.0,0.0,0.0,0.0,0.0,0.0,0.0,0.0,0.0,0.0
BD201800000459,0.0,0.0,1.0,6.0,2.0,0.0,2.0,1.0,4.0,16.0
BD201800000460,10.0,0.0,23.0,33.0,10.0,1.0,8.0,5.0,16.0,106.0
BD201800000461,0.0,0.0,0.0,16.0,4.0,0.0,8.0,1.0,2.0,31.0
BD201800000462,0.0,0.0,0.0,0.0,0.0,1.0,0.0,1.0,0.0,2.0
BD201800000463,1.0,0.0,0.0,0.0,0.0,0.0,0.0,0.0,0.0,1.0
BD201800000464,0.0,0.0,0.0,0.0,0.0,0.0,0.0,0.0,0.0,0.0
BD201800000465,0.0,0.0,3.0,2.0,0.0,0.0,1.0,2.0,0.0,8.0
BD201800000466,0.0,0.0,0.0,0.0,0.0,0.0,0.0,0.0,0.0,0.0
BD201800000467,1.0,0.0,1.0,2.0,0.0,0.0,4.0,1.0,1.0,10.0
BD201800000468,0.0,0.0,0.0,0.0,0.0,0.0,0.0,0.0,0.0,0.0
BD201800000469,0.0,0.0,0.0,0.0,1.0,0.0,0.0,1.0,0.0,2.0
BD201800000470,0.0,0.0,1.0,0.0,2.0,0.0,4.0,2.0,0.0,9.0
BD201800000471,0.0,0.0,1.0,6.0,1.0,0.0,2.0,1.0,4.0,15.0
BD201800000472,5.0,0.0,10.0,13.0,2.0,2.0,10.0,6.0,9.0,57.0
BD201800000473,0.0,0.0,5.0,8.0,0.0,0.0,3.0,1.0,4.0,21.0
BD201800000474,0.0,0.0,0.0,0.0,0.0,0.0,0.0,0.0,0.0,0.0
BD201800000475,0.0,0.0,0.0,0.0,0.0,0.0,1.0,1.0,1.0,3.0
BD201800000476,0.0,0.0,0.0,0.0,0.0,0.0,0.0,0.0,0.0,0.0
BD201800000477,0.0,0.0,0.0,0.0,0.0,0.0,0.0,0.0,0.0,0.0
BD201800000478,0.0,0.0,0.0,0.0,0.0,0.0,0.0,0.0,0.0,0.0
BD201800000479,0.0,0.0,1.0,2.0,0.0,0.0,2.0,0.0,1.0,6.0
BD201800000480,0.0,0.0,2.0,4.0,3.0,0.0,3.0,0.0,4.0,16.0
BD201800000481,57.0,0.0,69.0,84.0,42.0,9.0,29.0,14.0,43.0,347.0
BD201800000482,0.0,0.0,0.0,0.0,0.0,0.0,0.0,0.0,0.0,0.0
BD201800000483,0.0,0.0,0.0,1.0,0.0,0.0,2.0,3.0,1.0,7.0
BD201800000484,2.0,0.0,0.0,0.0,0.0,0.0,1.0,1.0,0.0,4.0
BD201800000485,0.0,0.0,0.0,0.0,1.0,0.0,0.0,0.0,0.0,1.0
BD201800000486,0.0,0.0,4.0,5.0,0.0,0.0,2.0,0.0,3.0,14.0
BD201800000488,0.0,0.0,0.0,0.0,0.0,0.0,0.0,0.0,0.0,0.0
BD201800000489,5.0,0.0,7.0,9.0,11.0,1.0,8.0,5.0,1.0,47.0
BD201800000490,0.0,0.0,1.0,3.0,2.0,0.0,0.0,1.0,0.0,7.0
BD201800000491,4.0,0.0,8.0,5.0,0.0,1.0,1.0,1.0,8.0,28.0
BD201800000492,2.0,0.0,9.0,5.0,0.0,1.0,0.0,1.0,7.0,25.0
BD201800000493,20.0,0.0,21.0,31.0,36.0,4.0,12.0,12.0,28.0,164.0
BD201800000494,4.0,0.0,5.0,3.0,0.0,0.0,0.0,0.0,3.0,15.0
BD201800000495,3.0,0.0,4.0,5.0,6.0,2.0,11.0,3.0,5.0,39.0
BD201800000496,13.0,0.0,9.0,18.0,17.0,2.0,14.0,9.0,7.0,89.0
BD201800000497,0.0,0.0,0.0,0.0,0.0,0.0,0.0,0.0,0.0,0.0
BD201800000498,0.0,0.0,0.0,0.0,0.0,0.0,0.0,0.0,0.0,0.0
BD201800000499,2.0,0.0,6.0,8.0,4.0,0.0,2.0,3.0,1.0,26.0
BD201800000500,1.0,0.0,3.0,15.0,3.0,1.0,4.0,6.0,6.0,39.0
BD201800000501,0.0,0.0,0.0,0.0,0.0,0.0,0.0,0.0,0.0,0.0
BD201800000502,1.0,0.0,1.0,8.0,3.0,1.0,7.0,2.0,12.0,35.0
BD201800000503,6.0,0.0,7.0,7.0,4.0,1.0,4.0,0.0,15.0,44.0
BD201800000504,0.0,0.0,2.0,10.0,1.0,0.0,1.0,3.0,6.0,23.0
BD201800000505,0.0,0.0,1.0,0.0,2.0,0.0,4.0,2.0,0.0,9.0
BD201800000506,5.0,0.0,6.0,5.0,0.0,1.0,6.0,3.0,5.0,31.0
BD201800000507,0.0,0.0,0.0,0.0,0.0,0.0,0.0,1.0,0.0,1.0
BD201800000508,0.0,0.0,0.0,0.0,1.0,1.0,0.0,0.0,0.0,2.0
BD201800000509,13.0,0.0,22.0,16.0,7.0,3.0,8.0,5.0,12.0,86.0
BD201800000510,0.0,0.0,0.0,0.0,0.0,0.0,0.0,0.0,0.0,0.0
BD201800000511,0.0,0.0,0.0,0.0,0.0,0.0,0.0,0.0,1.0,1.0
BD201800000512,5.0,0.0,7.0,8.0,12.0,1.0,10.0,4.0,1.0,48.0
BD201800000513,0.0,0.0,0.0,1.0,1.0,0.0,1.0,1.0,0.0,4.0
BD201800000514,21.0,0.0,38.0,54.0,29.0,4.0,17.0,12.0,16.0,191.0
BD201800000515,19.0,0.0,36.0,49.0,24.0,4.0,14.0,8.0,15.0,169.0
BD201800000516,36.0,0.0,39.0,55.0,26.0,7.0,19.0,6.0,22.0,210.0
BD201800000517,0.0,0.0,0.0,0.0,0.0,0.0,0.0,0.0,0.0,0.0
BD201800000518,11.0,0.0,31.0,43.0,26.0,3.0,13.0,13.0,11.0,151.0
BD201800000519,10.0,0.0,9.0,12.0,14.0,1.0,5.0,1.0,8.0,60.0
BD201800000520,0.0,0.0,2.0,2.0,1.0,0.0,0.0,0.0,2.0,7.0
BD201800000521,0.0,0.0,2.0,0.0,0.0,0.0,0.0,1.0,2.0,5.0
BD201800000522,0.0,0.0,0.0,0.0,1.0,0.0,0.0,0.0,0.0,1.0
BD201800000523,0.0,0.0,0.0,0.0,1.0,1.0,1.0,0.0,3.0,6.0
BD201800000524,0.0,0.0,0.0,0.0,0.0,0.0,0.0,0.0,1.0,1.0
BD201800000525,0.0,0.0,0.0,0.0,0.0,0.0,0.0,0.0,0.0,0.0
BD201800000526,0.0,0.0,0.0,0.0,0.0,0.0,0.0,1.0,0.0,1.0
BD201800000527,0.0,0.0,0.0,0.0,0.0,0.0,0.0,0.0,0.0,0.0
BD201800000528,0.0,0.0,0.0,0.0,0.0,0.0,0.0,0.0,0.0,0.0
BD201800000529,0.0,0.0,0.0,0.0,1.0,0.0,0.0,0.0,1.0,2.0
BD201800000530,0.0,0.0,0.0,0.0,0.0,0.0,0.0,0.0,0.0,0.0
BD201800000531,0.0,0.0,0.0,0.0,0.0,0.0,0.0,0.0,0.0,0.0
BD201800000533,0.0,0.0,0.0,2.0,0.0,0.0,0.0,0.0,2.0,4.0
BD201800000534,0.0,0.0,0.0,0.0,0.0,0.0,0.0,0.0,0.0,0.0
BD201800000535,1.0,0.0,6.0,11.0,1.0,0.0,4.0,2.0,6.0,31.0
BD201800000536,0.0,0.0,0.0,0.0,0.0,0.0,0.0,0.0,1.0,1.0
BD201800000537,0.0,0.0,0.0,0.0,0.0,0.0,0.0,1.0,1.0,2.0
BD201800000538,0.0,0.0,0.0,0.0,0.0,0.0,0.0,0.0,0.0,0.0
BD201800000539,0.0,0.0,0.0,0.0,1.0,1.0,3.0,1.0,2.0,8.0
BD201800000540,0.0,0.0,0.0,0.0,0.0,0.0,1.0,0.0,0.0,1.0
BD201800000541,0.0,0.0,0.0,0.0,0.0,0.0,0.0,0.0,0.0,0.0
BD201800000542,0.0,0.0,0.0,5.0,0.0,0.0,10.0,0.0,1.0,16.0
BD201800000543,4.0,0.0,4.0,8.0,0.0,1.0,2.0,0.0,1.0,20.0
BD201800000544,1.0,0.0,3.0,3.0,1.0,0.0,0.0,1.0,5.0,14.0
BD201800000545,0.0,0.0,2.0,0.0,1.0,0.0,0.0,0.0,0.0,3.0
BD201800000546,0.0,0.0,0.0,0.0,0.0,0.0,1.0,0.0,0.0,1.0
BD201800000547,0.0,0.0,0.0,0.0,1.0,0.0,0.0,0.0,0.0,1.0
BD201800000548,0.0,0.0,0.0,0.0,1.0,0.0,2.0,1.0,0.0,4.0
BD201800000549,0.0,0.0,1.0,2.0,4.0,1.0,12.0,0.0,2.0,22.0
BD201800000550,0.0,0.0,0.0,0.0,0.0,0.0,0.0,0.0,0.0,0.0
BD201800000551,0.0,0.0,0.0,1.0,0.0,0.0,1.0,1.0,3.0,6.0
BD201800000552,0.0,0.0,0.0,0.0,1.0,0.0,1.0,0.0,1.0,3.0
BD201800000553,1.0,0.0,2.0,7.0,1.0,1.0,1.0,1.0,5.0,19.0
BD201800000554,0.0,0.0,0.0,1.0,3.0,0.0,2.0,0.0,6.0,12.0
BD201800000555,0.0,0.0,0.0,2.0,0.0,0.0,7.0,0.0,0.0,9.0
BD201800000556,0.0,0.0,0.0,0.0,0.0,0.0,0.0,0.0,0.0,0.0
BD201800000557,0.0,0.0,0.0,2.0,1.0,0.0,0.0,2.0,0.0,5.0
BD201800000558,1.0,0.0,2.0,5.0,2.0,0.0,10.0,1.0,5.0,26.0
BD201800000559,0.0,0.0,0.0,3.0,0.0,1.0,12.0,0.0,0.0,16.0
BD201800000560,0.0,0.0,0.0,0.0,0.0,1.0,0.0,0.0,1.0,2.0
BD201800000561,1.0,0.0,5.0,7.0,2.0,2.0,2.0,1.0,8.0,28.0
BD201800000562,0.0,0.0,0.0,0.0,0.0,0.0,0.0,0.0,0.0,0.0
BD201800000563,2.0,0.0,3.0,5.0,1.0,1.0,1.0,3.0,6.0,22.0
BD201800000564,0.0,0.0,0.0,0.0,0.0,0.0,0.0,0.0,0.0,0.0
BD201800000565,0.0,0.0,0.0,1.0,0.0,0.0,0.0,1.0,0.0,2.0
BD201800000566,0.0,0.0,0.0,0.0,1.0,0.0,1.0,0.0,1.0,3.0
BD201800000567,0.0,0.0,0.0,0.0,0.0,0.0,0.0,0.0,0.0,0.0
BD201800000568,15.0,0.0,12.0,5.0,12.0,1.0,6.0,2.0,2.0,55.0
BD201800000569,0.0,0.0,0.0,0.0,0.0,0.0,0.0,0.0,0.0,0.0
BD201800000570,0.0,0.0,0.0,0.0,0.0,0.0,0.0,0.0,0.0,0.0
BD201800000571,0.0,0.0,0.0,1.0,2.0,0.0,0.0,0.0,2.0,5.0
BD201800000572,29.0,0.0,26.0,31.0,18.0,4.0,7.0,9.0,15.0,139.0
BD201800000573,0.0,0.0,0.0,0.0,0.0,0.0,0.0,0.0,0.0,0.0
BD201800000574,0.0,0.0,0.0,2.0,0.0,0.0,1.0,1.0,2.0,6.0
BD201800000575,0.0,0.0,0.0,2.0,0.0,0.0,1.0,1.0,1.0,5.0
BD201800000576,0.0,0.0,0.0,0.0,0.0,0.0,0.0,0.0,0.0,0.0
BD201800000577,0.0,0.0,0.0,0.0,0.0,0.0,0.0,0.0,0.0,0.0
BD201800000578,0.0,0.0,0.0,0.0,0.0,0.0,0.0,0.0,0.0,0.0
BD201800000579,2.0,0.0,2.0,5.0,0.0,0.0,2.0,1.0,1.0,13.0
BD201800000580,0.0,0.0,0.0,0.0,0.0,0.0,0.0,0.0,0.0,0.0
BD201800000581,0.0,0.0,0.0,0.0,0.0,0.0,0.0,0.0,0.0,0.0
BD201800000582,0.0,0.0,0.0,1.0,1.0,0.0,0.0,0.0,0.0,2.0
BD201800000583,10.0,0.0,9.0,28.0,22.0,2.0,11.0,10.0,6.0,98.0
BD201800000584,10.0,0.0,14.0,25.0,23.0,2.0,9.0,13.0,5.0,101.0
BD201800000585,0.0,0.0,0.0,3.0,1.0,0.0,3.0,0.0,0.0,7.0
BD201800000586,0.0,0.0,0.0,0.0,0.0,0.0,0.0,0.0,0.0,0.0
BD201800000587,0.0,0.0,3.0,6.0,2.0,1.0,2.0,1.0,2.0,17.0
BD201800000588,1.0,0.0,1.0,9.0,0.0,0.0,1.0,0.0,1.0,13.0
BD201800000589,0.0,0.0,0.0,0.0,0.0,0.0,0.0,0.0,0.0,0.0
BD201800000590,0.0,0.0,0.0,0.0,2.0,0.0,0.0,0.0,1.0,3.0
BD201800000591,0.0,0.0,0.0,0.0,0.0,0.0,0.0,0.0,0.0,0.0
BD201800000592,0.0,0.0,2.0,9.0,1.0,1.0,1.0,0.0,7.0,21.0
BD201800000593,1.0,0.0,2.0,7.0,1.0,0.0,1.0,1.0,5.0,18.0
BD201800000594,0.0,0.0,0.0,1.0,0.0,0.0,0.0,0.0,0.0,1.0
BD201800000595,0.0,0.0,0.0,0.0,0.0,2.0,0.0,0.0,0.0,2.0
BD201800000596,2.0,0.0,5.0,5.0,1.0,1.0,1.0,0.0,4.0,19.0
BD201800000597,0.0,0.0,0.0,0.0,0.0,1.0,0.0,0.0,0.0,1.0
BD201800000598,0.0,0.0,0.0,0.0,0.0,0.0,0.0,0.0,0.0,0.0
BD201800000599,22.0,0.0,36.0,59.0,26.0,5.0,34.0,22.0,33.0,237.0
BD201800000600,19.0,0.0,23.0,49.0,15.0,5.0,24.0,10.0,20.0,165.0
BD201800000601,27.0,0.0,10.0,16.0,16.0,4.0,5.0,8.0,6.0,92.0
BD201800000602,0.0,0.0,0.0,2.0,0.0,0.0,1.0,1.0,0.0,4.0
BD201800000603,0.0,0.0,1.0,3.0,8.0,1.0,2.0,4.0,2.0,21.0
BD201800000604,0.0,0.0,0.0,0.0,0.0,0.0,3.0,0.0,0.0,3.0
BD201800000605,0.0,0.0,0.0,0.0,0.0,0.0,2.0,1.0,1.0,4.0
BD201800000606,0.0,0.0,1.0,2.0,0.0,0.0,1.0,1.0,4.0,9.0
BD201800000607,0.0,0.0,0.0,1.0,5.0,3.0,1.0,1.0,3.0,14.0
BD201800000608,0.0,0.0,0.0,0.0,0.0,0.0,0.0,0.0,0.0,0.0
BD201800000609,0.0,0.0,0.0,0.0,0.0,0.0,0.0,0.0,0.0,0.0
BD201800000610,0.0,0.0,0.0,0.0,1.0,0.0,0.0,0.0,1.0,2.0
BD201800000611,3.0,0.0,1.0,4.0,4.0,1.0,4.0,14.0,2.0,33.0
BD201800000612,0.0,0.0,0.0,0.0,1.0,0.0,3.0,0.0,0.0,4.0
BD201800000613,2.0,0.0,1.0,3.0,1.0,0.0,0.0,0.0,1.0,8.0
BD201800000614,2.0,0.0,8.0,2.0,0.0,0.0,2.0,1.0,1.0,16.0
BD201800000615,0.0,0.0,3.0,1.0,0.0,0.0,2.0,0.0,12.0,18.0
BD201800000616,0.0,0.0,0.0,0.0,0.0,0.0,0.0,0.0,0.0,0.0
BD201800000617,0.0,0.0,0.0,0.0,0.0,0.0,0.0,1.0,0.0,1.0
BD201800000618,0.0,0.0,0.0,0.0,0.0,0.0,0.0,1.0,0.0,1.0
BD201800000619,0.0,0.0,0.0,0.0,0.0,0.0,0.0,1.0,0.0,1.0
BD201800000620,0.0,0.0,0.0,0.0,0.0,0.0,0.0,0.0,2.0,2.0
BD201800000621,0.0,0.0,0.0,0.0,1.0,0.0,0.0,0.0,1.0,2.0
BD201800000622,2.0,0.0,4.0,38.0,4.0,0.0,8.0,6.0,5.0,67.0
BD201800000623,2.0,0.0,4.0,39.0,4.0,1.0,9.0,6.0,7.0,72.0
BD201800000624,0.0,0.0,0.0,0.0,0.0,0.0,0.0,1.0,0.0,1.0
BD201800000625,1.0,0.0,0.0,0.0,0.0,1.0,1.0,0.0,5.0,8.0
BD201800000626,0.0,0.0,0.0,0.0,0.0,1.0,0.0,0.0,0.0,1.0
BD201800000627,1.0,0.0,3.0,6.0,0.0,0.0,0.0,2.0,5.0,17.0
BD201800000628,0.0,0.0,0.0,0.0,0.0,0.0,0.0,0.0,0.0,0.0
BD201800000629,0.0,0.0,3.0,4.0,0.0,0.0,0.0,0.0,3.0,10.0
BD201800000630,0.0,0.0,2.0,0.0,0.0,0.0,1.0,2.0,1.0,6.0
BD201800000631,0.0,0.0,0.0,0.0,0.0,0.0,0.0,0.0,0.0,0.0
BD201800000632,1.0,0.0,0.0,3.0,0.0,0.0,0.0,0.0,1.0,5.0
BD201800000633,0.0,0.0,0.0,0.0,0.0,0.0,0.0,1.0,0.0,1.0
BD201800000634,0.0,0.0,0.0,0.0,0.0,1.0,0.0,0.0,0.0,1.0
BD201800000635,0.0,0.0,0.0,0.0,0.0,0.0,0.0,0.0,0.0,0.0
BD201800000636,0.0,0.0,0.0,0.0,0.0,0.0,0.0,0.0,5.0,5.0
BD201800000637,0.0,0.0,0.0,1.0,0.0,0.0,0.0,0.0,1.0,2.0
BD201800000638,2.0,0.0,1.0,0.0,3.0,0.0,1.0,0.0,0.0,7.0
BD201800000639,0.0,0.0,0.0,1.0,0.0,0.0,6.0,0.0,0.0,7.0
BD201800000640,2.0,0.0,10.0,45.0,0.0,0.0,4.0,7.0,39.0,107.0
BD201800000641,0.0,0.0,0.0,0.0,0.0,0.0,0.0,0.0,0.0,0.0
BD201800000642,0.0,0.0,0.0,0.0,0.0,1.0,0.0,0.0,0.0,1.0
BD201800000643,0.0,0.0,0.0,0.0,0.0,0.0,0.0,1.0,1.0,2.0
BD201800000644,0.0,0.0,0.0,0.0,1.0,0.0,0.0,0.0,0.0,1.0
BD201800000645,2.0,0.0,14.0,16.0,1.0,0.0,6.0,6.0,14.0,59.0
BD201800000646,2.0,0.0,5.0,5.0,4.0,0.0,2.0,1.0,7.0,26.0
BD201800000647,0.0,0.0,0.0,0.0,0.0,0.0,0.0,1.0,0.0,1.0
BD201800000648,0.0,0.0,0.0,0.0,4.0,0.0,0.0,0.0,0.0,4.0
BD201800000649,0.0,0.0,1.0,2.0,0.0,0.0,0.0,0.0,5.0,8.0
BD201800000650,0.0,0.0,0.0,0.0,0.0,0.0,0.0,0.0,0.0,0.0
BD201800000651,0.0,0.0,0.0,0.0,0.0,0.0,0.0,0.0,0.0,0.0
BD201800000652,11.0,0.0,14.0,25.0,16.0,4.0,19.0,16.0,10.0,115.0
BD201800000653,0.0,0.0,0.0,0.0,0.0,0.0,0.0,0.0,0.0,0.0
BD201800000654,0.0,0.0,0.0,0.0,0.0,1.0,1.0,0.0,1.0,3.0
BD201800000655,0.0,0.0,0.0,2.0,0.0,0.0,1.0,0.0,0.0,3.0
BD201800000656,0.0,0.0,0.0,0.0,0.0,0.0,0.0,4.0,1.0,5.0
BD201800000657,0.0,0.0,0.0,1.0,0.0,0.0,0.0,0.0,0.0,1.0
BD201800000658,1.0,0.0,1.0,16.0,3.0,0.0,2.0,1.0,1.0,25.0
BD201800000659,3.0,0.0,4.0,10.0,1.0,1.0,0.0,7.0,0.0,26.0
BD201800000660,0.0,0.0,1.0,0.0,0.0,0.0,0.0,1.0,1.0,3.0
BD201800000661,0.0,0.0,0.0,0.0,0.0,0.0,0.0,1.0,0.0,1.0
BD201800000662,3.0,0.0,6.0,3.0,4.0,0.0,1.0,1.0,2.0,20.0
BD201800000663,0.0,0.0,0.0,0.0,0.0,0.0,0.0,0.0,0.0,0.0
BD201800000664,0.0,0.0,0.0,1.0,0.0,0.0,0.0,1.0,1.0,3.0
BD201800000665,0.0,0.0,0.0,0.0,0.0,0.0,0.0,0.0,0.0,0.0
BD201800000666,0.0,0.0,0.0,0.0,0.0,0.0,0.0,0.0,0.0,0.0
BD201800000667,16.0,0.0,24.0,38.0,18.0,4.0,23.0,19.0,39.0,181.0
BD201800000668,1.0,0.0,4.0,8.0,3.0,0.0,3.0,1.0,1.0,21.0
BD201800000669,26.0,0.0,53.0,89.0,25.0,7.0,28.0,28.0,90.0,346.0
BD201800000670,1.0,0.0,2.0,7.0,5.0,1.0,9.0,4.0,1.0,30.0
BD201800000671,25.0,0.0,60.0,93.0,23.0,6.0,22.0,25.0,113.0,367.0
BD201800000672,28.0,0.0,60.0,95.0,23.0,7.0,22.0,30.0,112.0,377.0
BD201800000673,14.0,0.0,22.0,36.0,6.0,4.0,13.0,10.0,40.0,145.0
BD201800000674,15.0,0.0,22.0,36.0,6.0,4.0,13.0,10.0,40.0,146.0
BD201800000675,3.0,0.0,11.0,10.0,4.0,0.0,3.0,5.0,10.0,46.0
