DHSID,education_pois_count,health_pois_count,lodging_pois_count,food_pois_count,services_pois_count,landmark_pois_count,entertainment_pois_count,other_pois_count,retail_pois_count,all_pois_count
NG201800000001,0.0,0.0,0.0,0.0,0.0,0.0,2.0,0.0,0.0,2.0
NG201800000002,0.0,1.0,1.0,0.0,1.0,1.0,1.0,0.0,0.0,5.0
NG201800000003,0.0,0.0,0.0,0.0,0.0,0.0,0.0,0.0,0.0,0.0
NG201800000004,1.0,0.0,0.0,0.0,0.0,0.0,0.0,0.0,0.0,1.0
NG201800000005,0.0,0.0,0.0,0.0,0.0,0.0,0.0,0.0,0.0,0.0
NG201800000006,0.0,0.0,0.0,0.0,0.0,0.0,0.0,0.0,0.0,0.0
NG201800000007,0.0,0.0,0.0,0.0,0.0,0.0,0.0,0.0,0.0,0.0
NG201800000008,0.0,0.0,0.0,0.0,0.0,0.0,0.0,0.0,0.0,0.0
NG201800000009,0.0,0.0,0.0,0.0,2.0,1.0,2.0,0.0,0.0,5.0
NG201800000010,0.0,0.0,0.0,0.0,0.0,0.0,0.0,0.0,0.0,0.0
NG201800000011,0.0,0.0,0.0,0.0,0.0,0.0,0.0,0.0,0.0,0.0
NG201800000012,0.0,0.0,0.0,0.0,0.0,0.0,0.0,0.0,0.0,0.0
NG201800000013,0.0,0.0,0.0,0.0,0.0,0.0,0.0,0.0,0.0,0.0
NG201800000014,0.0,0.0,0.0,0.0,0.0,0.0,0.0,0.0,0.0,0.0
NG201800000015,0.0,0.0,0.0,0.0,0.0,0.0,0.0,0.0,0.0,0.0
NG201800000016,0.0,0.0,0.0,0.0,0.0,0.0,0.0,0.0,0.0,0.0
NG201800000017,0.0,0.0,0.0,0.0,0.0,0.0,0.0,0.0,0.0,0.0
NG201800000018,0.0,0.0,0.0,0.0,0.0,0.0,0.0,0.0,0.0,0.0
NG201800000019,0.0,0.0,0.0,0.0,0.0,0.0,0.0,0.0,0.0,0.0
NG201800000020,0.0,0.0,0.0,0.0,0.0,0.0,0.0,0.0,0.0,0.0
NG201800000021,0.0,0.0,0.0,0.0,0.0,0.0,0.0,0.0,0.0,0.0
NG201800000022,0.0,0.0,0.0,0.0,0.0,0.0,0.0,0.0,0.0,0.0
NG201800000023,0.0,0.0,0.0,0.0,0.0,0.0,0.0,0.0,0.0,0.0
NG201800000024,0.0,0.0,0.0,0.0,0.0,0.0,0.0,0.0,0.0,0.0
NG201800000025,0.0,0.0,0.0,0.0,0.0,0.0,0.0,0.0,0.0,0.0
NG201800000026,0.0,0.0,0.0,0.0,0.0,0.0,0.0,0.0,0.0,0.0
NG201800000027,0.0,0.0,0.0,0.0,0.0,0.0,0.0,0.0,0.0,0.0
NG201800000028,0.0,0.0,0.0,0.0,0.0,0.0,0.0,0.0,0.0,0.0
NG201800000029,0.0,0.0,0.0,0.0,0.0,0.0,0.0,0.0,0.0,0.0
NG201800000030,0.0,0.0,0.0,0.0,0.0,0.0,0.0,0.0,0.0,0.0
NG201800000031,0.0,0.0,0.0,0.0,0.0,0.0,0.0,0.0,0.0,0.0
NG201800000032,0.0,0.0,0.0,0.0,0.0,0.0,0.0,0.0,0.0,0.0
NG201800000033,0.0,0.0,0.0,0.0,0.0,0.0,0.0,0.0,0.0,0.0
NG201800000034,0.0,0.0,0.0,0.0,0.0,0.0,0.0,0.0,0.0,0.0
NG201800000035,0.0,0.0,0.0,0.0,0.0,0.0,0.0,0.0,0.0,0.0
NG201800000036,0.0,0.0,0.0,0.0,0.0,0.0,0.0,0.0,0.0,0.0
NG201800000037,0.0,0.0,0.0,0.0,0.0,0.0,0.0,0.0,0.0,0.0
NG201800000038,0.0,0.0,0.0,0.0,0.0,0.0,0.0,0.0,0.0,0.0
NG201800000039,0.0,0.0,0.0,0.0,0.0,0.0,0.0,0.0,0.0,0.0
NG201800000040,0.0,0.0,0.0,0.0,0.0,0.0,0.0,0.0,0.0,0.0
NG201800000041,0.0,1.0,0.0,0.0,1.0,0.0,0.0,0.0,0.0,2.0
NG201800000042,0.0,0.0,0.0,1.0,2.0,0.0,1.0,0.0,0.0,4.0
NG201800000043,0.0,0.0,0.0,0.0,0.0,0.0,0.0,0.0,0.0,0.0
NG201800000044,0.0,1.0,0.0,0.0,1.0,0.0,0.0,0.0,0.0,2.0
NG201800000045,0.0,1.0,1.0,0.0,1.0,0.0,0.0,0.0,0.0,3.0
NG201800000046,0.0,1.0,1.0,0.0,1.0,0.0,0.0,0.0,0.0,3.0
NG201800000047,0.0,1.0,1.0,0.0,1.0,0.0,0.0,0.0,0.0,3.0
NG201800000049,0.0,0.0,0.0,0.0,0.0,0.0,0.0,0.0,0.0,0.0
NG201800000050,0.0,0.0,0.0,0.0,0.0,0.0,1.0,0.0,0.0,1.0
NG201800000051,0.0,0.0,0.0,0.0,1.0,0.0,1.0,0.0,0.0,2.0
NG201800000052,0.0,0.0,0.0,1.0,0.0,0.0,0.0,0.0,1.0,2.0
NG201800000053,0.0,0.0,0.0,0.0,0.0,0.0,0.0,0.0,0.0,0.0
NG201800000054,0.0,1.0,0.0,1.0,0.0,0.0,0.0,0.0,1.0,3.0
NG201800000055,0.0,1.0,0.0,1.0,0.0,0.0,0.0,0.0,1.0,3.0
NG201800000056,0.0,1.0,0.0,1.0,0.0,0.0,0.0,0.0,1.0,3.0
NG201800000057,1.0,0.0,0.0,0.0,0.0,0.0,0.0,0.0,0.0,1.0
NG201800000058,1.0,0.0,0.0,0.0,0.0,0.0,0.0,0.0,0.0,1.0
NG201800000059,0.0,0.0,0.0,0.0,0.0,0.0,0.0,0.0,0.0,0.0
NG201800000060,0.0,0.0,0.0,0.0,0.0,0.0,0.0,0.0,0.0,0.0
NG201800000061,0.0,0.0,0.0,0.0,0.0,0.0,0.0,0.0,0.0,0.0
NG201800000062,1.0,0.0,0.0,1.0,0.0,0.0,0.0,0.0,0.0,2.0
NG201800000063,0.0,0.0,0.0,0.0,0.0,0.0,1.0,0.0,0.0,1.0
NG201800000064,1.0,0.0,0.0,0.0,0.0,0.0,0.0,0.0,0.0,1.0
NG201800000065,0.0,0.0,0.0,0.0,0.0,0.0,0.0,0.0,0.0,0.0
NG201800000066,0.0,0.0,0.0,0.0,0.0,0.0,2.0,0.0,0.0,2.0
NG201800000067,0.0,1.0,0.0,1.0,0.0,0.0,0.0,0.0,1.0,3.0
NG201800000068,0.0,0.0,0.0,0.0,0.0,0.0,0.0,0.0,0.0,0.0
NG201800000069,0.0,0.0,0.0,0.0,0.0,0.0,0.0,0.0,0.0,0.0
NG201800000070,0.0,0.0,0.0,0.0,0.0,0.0,0.0,0.0,0.0,0.0
NG201800000071,0.0,0.0,0.0,0.0,0.0,0.0,0.0,0.0,0.0,0.0
NG201800000072,0.0,0.0,0.0,0.0,0.0,0.0,0.0,0.0,0.0,0.0
NG201800000073,0.0,0.0,0.0,0.0,0.0,0.0,0.0,0.0,0.0,0.0
NG201800000074,0.0,0.0,0.0,0.0,0.0,0.0,0.0,0.0,0.0,0.0
NG201800000075,0.0,0.0,0.0,0.0,0.0,0.0,0.0,0.0,0.0,0.0
NG201800000076,0.0,0.0,0.0,0.0,0.0,0.0,0.0,0.0,0.0,0.0
NG201800000077,0.0,0.0,0.0,0.0,0.0,0.0,0.0,0.0,0.0,0.0
NG201800000078,0.0,0.0,0.0,0.0,0.0,0.0,0.0,0.0,0.0,0.0
NG201800000079,0.0,0.0,0.0,0.0,0.0,0.0,0.0,0.0,0.0,0.0
NG201800000080,0.0,0.0,0.0,0.0,0.0,0.0,0.0,0.0,0.0,0.0
NG201800000081,0.0,0.0,0.0,0.0,0.0,0.0,0.0,0.0,0.0,0.0
NG201800000082,1.0,3.0,0.0,0.0,3.0,1.0,1.0,0.0,0.0,9.0
NG201800000083,0.0,0.0,0.0,0.0,0.0,0.0,0.0,0.0,0.0,0.0
NG201800000084,0.0,0.0,0.0,0.0,0.0,0.0,0.0,0.0,0.0,0.0
NG201800000085,0.0,0.0,0.0,0.0,0.0,0.0,0.0,0.0,0.0,0.0
NG201800000086,0.0,0.0,0.0,0.0,0.0,0.0,0.0,0.0,0.0,0.0
NG201800000087,0.0,0.0,0.0,0.0,0.0,0.0,0.0,0.0,0.0,0.0
NG201800000088,0.0,0.0,0.0,0.0,0.0,0.0,0.0,0.0,0.0,0.0
NG201800000089,0.0,0.0,0.0,0.0,0.0,0.0,0.0,0.0,0.0,0.0
NG201800000090,0.0,0.0,0.0,0.0,0.0,0.0,0.0,0.0,0.0,0.0
NG201800000091,0.0,0.0,0.0,0.0,0.0,0.0,0.0,0.0,0.0,0.0
NG201800000092,0.0,0.0,0.0,0.0,0.0,0.0,0.0,0.0,0.0,0.0
NG201800000093,0.0,0.0,0.0,0.0,0.0,0.0,0.0,0.0,0.0,0.0
NG201800000094,0.0,0.0,0.0,0.0,0.0,0.0,0.0,0.0,0.0,0.0
NG201800000095,0.0,0.0,0.0,0.0,0.0,0.0,0.0,0.0,0.0,0.0
NG201800000096,0.0,0.0,0.0,0.0,0.0,0.0,0.0,0.0,0.0,0.0
NG201800000097,0.0,0.0,0.0,0.0,0.0,0.0,0.0,0.0,0.0,0.0
NG201800000098,0.0,0.0,0.0,0.0,0.0,0.0,0.0,0.0,0.0,0.0
NG201800000099,0.0,0.0,0.0,0.0,0.0,0.0,1.0,0.0,0.0,1.0
NG201800000100,0.0,0.0,0.0,0.0,0.0,0.0,0.0,0.0,0.0,0.0
NG201800000101,0.0,0.0,0.0,0.0,0.0,0.0,0.0,0.0,0.0,0.0
NG201800000102,0.0,0.0,0.0,0.0,0.0,0.0,0.0,0.0,0.0,0.0
NG201800000103,0.0,0.0,0.0,0.0,0.0,0.0,0.0,0.0,0.0,0.0
NG201800000104,0.0,0.0,0.0,0.0,0.0,0.0,0.0,0.0,0.0,0.0
NG201800000105,0.0,0.0,0.0,0.0,0.0,0.0,0.0,0.0,0.0,0.0
NG201800000106,0.0,0.0,0.0,0.0,0.0,0.0,0.0,0.0,0.0,0.0
NG201800000107,0.0,0.0,0.0,0.0,0.0,0.0,0.0,0.0,0.0,0.0
NG201800000108,0.0,0.0,0.0,0.0,0.0,0.0,0.0,0.0,0.0,0.0
NG201800000109,0.0,0.0,0.0,0.0,0.0,0.0,0.0,0.0,0.0,0.0
NG201800000110,0.0,0.0,0.0,0.0,0.0,0.0,0.0,0.0,0.0,0.0
NG201800000111,0.0,0.0,0.0,0.0,0.0,0.0,0.0,0.0,0.0,0.0
NG201800000112,0.0,0.0,0.0,0.0,0.0,0.0,0.0,0.0,0.0,0.0
NG201800000113,0.0,0.0,0.0,0.0,0.0,0.0,0.0,0.0,0.0,0.0
NG201800000114,0.0,0.0,0.0,0.0,0.0,0.0,0.0,0.0,0.0,0.0
NG201800000115,0.0,0.0,0.0,0.0,0.0,0.0,0.0,0.0,0.0,0.0
NG201800000116,0.0,0.0,0.0,0.0,0.0,0.0,0.0,0.0,0.0,0.0
NG201800000117,0.0,0.0,0.0,0.0,0.0,0.0,0.0,0.0,0.0,0.0
NG201800000118,0.0,0.0,0.0,0.0,0.0,0.0,0.0,0.0,0.0,0.0
NG201800000119,1.0,0.0,0.0,0.0,0.0,0.0,0.0,0.0,0.0,1.0
NG201800000120,0.0,0.0,0.0,0.0,1.0,0.0,2.0,0.0,0.0,3.0
NG201800000121,0.0,0.0,0.0,0.0,1.0,0.0,0.0,0.0,0.0,1.0
NG201800000123,2.0,1.0,0.0,0.0,0.0,0.0,3.0,0.0,0.0,6.0
NG201800000124,3.0,1.0,0.0,0.0,1.0,0.0,3.0,0.0,0.0,8.0
NG201800000125,0.0,0.0,0.0,0.0,0.0,0.0,0.0,0.0,0.0,0.0
NG201800000126,0.0,0.0,0.0,0.0,0.0,0.0,0.0,0.0,0.0,0.0
NG201800000127,0.0,0.0,0.0,0.0,0.0,0.0,0.0,0.0,0.0,0.0
NG201800000128,0.0,1.0,0.0,1.0,4.0,0.0,0.0,0.0,2.0,8.0
NG201800000129,0.0,0.0,0.0,0.0,0.0,0.0,0.0,0.0,0.0,0.0
NG201800000130,0.0,0.0,1.0,0.0,1.0,0.0,0.0,0.0,0.0,2.0
NG201800000131,0.0,0.0,0.0,0.0,0.0,0.0,0.0,0.0,0.0,0.0
NG201800000132,0.0,0.0,0.0,0.0,0.0,0.0,0.0,0.0,0.0,0.0
NG201800000133,0.0,0.0,0.0,0.0,0.0,0.0,1.0,0.0,0.0,1.0
NG201800000134,0.0,0.0,0.0,0.0,0.0,0.0,0.0,0.0,0.0,0.0
NG201800000135,0.0,0.0,0.0,0.0,0.0,0.0,0.0,0.0,0.0,0.0
NG201800000136,0.0,0.0,0.0,0.0,0.0,0.0,0.0,0.0,0.0,0.0
NG201800000137,0.0,0.0,0.0,0.0,0.0,0.0,0.0,0.0,0.0,0.0
NG201800000138,0.0,0.0,0.0,0.0,0.0,0.0,0.0,0.0,0.0,0.0
NG201800000139,0.0,0.0,0.0,0.0,0.0,0.0,0.0,0.0,0.0,0.0
NG201800000140,0.0,1.0,1.0,1.0,4.0,0.0,0.0,0.0,2.0,9.0
NG201800000141,0.0,0.0,0.0,0.0,0.0,0.0,0.0,0.0,0.0,0.0
NG201800000142,0.0,0.0,0.0,0.0,0.0,0.0,0.0,0.0,0.0,0.0
NG201800000143,0.0,0.0,0.0,0.0,0.0,0.0,0.0,0.0,0.0,0.0
NG201800000144,0.0,0.0,0.0,0.0,0.0,0.0,1.0,0.0,0.0,1.0
NG201800000145,0.0,0.0,0.0,1.0,0.0,0.0,0.0,0.0,0.0,1.0
NG201800000146,0.0,0.0,0.0,0.0,0.0,0.0,0.0,0.0,0.0,0.0
NG201800000147,0.0,0.0,0.0,0.0,0.0,0.0,0.0,0.0,0.0,0.0
NG201800000148,0.0,0.0,0.0,0.0,0.0,0.0,0.0,0.0,0.0,0.0
NG201800000149,0.0,0.0,0.0,0.0,0.0,0.0,0.0,0.0,0.0,0.0
NG201800000150,0.0,0.0,0.0,0.0,0.0,0.0,0.0,0.0,0.0,0.0
NG201800000151,1.0,0.0,0.0,0.0,0.0,0.0,0.0,0.0,0.0,1.0
NG201800000152,0.0,0.0,0.0,0.0,0.0,0.0,0.0,0.0,0.0,0.0
NG201800000153,0.0,0.0,0.0,0.0,0.0,0.0,0.0,0.0,0.0,0.0
NG201800000154,1.0,1.0,1.0,4.0,4.0,0.0,2.0,0.0,0.0,13.0
NG201800000155,0.0,0.0,0.0,0.0,0.0,0.0,0.0,0.0,0.0,0.0
NG201800000156,0.0,0.0,0.0,0.0,0.0,0.0,0.0,0.0,0.0,0.0
NG201800000157,0.0,0.0,0.0,0.0,0.0,0.0,0.0,0.0,0.0,0.0
NG201800000158,0.0,0.0,0.0,0.0,0.0,0.0,0.0,0.0,0.0,0.0
NG201800000159,0.0,0.0,0.0,0.0,0.0,0.0,0.0,0.0,0.0,0.0
NG201800000160,0.0,0.0,0.0,0.0,0.0,0.0,0.0,0.0,0.0,0.0
NG201800000161,0.0,0.0,0.0,0.0,0.0,0.0,0.0,0.0,0.0,0.0
NG201800000162,0.0,0.0,0.0,0.0,0.0,0.0,0.0,0.0,0.0,0.0
NG201800000163,0.0,0.0,0.0,0.0,0.0,0.0,0.0,0.0,0.0,0.0
NG201800000164,0.0,0.0,0.0,0.0,0.0,0.0,0.0,0.0,0.0,0.0
NG201800000165,0.0,0.0,0.0,0.0,0.0,0.0,0.0,0.0,0.0,0.0
NG201800000166,0.0,0.0,0.0,0.0,0.0,0.0,0.0,0.0,0.0,0.0
NG201800000167,1.0,0.0,0.0,0.0,0.0,0.0,0.0,0.0,0.0,1.0
NG201800000168,0.0,0.0,0.0,0.0,0.0,0.0,0.0,0.0,0.0,0.0
NG201800000169,0.0,0.0,0.0,0.0,0.0,0.0,0.0,0.0,0.0,0.0
NG201800000170,0.0,0.0,0.0,0.0,0.0,0.0,0.0,0.0,0.0,0.0
NG201800000171,0.0,0.0,0.0,0.0,0.0,0.0,0.0,0.0,0.0,0.0
NG201800000172,0.0,0.0,0.0,0.0,0.0,0.0,0.0,0.0,0.0,0.0
NG201800000173,0.0,0.0,0.0,0.0,0.0,0.0,0.0,0.0,0.0,0.0
NG201800000174,0.0,0.0,0.0,0.0,0.0,0.0,0.0,0.0,0.0,0.0
NG201800000175,0.0,0.0,0.0,0.0,0.0,0.0,0.0,0.0,0.0,0.0
NG201800000176,0.0,0.0,0.0,0.0,0.0,0.0,0.0,0.0,0.0,0.0
NG201800000177,0.0,0.0,0.0,0.0,0.0,0.0,0.0,0.0,0.0,0.0
NG201800000178,0.0,0.0,0.0,0.0,0.0,0.0,0.0,0.0,0.0,0.0
NG201800000179,0.0,0.0,0.0,0.0,0.0,0.0,0.0,0.0,0.0,0.0
NG201800000180,0.0,0.0,0.0,0.0,1.0,0.0,0.0,0.0,0.0,1.0
NG201800000181,0.0,3.0,0.0,0.0,0.0,0.0,1.0,0.0,0.0,4.0
NG201800000182,2.0,5.0,0.0,0.0,0.0,0.0,2.0,0.0,0.0,9.0
NG201800000183,2.0,3.0,0.0,0.0,1.0,0.0,7.0,0.0,0.0,13.0
NG201800000184,0.0,5.0,0.0,0.0,0.0,0.0,0.0,0.0,0.0,5.0
NG201800000185,0.0,1.0,0.0,0.0,0.0,0.0,0.0,0.0,0.0,1.0
NG201800000186,1.0,3.0,0.0,0.0,0.0,0.0,7.0,0.0,0.0,11.0
NG201800000187,0.0,0.0,0.0,0.0,0.0,0.0,0.0,0.0,0.0,0.0
NG201800000188,0.0,3.0,0.0,0.0,2.0,0.0,3.0,0.0,0.0,8.0
NG201800000189,0.0,1.0,0.0,1.0,2.0,0.0,39.0,0.0,0.0,43.0
NG201800000190,0.0,0.0,0.0,0.0,0.0,0.0,0.0,0.0,0.0,0.0
NG201800000191,0.0,0.0,0.0,0.0,0.0,0.0,0.0,0.0,0.0,0.0
NG201800000192,0.0,0.0,0.0,0.0,0.0,0.0,4.0,0.0,0.0,4.0
NG201800000193,0.0,0.0,0.0,0.0,0.0,0.0,0.0,0.0,0.0,0.0
NG201800000194,0.0,0.0,0.0,0.0,0.0,0.0,0.0,0.0,0.0,0.0
NG201800000195,0.0,0.0,0.0,0.0,0.0,0.0,0.0,0.0,0.0,0.0
NG201800000196,0.0,0.0,0.0,0.0,1.0,0.0,0.0,0.0,0.0,1.0
NG201800000197,0.0,0.0,0.0,0.0,0.0,0.0,0.0,0.0,0.0,0.0
NG201800000198,0.0,0.0,0.0,0.0,0.0,0.0,0.0,0.0,0.0,0.0
NG201800000199,0.0,1.0,0.0,0.0,0.0,0.0,0.0,0.0,0.0,1.0
NG201800000200,0.0,2.0,0.0,0.0,0.0,0.0,0.0,0.0,0.0,2.0
NG201800000201,0.0,6.0,0.0,0.0,0.0,0.0,3.0,0.0,0.0,9.0
NG201800000202,0.0,0.0,0.0,0.0,0.0,0.0,0.0,0.0,0.0,0.0
NG201800000203,0.0,0.0,0.0,0.0,0.0,0.0,0.0,0.0,0.0,0.0
NG201800000204,0.0,1.0,0.0,0.0,0.0,0.0,0.0,0.0,0.0,1.0
NG201800000206,0.0,0.0,0.0,0.0,0.0,0.0,0.0,0.0,0.0,0.0
NG201800000207,0.0,1.0,0.0,0.0,0.0,0.0,0.0,0.0,0.0,1.0
NG201800000208,0.0,0.0,0.0,0.0,0.0,0.0,0.0,0.0,0.0,0.0
NG201800000209,0.0,1.0,0.0,0.0,0.0,0.0,0.0,0.0,0.0,1.0
NG201800000210,0.0,0.0,0.0,0.0,0.0,0.0,0.0,0.0,0.0,0.0
NG201800000211,0.0,0.0,0.0,0.0,0.0,0.0,0.0,0.0,0.0,0.0
NG201800000212,0.0,1.0,0.0,1.0,0.0,0.0,1.0,0.0,0.0,3.0
NG201800000213,0.0,0.0,0.0,0.0,0.0,0.0,0.0,0.0,0.0,0.0
NG201800000214,0.0,4.0,0.0,0.0,0.0,0.0,0.0,0.0,0.0,4.0
NG201800000215,0.0,2.0,0.0,0.0,0.0,0.0,70.0,0.0,0.0,72.0
NG201800000216,0.0,3.0,0.0,3.0,0.0,2.0,6.0,0.0,0.0,14.0
NG201800000217,0.0,1.0,0.0,0.0,0.0,0.0,2.0,0.0,0.0,3.0
NG201800000218,1.0,0.0,0.0,1.0,7.0,0.0,10.0,0.0,3.0,22.0
NG201800000219,0.0,0.0,0.0,0.0,0.0,0.0,0.0,0.0,0.0,0.0
NG201800000220,2.0,0.0,0.0,0.0,2.0,1.0,2.0,0.0,3.0,10.0
NG201800000221,1.0,3.0,4.0,9.0,6.0,2.0,14.0,0.0,3.0,42.0
NG201800000222,0.0,0.0,1.0,0.0,0.0,0.0,3.0,0.0,1.0,5.0
NG201800000223,2.0,0.0,0.0,0.0,2.0,0.0,3.0,0.0,3.0,10.0
NG201800000224,0.0,0.0,0.0,0.0,0.0,0.0,0.0,0.0,0.0,0.0
NG201800000225,0.0,0.0,1.0,0.0,0.0,0.0,3.0,0.0,0.0,4.0
NG201800000226,0.0,0.0,0.0,0.0,0.0,0.0,0.0,0.0,0.0,0.0
NG201800000227,0.0,0.0,0.0,0.0,0.0,0.0,1.0,0.0,0.0,1.0
NG201800000228,0.0,0.0,1.0,0.0,2.0,0.0,0.0,0.0,0.0,3.0
NG201800000229,1.0,0.0,1.0,0.0,2.0,0.0,2.0,0.0,0.0,6.0
NG201800000230,0.0,0.0,0.0,0.0,0.0,0.0,1.0,0.0,0.0,1.0
NG201800000231,0.0,0.0,0.0,0.0,0.0,0.0,0.0,0.0,0.0,0.0
NG201800000232,2.0,0.0,0.0,0.0,0.0,0.0,3.0,0.0,0.0,5.0
NG201800000233,0.0,0.0,0.0,0.0,0.0,0.0,0.0,0.0,0.0,0.0
NG201800000234,0.0,0.0,0.0,0.0,0.0,0.0,0.0,0.0,0.0,0.0
NG201800000235,0.0,0.0,0.0,0.0,0.0,0.0,0.0,0.0,0.0,0.0
NG201800000236,0.0,0.0,0.0,0.0,0.0,0.0,0.0,0.0,0.0,0.0
NG201800000237,0.0,0.0,0.0,0.0,0.0,0.0,0.0,0.0,0.0,0.0
NG201800000238,0.0,0.0,0.0,0.0,0.0,0.0,0.0,0.0,0.0,0.0
NG201800000239,0.0,0.0,0.0,0.0,0.0,0.0,0.0,0.0,0.0,0.0
NG201800000240,0.0,0.0,0.0,0.0,0.0,0.0,0.0,0.0,0.0,0.0
NG201800000241,0.0,0.0,0.0,0.0,0.0,0.0,0.0,0.0,0.0,0.0
NG201800000242,0.0,0.0,0.0,0.0,0.0,0.0,0.0,0.0,0.0,0.0
NG201800000243,0.0,0.0,0.0,0.0,0.0,0.0,0.0,0.0,0.0,0.0
NG201800000244,0.0,0.0,0.0,0.0,0.0,0.0,0.0,0.0,0.0,0.0
NG201800000245,0.0,0.0,0.0,0.0,0.0,0.0,0.0,0.0,0.0,0.0
NG201800000246,0.0,2.0,0.0,0.0,0.0,0.0,0.0,0.0,0.0,2.0
NG201800000247,0.0,0.0,0.0,0.0,0.0,0.0,0.0,0.0,0.0,0.0
NG201800000248,0.0,0.0,0.0,0.0,0.0,0.0,0.0,0.0,0.0,0.0
NG201800000249,0.0,0.0,0.0,0.0,0.0,0.0,0.0,0.0,0.0,0.0
NG201800000250,0.0,0.0,0.0,0.0,0.0,0.0,0.0,0.0,0.0,0.0
NG201800000251,0.0,0.0,0.0,0.0,0.0,0.0,0.0,0.0,0.0,0.0
NG201800000252,0.0,0.0,0.0,0.0,0.0,0.0,0.0,0.0,0.0,0.0
NG201800000253,0.0,0.0,0.0,0.0,0.0,0.0,0.0,0.0,0.0,0.0
NG201800000254,0.0,0.0,0.0,0.0,0.0,0.0,0.0,0.0,0.0,0.0
NG201800000255,0.0,0.0,0.0,0.0,0.0,0.0,0.0,0.0,0.0,0.0
NG201800000256,0.0,14.0,0.0,0.0,0.0,0.0,0.0,0.0,0.0,14.0
NG201800000257,0.0,1.0,0.0,0.0,0.0,0.0,1.0,0.0,1.0,3.0
NG201800000258,0.0,1.0,0.0,0.0,0.0,0.0,2.0,0.0,1.0,4.0
NG201800000259,0.0,0.0,0.0,0.0,0.0,0.0,0.0,0.0,0.0,0.0
NG201800000260,0.0,1.0,0.0,1.0,0.0,0.0,3.0,0.0,0.0,5.0
NG201800000261,0.0,0.0,0.0,0.0,1.0,0.0,0.0,0.0,0.0,1.0
NG201800000262,0.0,9.0,0.0,0.0,0.0,0.0,0.0,0.0,0.0,9.0
NG201800000263,2.0,2.0,0.0,0.0,1.0,0.0,0.0,0.0,0.0,5.0
NG201800000264,0.0,0.0,0.0,0.0,0.0,0.0,0.0,0.0,0.0,0.0
NG201800000265,2.0,0.0,0.0,0.0,0.0,0.0,0.0,0.0,0.0,2.0
NG201800000266,0.0,2.0,0.0,0.0,0.0,0.0,0.0,0.0,0.0,2.0
NG201800000267,0.0,4.0,0.0,0.0,0.0,0.0,0.0,0.0,0.0,4.0
NG201800000268,0.0,1.0,0.0,0.0,0.0,0.0,0.0,0.0,0.0,1.0
NG201800000269,0.0,0.0,0.0,0.0,0.0,0.0,0.0,0.0,0.0,0.0
NG201800000270,0.0,0.0,0.0,0.0,0.0,0.0,0.0,0.0,0.0,0.0
NG201800000271,0.0,0.0,0.0,0.0,2.0,0.0,0.0,0.0,0.0,2.0
NG201800000272,0.0,1.0,0.0,0.0,0.0,0.0,0.0,0.0,0.0,1.0
NG201800000273,0.0,1.0,0.0,0.0,0.0,0.0,0.0,0.0,0.0,1.0
NG201800000274,0.0,5.0,0.0,0.0,0.0,0.0,0.0,0.0,0.0,5.0
NG201800000275,0.0,1.0,0.0,0.0,0.0,0.0,0.0,0.0,0.0,1.0
NG201800000276,0.0,0.0,0.0,0.0,0.0,0.0,0.0,0.0,0.0,0.0
NG201800000277,0.0,19.0,1.0,0.0,0.0,0.0,0.0,0.0,0.0,20.0
NG201800000278,0.0,18.0,0.0,0.0,0.0,0.0,0.0,0.0,0.0,18.0
NG201800000279,0.0,3.0,0.0,0.0,0.0,0.0,0.0,0.0,0.0,3.0
NG201800000280,0.0,2.0,0.0,0.0,0.0,0.0,0.0,0.0,0.0,2.0
NG201800000281,0.0,4.0,0.0,0.0,0.0,0.0,0.0,0.0,0.0,4.0
NG201800000282,0.0,8.0,0.0,0.0,0.0,0.0,0.0,0.0,0.0,8.0
NG201800000283,0.0,0.0,0.0,0.0,0.0,0.0,0.0,0.0,0.0,0.0
NG201800000284,0.0,3.0,0.0,0.0,0.0,0.0,0.0,0.0,0.0,3.0
NG201800000285,0.0,2.0,0.0,0.0,0.0,0.0,0.0,0.0,0.0,2.0
NG201800000286,0.0,6.0,0.0,0.0,0.0,0.0,0.0,0.0,0.0,6.0
NG201800000287,0.0,0.0,0.0,0.0,0.0,0.0,0.0,0.0,0.0,0.0
NG201800000288,0.0,4.0,0.0,0.0,0.0,0.0,0.0,0.0,0.0,4.0
NG201800000289,0.0,1.0,0.0,0.0,0.0,0.0,0.0,0.0,0.0,1.0
NG201800000290,0.0,3.0,2.0,0.0,2.0,0.0,0.0,0.0,0.0,7.0
NG201800000291,0.0,22.0,0.0,0.0,0.0,0.0,5.0,0.0,0.0,27.0
NG201800000292,0.0,22.0,0.0,0.0,2.0,0.0,5.0,0.0,0.0,29.0
NG201800000293,0.0,7.0,0.0,1.0,0.0,0.0,0.0,0.0,0.0,8.0
NG201800000294,0.0,3.0,0.0,0.0,0.0,0.0,0.0,0.0,0.0,3.0
NG201800000295,0.0,3.0,0.0,0.0,1.0,0.0,0.0,0.0,0.0,4.0
NG201800000296,0.0,0.0,0.0,0.0,0.0,0.0,0.0,0.0,0.0,0.0
NG201800000297,0.0,2.0,0.0,0.0,0.0,0.0,0.0,0.0,0.0,2.0
NG201800000298,0.0,1.0,0.0,0.0,0.0,0.0,0.0,0.0,0.0,1.0
NG201800000299,0.0,1.0,0.0,0.0,0.0,0.0,0.0,0.0,0.0,1.0
NG201800000300,0.0,7.0,0.0,0.0,1.0,0.0,0.0,0.0,0.0,8.0
NG201800000301,0.0,1.0,0.0,0.0,0.0,0.0,0.0,0.0,0.0,1.0
NG201800000302,0.0,1.0,0.0,0.0,0.0,0.0,0.0,0.0,0.0,1.0
NG201800000303,0.0,3.0,0.0,0.0,0.0,0.0,0.0,0.0,0.0,3.0
NG201800000304,0.0,4.0,0.0,0.0,0.0,0.0,0.0,0.0,0.0,4.0
NG201800000305,0.0,7.0,0.0,0.0,0.0,0.0,0.0,0.0,0.0,7.0
NG201800000306,0.0,2.0,0.0,0.0,0.0,0.0,0.0,0.0,0.0,2.0
NG201800000307,0.0,4.0,0.0,0.0,0.0,0.0,0.0,0.0,0.0,4.0
NG201800000308,0.0,0.0,0.0,0.0,0.0,0.0,0.0,0.0,0.0,0.0
NG201800000309,0.0,1.0,0.0,0.0,0.0,0.0,0.0,0.0,0.0,1.0
NG201800000310,0.0,0.0,0.0,0.0,0.0,0.0,0.0,0.0,0.0,0.0
NG201800000311,0.0,0.0,0.0,0.0,0.0,0.0,0.0,0.0,0.0,0.0
NG201800000312,0.0,2.0,0.0,0.0,0.0,0.0,0.0,0.0,0.0,2.0
NG201800000313,0.0,0.0,0.0,0.0,0.0,0.0,0.0,0.0,0.0,0.0
NG201800000314,0.0,0.0,0.0,0.0,0.0,0.0,0.0,0.0,0.0,0.0
NG201800000315,0.0,0.0,0.0,0.0,0.0,0.0,0.0,0.0,0.0,0.0
NG201800000316,0.0,1.0,0.0,0.0,0.0,0.0,0.0,0.0,0.0,1.0
NG201800000317,0.0,10.0,0.0,0.0,0.0,0.0,0.0,0.0,0.0,10.0
NG201800000318,0.0,1.0,0.0,0.0,0.0,0.0,0.0,0.0,0.0,1.0
NG201800000319,0.0,2.0,0.0,0.0,0.0,0.0,0.0,0.0,0.0,2.0
NG201800000320,0.0,1.0,0.0,0.0,0.0,0.0,0.0,0.0,0.0,1.0
NG201800000321,0.0,1.0,0.0,0.0,0.0,0.0,0.0,0.0,0.0,1.0
NG201800000322,0.0,0.0,0.0,0.0,0.0,0.0,0.0,0.0,0.0,0.0
NG201800000323,0.0,0.0,0.0,0.0,0.0,0.0,0.0,0.0,0.0,0.0
NG201800000324,0.0,3.0,0.0,0.0,0.0,0.0,0.0,0.0,0.0,3.0
NG201800000325,0.0,3.0,0.0,0.0,0.0,0.0,0.0,0.0,0.0,3.0
NG201800000326,0.0,4.0,0.0,0.0,0.0,0.0,0.0,0.0,0.0,4.0
NG201800000327,0.0,1.0,0.0,0.0,1.0,2.0,0.0,0.0,1.0,5.0
NG201800000328,10.0,2.0,0.0,0.0,5.0,0.0,1.0,0.0,0.0,18.0
NG201800000329,13.0,13.0,2.0,0.0,0.0,2.0,4.0,0.0,2.0,36.0
NG201800000330,12.0,13.0,2.0,0.0,0.0,2.0,4.0,0.0,2.0,35.0
NG201800000331,15.0,9.0,0.0,0.0,4.0,7.0,3.0,0.0,1.0,39.0
NG201800000332,0.0,0.0,0.0,0.0,2.0,0.0,3.0,0.0,0.0,5.0
NG201800000333,0.0,6.0,0.0,0.0,4.0,0.0,1.0,0.0,1.0,12.0
NG201800000334,2.0,6.0,1.0,0.0,3.0,0.0,1.0,0.0,0.0,13.0
NG201800000335,1.0,4.0,0.0,0.0,0.0,0.0,0.0,0.0,0.0,5.0
NG201800000336,0.0,3.0,1.0,1.0,0.0,0.0,1.0,0.0,0.0,6.0
NG201800000337,2.0,3.0,0.0,0.0,0.0,0.0,1.0,0.0,1.0,7.0
NG201800000338,1.0,5.0,0.0,1.0,1.0,0.0,2.0,0.0,1.0,11.0
NG201800000339,0.0,2.0,0.0,0.0,0.0,0.0,0.0,0.0,1.0,3.0
NG201800000340,0.0,1.0,0.0,0.0,1.0,2.0,0.0,0.0,1.0,5.0
NG201800000341,0.0,6.0,0.0,0.0,5.0,0.0,0.0,0.0,0.0,11.0
NG201800000342,0.0,1.0,0.0,0.0,2.0,0.0,0.0,0.0,0.0,3.0
NG201800000343,0.0,0.0,0.0,0.0,0.0,0.0,0.0,0.0,0.0,0.0
NG201800000344,0.0,0.0,0.0,0.0,0.0,0.0,1.0,0.0,0.0,1.0
NG201800000345,0.0,1.0,0.0,0.0,0.0,0.0,0.0,0.0,1.0,2.0
NG201800000346,0.0,0.0,0.0,0.0,0.0,0.0,0.0,0.0,0.0,0.0
NG201800000347,0.0,2.0,0.0,0.0,0.0,0.0,0.0,0.0,0.0,2.0
NG201800000348,0.0,6.0,0.0,0.0,0.0,0.0,0.0,0.0,0.0,6.0
NG201800000349,0.0,1.0,0.0,0.0,0.0,0.0,0.0,0.0,0.0,1.0
NG201800000350,0.0,3.0,0.0,0.0,2.0,0.0,0.0,0.0,1.0,6.0
NG201800000351,0.0,2.0,0.0,0.0,0.0,0.0,0.0,0.0,0.0,2.0
NG201800000352,0.0,3.0,0.0,0.0,0.0,0.0,0.0,0.0,0.0,3.0
NG201800000353,0.0,2.0,0.0,0.0,1.0,0.0,0.0,0.0,1.0,4.0
NG201800000354,1.0,7.0,0.0,1.0,4.0,0.0,4.0,0.0,1.0,18.0
NG201800000355,0.0,6.0,0.0,0.0,0.0,0.0,0.0,0.0,1.0,7.0
NG201800000356,0.0,4.0,0.0,0.0,13.0,0.0,0.0,0.0,0.0,17.0
NG201800000357,0.0,1.0,0.0,0.0,0.0,0.0,0.0,0.0,0.0,1.0
NG201800000358,0.0,1.0,0.0,0.0,0.0,0.0,0.0,0.0,0.0,1.0
NG201800000359,0.0,2.0,0.0,0.0,0.0,0.0,0.0,0.0,0.0,2.0
NG201800000360,0.0,3.0,0.0,0.0,0.0,0.0,0.0,0.0,0.0,3.0
NG201800000361,0.0,1.0,0.0,0.0,0.0,0.0,0.0,0.0,0.0,1.0
NG201800000362,0.0,2.0,0.0,0.0,0.0,0.0,0.0,0.0,0.0,2.0
NG201800000363,0.0,4.0,0.0,0.0,0.0,0.0,0.0,0.0,0.0,4.0
NG201800000364,0.0,2.0,0.0,0.0,1.0,0.0,0.0,0.0,0.0,3.0
NG201800000365,0.0,0.0,0.0,0.0,0.0,0.0,0.0,0.0,0.0,0.0
NG201800000366,0.0,0.0,0.0,0.0,0.0,0.0,0.0,0.0,0.0,0.0
NG201800000367,1.0,1.0,0.0,6.0,11.0,0.0,0.0,0.0,1.0,20.0
NG201800000368,4.0,3.0,2.0,6.0,10.0,0.0,5.0,0.0,0.0,30.0
NG201800000369,24.0,5.0,7.0,10.0,26.0,1.0,23.0,0.0,3.0,99.0
NG201800000370,3.0,3.0,1.0,6.0,9.0,0.0,2.0,0.0,0.0,24.0
NG201800000371,6.0,2.0,5.0,4.0,11.0,2.0,5.0,0.0,2.0,37.0
NG201800000372,0.0,0.0,0.0,0.0,0.0,0.0,0.0,0.0,0.0,0.0
NG201800000373,1.0,1.0,0.0,1.0,1.0,0.0,0.0,0.0,0.0,4.0
NG201800000374,0.0,0.0,0.0,0.0,0.0,0.0,0.0,0.0,0.0,0.0
NG201800000375,0.0,0.0,0.0,0.0,0.0,0.0,0.0,0.0,0.0,0.0
NG201800000376,0.0,0.0,0.0,0.0,0.0,0.0,0.0,0.0,0.0,0.0
NG201800000377,0.0,0.0,0.0,0.0,0.0,0.0,0.0,0.0,0.0,0.0
NG201800000378,0.0,0.0,0.0,0.0,0.0,0.0,0.0,0.0,0.0,0.0
NG201800000379,2.0,0.0,0.0,0.0,0.0,0.0,0.0,0.0,0.0,2.0
NG201800000380,0.0,0.0,0.0,0.0,0.0,0.0,0.0,0.0,0.0,0.0
NG201800000381,0.0,0.0,0.0,0.0,0.0,0.0,0.0,0.0,0.0,0.0
NG201800000382,0.0,0.0,0.0,0.0,0.0,0.0,0.0,0.0,0.0,0.0
NG201800000383,0.0,0.0,0.0,0.0,0.0,0.0,0.0,0.0,0.0,0.0
NG201800000384,0.0,0.0,0.0,0.0,0.0,0.0,0.0,0.0,0.0,0.0
NG201800000385,0.0,0.0,0.0,0.0,0.0,0.0,0.0,0.0,0.0,0.0
NG201800000386,0.0,0.0,0.0,0.0,0.0,0.0,0.0,0.0,0.0,0.0
NG201800000387,0.0,0.0,0.0,0.0,0.0,0.0,0.0,0.0,0.0,0.0
NG201800000388,2.0,1.0,0.0,0.0,0.0,1.0,0.0,0.0,0.0,4.0
NG201800000389,0.0,0.0,0.0,0.0,0.0,0.0,0.0,0.0,0.0,0.0
NG201800000390,0.0,2.0,0.0,0.0,2.0,0.0,0.0,0.0,0.0,4.0
NG201800000391,0.0,0.0,0.0,0.0,1.0,0.0,0.0,0.0,0.0,1.0
NG201800000392,0.0,0.0,0.0,0.0,0.0,0.0,0.0,0.0,0.0,0.0
NG201800000393,0.0,0.0,0.0,0.0,0.0,0.0,0.0,0.0,0.0,0.0
NG201800000394,0.0,0.0,0.0,0.0,0.0,0.0,0.0,0.0,0.0,0.0
NG201800000395,0.0,0.0,0.0,0.0,0.0,0.0,0.0,0.0,0.0,0.0
NG201800000396,0.0,0.0,0.0,0.0,0.0,0.0,0.0,0.0,0.0,0.0
NG201800000397,1.0,0.0,0.0,0.0,0.0,2.0,0.0,0.0,0.0,3.0
NG201800000398,0.0,0.0,0.0,0.0,0.0,0.0,0.0,0.0,0.0,0.0
NG201800000399,0.0,0.0,0.0,0.0,0.0,0.0,0.0,0.0,0.0,0.0
NG201800000400,0.0,0.0,0.0,0.0,0.0,0.0,0.0,0.0,0.0,0.0
NG201800000401,0.0,0.0,0.0,0.0,0.0,0.0,0.0,0.0,0.0,0.0
NG201800000402,0.0,0.0,0.0,0.0,0.0,0.0,0.0,0.0,0.0,0.0
NG201800000403,0.0,0.0,0.0,0.0,0.0,0.0,0.0,0.0,0.0,0.0
NG201800000404,0.0,1.0,1.0,0.0,0.0,0.0,5.0,0.0,0.0,7.0
NG201800000405,0.0,0.0,0.0,0.0,0.0,0.0,0.0,0.0,0.0,0.0
NG201800000406,0.0,0.0,0.0,0.0,0.0,0.0,1.0,0.0,0.0,1.0
NG201800000407,0.0,0.0,0.0,0.0,0.0,0.0,0.0,0.0,0.0,0.0
NG201800000408,0.0,0.0,0.0,0.0,0.0,0.0,0.0,0.0,0.0,0.0
NG201800000409,0.0,0.0,0.0,0.0,0.0,0.0,0.0,0.0,0.0,0.0
NG201800000410,0.0,0.0,0.0,0.0,0.0,0.0,0.0,0.0,0.0,0.0
NG201800000411,0.0,0.0,0.0,0.0,0.0,0.0,0.0,0.0,0.0,0.0
NG201800000412,0.0,0.0,0.0,0.0,1.0,0.0,0.0,0.0,0.0,1.0
NG201800000413,0.0,0.0,0.0,0.0,0.0,0.0,0.0,0.0,0.0,0.0
NG201800000414,0.0,0.0,0.0,0.0,0.0,0.0,0.0,0.0,0.0,0.0
NG201800000415,0.0,0.0,0.0,0.0,0.0,0.0,0.0,0.0,0.0,0.0
NG201800000416,0.0,0.0,0.0,0.0,1.0,0.0,0.0,0.0,0.0,1.0
NG201800000417,0.0,0.0,0.0,0.0,0.0,0.0,0.0,0.0,0.0,0.0
NG201800000418,0.0,0.0,0.0,0.0,0.0,0.0,0.0,0.0,0.0,0.0
NG201800000419,0.0,0.0,0.0,0.0,0.0,0.0,0.0,0.0,0.0,0.0
NG201800000420,0.0,0.0,0.0,0.0,0.0,0.0,0.0,0.0,0.0,0.0
NG201800000421,0.0,1.0,0.0,0.0,0.0,0.0,0.0,0.0,0.0,1.0
NG201800000422,0.0,0.0,0.0,0.0,0.0,0.0,0.0,0.0,0.0,0.0
NG201800000423,0.0,0.0,0.0,0.0,0.0,0.0,0.0,0.0,0.0,0.0
NG201800000424,0.0,0.0,0.0,0.0,0.0,0.0,0.0,0.0,0.0,0.0
NG201800000425,0.0,0.0,0.0,0.0,0.0,0.0,0.0,0.0,0.0,0.0
NG201800000426,0.0,0.0,0.0,0.0,0.0,0.0,0.0,0.0,0.0,0.0
NG201800000427,0.0,1.0,1.0,0.0,0.0,0.0,5.0,0.0,0.0,7.0
NG201800000428,0.0,0.0,0.0,0.0,0.0,0.0,0.0,0.0,0.0,0.0
NG201800000429,0.0,0.0,0.0,0.0,0.0,0.0,0.0,0.0,0.0,0.0
NG201800000430,0.0,0.0,0.0,0.0,0.0,0.0,0.0,0.0,0.0,0.0
NG201800000431,0.0,0.0,0.0,0.0,0.0,0.0,0.0,0.0,0.0,0.0
NG201800000432,0.0,0.0,0.0,0.0,0.0,0.0,0.0,0.0,0.0,0.0
NG201800000433,0.0,0.0,0.0,0.0,0.0,0.0,0.0,0.0,0.0,0.0
NG201800000434,0.0,0.0,0.0,0.0,0.0,0.0,0.0,0.0,0.0,0.0
NG201800000435,1.0,4.0,3.0,8.0,4.0,1.0,24.0,0.0,5.0,50.0
NG201800000436,0.0,0.0,0.0,0.0,0.0,0.0,12.0,0.0,0.0,12.0
NG201800000437,0.0,0.0,0.0,0.0,0.0,0.0,13.0,0.0,0.0,13.0
NG201800000438,0.0,2.0,0.0,0.0,0.0,0.0,0.0,0.0,0.0,2.0
NG201800000439,1.0,4.0,2.0,8.0,4.0,1.0,16.0,0.0,5.0,41.0
NG201800000440,0.0,1.0,0.0,0.0,0.0,0.0,0.0,0.0,0.0,1.0
NG201800000441,0.0,10.0,0.0,0.0,0.0,0.0,3.0,0.0,0.0,13.0
NG201800000442,0.0,11.0,1.0,0.0,0.0,1.0,1.0,0.0,0.0,14.0
NG201800000443,0.0,3.0,0.0,0.0,1.0,0.0,0.0,0.0,0.0,4.0
NG201800000444,0.0,0.0,0.0,0.0,0.0,0.0,0.0,0.0,0.0,0.0
NG201800000445,0.0,5.0,0.0,0.0,0.0,0.0,0.0,0.0,0.0,5.0
NG201800000446,0.0,5.0,0.0,0.0,1.0,0.0,0.0,0.0,0.0,6.0
NG201800000447,0.0,3.0,0.0,0.0,0.0,0.0,0.0,0.0,0.0,3.0
NG201800000448,0.0,0.0,0.0,0.0,0.0,0.0,0.0,0.0,0.0,0.0
NG201800000449,0.0,0.0,0.0,0.0,0.0,0.0,0.0,0.0,0.0,0.0
NG201800000450,0.0,2.0,0.0,0.0,0.0,0.0,0.0,0.0,0.0,2.0
NG201800000451,0.0,0.0,0.0,0.0,0.0,0.0,0.0,0.0,0.0,0.0
NG201800000452,0.0,1.0,0.0,1.0,0.0,0.0,1.0,0.0,0.0,3.0
NG201800000453,0.0,0.0,0.0,0.0,0.0,0.0,0.0,0.0,0.0,0.0
NG201800000454,0.0,2.0,0.0,0.0,0.0,0.0,1.0,0.0,0.0,3.0
NG201800000455,0.0,0.0,0.0,0.0,0.0,0.0,0.0,0.0,0.0,0.0
NG201800000456,0.0,4.0,0.0,0.0,0.0,0.0,0.0,0.0,0.0,4.0
NG201800000457,0.0,1.0,0.0,0.0,0.0,0.0,0.0,0.0,0.0,1.0
NG201800000458,0.0,1.0,0.0,0.0,0.0,0.0,0.0,0.0,0.0,1.0
NG201800000459,0.0,1.0,0.0,0.0,0.0,0.0,0.0,0.0,0.0,1.0
NG201800000460,0.0,1.0,0.0,0.0,0.0,0.0,0.0,0.0,0.0,1.0
NG201800000461,0.0,0.0,0.0,0.0,0.0,0.0,0.0,0.0,0.0,0.0
NG201800000462,0.0,1.0,0.0,0.0,0.0,0.0,0.0,0.0,0.0,1.0
NG201800000463,0.0,1.0,0.0,0.0,0.0,0.0,0.0,0.0,0.0,1.0
NG201800000464,0.0,1.0,0.0,0.0,0.0,0.0,0.0,0.0,0.0,1.0
NG201800000465,0.0,1.0,0.0,0.0,0.0,0.0,0.0,0.0,0.0,1.0
NG201800000466,0.0,5.0,0.0,0.0,0.0,0.0,0.0,0.0,0.0,5.0
NG201800000467,0.0,0.0,0.0,0.0,0.0,0.0,0.0,0.0,0.0,0.0
NG201800000468,0.0,2.0,0.0,0.0,0.0,0.0,0.0,0.0,0.0,2.0
NG201800000469,0.0,6.0,0.0,0.0,0.0,0.0,0.0,0.0,0.0,6.0
NG201800000470,0.0,0.0,0.0,0.0,0.0,0.0,0.0,0.0,0.0,0.0
NG201800000471,0.0,0.0,0.0,0.0,0.0,0.0,0.0,0.0,0.0,0.0
NG201800000472,0.0,0.0,0.0,0.0,0.0,0.0,0.0,0.0,0.0,0.0
NG201800000473,0.0,0.0,0.0,0.0,0.0,0.0,0.0,0.0,0.0,0.0
NG201800000474,0.0,0.0,0.0,0.0,0.0,0.0,0.0,0.0,0.0,0.0
NG201800000475,0.0,0.0,0.0,0.0,0.0,0.0,0.0,0.0,0.0,0.0
NG201800000476,0.0,0.0,0.0,0.0,0.0,0.0,0.0,0.0,0.0,0.0
NG201800000477,0.0,0.0,0.0,0.0,0.0,0.0,0.0,0.0,0.0,0.0
NG201800000478,1.0,0.0,0.0,0.0,0.0,0.0,0.0,0.0,0.0,1.0
NG201800000479,0.0,0.0,0.0,0.0,1.0,0.0,0.0,0.0,0.0,1.0
NG201800000480,0.0,0.0,0.0,0.0,0.0,0.0,0.0,0.0,0.0,0.0
NG201800000481,0.0,0.0,0.0,0.0,0.0,0.0,0.0,0.0,0.0,0.0
NG201800000482,0.0,0.0,0.0,0.0,0.0,0.0,0.0,0.0,0.0,0.0
NG201800000483,0.0,0.0,0.0,0.0,0.0,0.0,0.0,0.0,0.0,0.0
NG201800000484,0.0,0.0,0.0,0.0,0.0,0.0,0.0,0.0,0.0,0.0
NG201800000485,0.0,0.0,0.0,0.0,0.0,0.0,0.0,0.0,0.0,0.0
NG201800000486,0.0,0.0,0.0,0.0,0.0,0.0,0.0,0.0,0.0,0.0
NG201800000487,0.0,0.0,0.0,0.0,0.0,0.0,0.0,0.0,0.0,0.0
NG201800000488,0.0,0.0,0.0,0.0,0.0,0.0,0.0,0.0,0.0,0.0
NG201800000489,0.0,0.0,0.0,0.0,0.0,0.0,0.0,0.0,0.0,0.0
NG201800000490,0.0,0.0,0.0,0.0,2.0,0.0,0.0,0.0,0.0,2.0
NG201800000491,0.0,0.0,0.0,0.0,0.0,0.0,0.0,0.0,0.0,0.0
NG201800000492,0.0,0.0,0.0,0.0,0.0,0.0,0.0,0.0,0.0,0.0
NG201800000493,0.0,0.0,0.0,0.0,0.0,0.0,0.0,0.0,0.0,0.0
NG201800000494,0.0,0.0,0.0,0.0,0.0,0.0,0.0,0.0,0.0,0.0
NG201800000495,0.0,0.0,0.0,0.0,0.0,0.0,0.0,0.0,0.0,0.0
NG201800000496,0.0,0.0,0.0,0.0,0.0,0.0,0.0,0.0,0.0,0.0
NG201800000497,0.0,0.0,0.0,0.0,0.0,0.0,0.0,0.0,0.0,0.0
NG201800000498,0.0,1.0,0.0,0.0,0.0,0.0,0.0,0.0,0.0,1.0
NG201800000499,0.0,0.0,0.0,0.0,17.0,0.0,0.0,0.0,0.0,17.0
NG201800000500,1.0,0.0,2.0,2.0,10.0,0.0,6.0,0.0,0.0,21.0
NG201800000501,0.0,1.0,1.0,1.0,5.0,3.0,10.0,0.0,0.0,21.0
NG201800000502,0.0,0.0,0.0,0.0,0.0,0.0,0.0,0.0,0.0,0.0
NG201800000503,0.0,0.0,0.0,0.0,0.0,0.0,0.0,0.0,0.0,0.0
NG201800000504,0.0,0.0,0.0,0.0,0.0,0.0,0.0,0.0,0.0,0.0
NG201800000505,0.0,0.0,0.0,0.0,0.0,0.0,0.0,0.0,0.0,0.0
NG201800000506,0.0,0.0,0.0,0.0,0.0,0.0,0.0,0.0,0.0,0.0
NG201800000507,0.0,0.0,0.0,0.0,0.0,0.0,0.0,0.0,0.0,0.0
NG201800000508,0.0,0.0,0.0,0.0,0.0,0.0,0.0,0.0,0.0,0.0
NG201800000509,0.0,0.0,0.0,0.0,0.0,0.0,0.0,0.0,0.0,0.0
NG201800000510,1.0,1.0,0.0,0.0,0.0,0.0,1.0,0.0,0.0,3.0
NG201800000511,0.0,0.0,0.0,0.0,0.0,0.0,0.0,0.0,0.0,0.0
NG201800000512,0.0,0.0,0.0,0.0,0.0,0.0,0.0,0.0,0.0,0.0
NG201800000513,0.0,0.0,0.0,0.0,0.0,0.0,0.0,0.0,0.0,0.0
NG201800000514,0.0,0.0,0.0,0.0,0.0,0.0,0.0,0.0,0.0,0.0
NG201800000515,0.0,0.0,0.0,0.0,0.0,0.0,0.0,0.0,0.0,0.0
NG201800000516,0.0,1.0,0.0,0.0,2.0,0.0,2.0,0.0,0.0,5.0
NG201800000517,0.0,2.0,1.0,4.0,21.0,1.0,3.0,0.0,5.0,37.0
NG201800000518,1.0,0.0,0.0,0.0,0.0,0.0,0.0,0.0,0.0,1.0
NG201800000519,8.0,13.0,9.0,15.0,22.0,2.0,15.0,0.0,11.0,95.0
NG201800000520,1.0,3.0,0.0,0.0,3.0,0.0,0.0,0.0,2.0,9.0
NG201800000521,9.0,3.0,8.0,5.0,7.0,1.0,3.0,0.0,6.0,42.0
NG201800000522,4.0,1.0,0.0,0.0,3.0,0.0,0.0,0.0,2.0,10.0
NG201800000523,0.0,1.0,0.0,0.0,0.0,0.0,0.0,0.0,0.0,1.0
NG201800000524,3.0,4.0,0.0,1.0,15.0,0.0,0.0,0.0,1.0,24.0
NG201800000525,2.0,1.0,2.0,0.0,0.0,0.0,0.0,0.0,5.0,10.0
NG201800000526,0.0,0.0,0.0,0.0,6.0,0.0,0.0,0.0,0.0,6.0
NG201800000527,0.0,0.0,0.0,0.0,0.0,0.0,0.0,0.0,0.0,0.0
NG201800000528,0.0,0.0,0.0,0.0,0.0,0.0,0.0,0.0,0.0,0.0
NG201800000530,0.0,0.0,0.0,0.0,0.0,0.0,0.0,0.0,0.0,0.0
NG201800000531,0.0,0.0,0.0,0.0,0.0,0.0,0.0,0.0,0.0,0.0
NG201800000532,0.0,0.0,0.0,0.0,0.0,0.0,0.0,0.0,0.0,0.0
NG201800000533,0.0,0.0,0.0,0.0,0.0,0.0,0.0,0.0,0.0,0.0
NG201800000534,0.0,0.0,0.0,0.0,0.0,0.0,0.0,0.0,0.0,0.0
NG201800000535,0.0,0.0,0.0,0.0,0.0,0.0,0.0,0.0,0.0,0.0
NG201800000536,0.0,0.0,0.0,0.0,0.0,0.0,0.0,0.0,0.0,0.0
NG201800000537,1.0,1.0,0.0,0.0,2.0,1.0,3.0,0.0,0.0,8.0
NG201800000538,0.0,0.0,0.0,0.0,0.0,0.0,0.0,0.0,0.0,0.0
NG201800000539,0.0,0.0,0.0,0.0,0.0,0.0,0.0,0.0,0.0,0.0
NG201800000540,0.0,0.0,0.0,0.0,0.0,0.0,0.0,0.0,0.0,0.0
NG201800000541,0.0,0.0,0.0,0.0,0.0,0.0,0.0,0.0,0.0,0.0
NG201800000542,0.0,0.0,0.0,0.0,0.0,0.0,0.0,0.0,0.0,0.0
NG201800000543,0.0,0.0,0.0,0.0,0.0,0.0,0.0,0.0,0.0,0.0
NG201800000544,0.0,0.0,0.0,0.0,0.0,0.0,0.0,0.0,0.0,0.0
NG201800000545,0.0,0.0,0.0,0.0,0.0,0.0,0.0,0.0,0.0,0.0
NG201800000546,0.0,0.0,0.0,0.0,0.0,0.0,0.0,0.0,0.0,0.0
NG201800000547,0.0,0.0,0.0,0.0,4.0,0.0,0.0,0.0,0.0,4.0
NG201800000548,0.0,0.0,0.0,0.0,0.0,0.0,0.0,0.0,0.0,0.0
NG201800000549,0.0,0.0,0.0,0.0,0.0,0.0,0.0,0.0,0.0,0.0
NG201800000550,4.0,0.0,0.0,0.0,0.0,0.0,0.0,0.0,0.0,4.0
NG201800000551,0.0,0.0,0.0,0.0,0.0,0.0,0.0,0.0,0.0,0.0
NG201800000552,1.0,1.0,0.0,0.0,0.0,0.0,0.0,0.0,0.0,2.0
NG201800000553,0.0,7.0,0.0,0.0,0.0,0.0,1.0,0.0,0.0,8.0
NG201800000554,0.0,1.0,0.0,0.0,0.0,0.0,0.0,0.0,0.0,1.0
NG201800000555,2.0,1.0,0.0,0.0,0.0,2.0,2.0,0.0,0.0,7.0
NG201800000556,6.0,8.0,4.0,1.0,1.0,5.0,6.0,0.0,2.0,33.0
NG201800000557,3.0,7.0,1.0,0.0,1.0,4.0,4.0,0.0,0.0,20.0
NG201800000558,1.0,9.0,0.0,0.0,0.0,0.0,2.0,0.0,0.0,12.0
NG201800000559,2.0,5.0,0.0,1.0,1.0,0.0,12.0,0.0,0.0,21.0
NG201800000560,4.0,5.0,1.0,2.0,10.0,0.0,18.0,0.0,1.0,41.0
NG201800000561,6.0,3.0,4.0,14.0,13.0,1.0,90.0,0.0,7.0,138.0
NG201800000562,0.0,5.0,0.0,1.0,0.0,0.0,4.0,0.0,0.0,10.0
NG201800000563,8.0,8.0,2.0,1.0,7.0,9.0,10.0,0.0,3.0,48.0
NG201800000564,4.0,12.0,2.0,1.0,2.0,12.0,5.0,0.0,2.0,40.0
NG201800000565,8.0,2.0,0.0,0.0,0.0,0.0,9.0,0.0,0.0,19.0
NG201800000566,8.0,2.0,0.0,0.0,0.0,0.0,3.0,0.0,0.0,13.0
NG201800000567,1.0,1.0,0.0,0.0,1.0,0.0,0.0,0.0,0.0,3.0
NG201800000568,0.0,0.0,0.0,0.0,0.0,0.0,0.0,0.0,0.0,0.0
NG201800000569,0.0,2.0,0.0,0.0,0.0,0.0,0.0,0.0,0.0,2.0
NG201800000570,0.0,0.0,0.0,0.0,0.0,0.0,0.0,0.0,0.0,0.0
NG201800000571,0.0,1.0,0.0,0.0,0.0,0.0,0.0,0.0,0.0,1.0
NG201800000572,0.0,1.0,0.0,0.0,0.0,0.0,0.0,0.0,0.0,1.0
NG201800000573,0.0,0.0,0.0,0.0,2.0,0.0,1.0,0.0,0.0,3.0
NG201800000574,0.0,10.0,0.0,0.0,0.0,0.0,0.0,0.0,0.0,10.0
NG201800000575,0.0,5.0,0.0,0.0,0.0,0.0,0.0,0.0,0.0,5.0
NG201800000576,0.0,4.0,0.0,0.0,0.0,0.0,0.0,0.0,0.0,4.0
NG201800000577,0.0,13.0,0.0,0.0,1.0,0.0,0.0,0.0,3.0,17.0
NG201800000578,0.0,5.0,0.0,0.0,2.0,0.0,0.0,0.0,0.0,7.0
NG201800000579,1.0,10.0,0.0,0.0,0.0,0.0,7.0,0.0,0.0,18.0
NG201800000580,0.0,13.0,0.0,0.0,0.0,0.0,0.0,0.0,0.0,13.0
NG201800000581,0.0,7.0,0.0,0.0,0.0,0.0,0.0,0.0,0.0,7.0
NG201800000582,0.0,4.0,0.0,0.0,0.0,0.0,0.0,0.0,0.0,4.0
NG201800000583,0.0,7.0,0.0,0.0,2.0,0.0,1.0,0.0,1.0,11.0
NG201800000584,26.0,7.0,0.0,0.0,9.0,0.0,25.0,0.0,0.0,67.0
NG201800000585,0.0,6.0,0.0,0.0,0.0,0.0,1.0,0.0,0.0,7.0
NG201800000586,1.0,2.0,0.0,0.0,1.0,0.0,0.0,0.0,0.0,4.0
NG201800000587,0.0,6.0,0.0,0.0,0.0,0.0,0.0,0.0,0.0,6.0
NG201800000588,0.0,3.0,0.0,0.0,0.0,0.0,0.0,0.0,0.0,3.0
NG201800000589,1.0,4.0,0.0,0.0,1.0,0.0,0.0,0.0,0.0,6.0
NG201800000590,1.0,1.0,0.0,0.0,1.0,0.0,0.0,0.0,0.0,3.0
NG201800000591,0.0,1.0,0.0,0.0,0.0,0.0,0.0,0.0,0.0,1.0
NG201800000592,0.0,14.0,0.0,0.0,0.0,0.0,0.0,0.0,0.0,14.0
NG201800000593,0.0,2.0,0.0,0.0,0.0,0.0,0.0,0.0,0.0,2.0
NG201800000594,0.0,6.0,0.0,0.0,0.0,0.0,0.0,0.0,0.0,6.0
NG201800000595,0.0,8.0,0.0,0.0,0.0,0.0,0.0,0.0,0.0,8.0
NG201800000596,0.0,0.0,0.0,0.0,0.0,0.0,0.0,0.0,0.0,0.0
NG201800000597,1.0,3.0,1.0,0.0,0.0,0.0,0.0,0.0,0.0,5.0
NG201800000598,0.0,1.0,0.0,0.0,0.0,0.0,0.0,0.0,0.0,1.0
NG201800000599,0.0,3.0,0.0,0.0,0.0,0.0,0.0,0.0,0.0,3.0
NG201800000600,0.0,0.0,0.0,0.0,0.0,0.0,0.0,0.0,0.0,0.0
NG201800000601,0.0,2.0,0.0,0.0,0.0,0.0,0.0,0.0,0.0,2.0
NG201800000602,0.0,1.0,0.0,0.0,0.0,0.0,0.0,0.0,0.0,1.0
NG201800000603,0.0,0.0,0.0,0.0,0.0,0.0,0.0,0.0,0.0,0.0
NG201800000604,0.0,1.0,0.0,0.0,2.0,0.0,0.0,0.0,0.0,3.0
NG201800000605,0.0,0.0,1.0,0.0,0.0,0.0,0.0,0.0,0.0,1.0
NG201800000606,0.0,0.0,0.0,0.0,0.0,0.0,0.0,0.0,0.0,0.0
NG201800000607,8.0,21.0,0.0,3.0,9.0,10.0,6.0,0.0,2.0,59.0
NG201800000608,8.0,17.0,0.0,3.0,10.0,10.0,6.0,0.0,2.0,56.0
NG201800000609,0.0,0.0,0.0,0.0,0.0,0.0,0.0,0.0,0.0,0.0
NG201800000610,0.0,0.0,0.0,0.0,0.0,0.0,0.0,0.0,0.0,0.0
NG201800000611,0.0,0.0,0.0,0.0,0.0,0.0,0.0,0.0,0.0,0.0
NG201800000612,0.0,0.0,0.0,0.0,0.0,0.0,0.0,0.0,0.0,0.0
NG201800000613,0.0,0.0,0.0,0.0,0.0,0.0,0.0,0.0,0.0,0.0
NG201800000614,0.0,0.0,0.0,0.0,0.0,0.0,0.0,0.0,0.0,0.0
NG201800000615,0.0,0.0,0.0,0.0,0.0,0.0,0.0,0.0,0.0,0.0
NG201800000616,0.0,0.0,0.0,0.0,0.0,0.0,0.0,0.0,0.0,0.0
NG201800000617,0.0,0.0,0.0,0.0,0.0,0.0,0.0,0.0,0.0,0.0
NG201800000618,0.0,0.0,1.0,0.0,0.0,0.0,0.0,0.0,0.0,1.0
NG201800000619,0.0,0.0,1.0,0.0,0.0,0.0,0.0,0.0,0.0,1.0
NG201800000620,0.0,0.0,0.0,0.0,0.0,0.0,0.0,0.0,0.0,0.0
NG201800000621,0.0,0.0,0.0,0.0,0.0,0.0,0.0,0.0,0.0,0.0
NG201800000622,0.0,0.0,0.0,0.0,0.0,0.0,0.0,0.0,0.0,0.0
NG201800000623,0.0,0.0,0.0,0.0,0.0,0.0,0.0,0.0,0.0,0.0
NG201800000624,11.0,6.0,5.0,5.0,18.0,13.0,14.0,0.0,2.0,74.0
NG201800000625,0.0,0.0,0.0,0.0,0.0,0.0,0.0,0.0,0.0,0.0
NG201800000626,0.0,0.0,0.0,0.0,0.0,0.0,0.0,0.0,0.0,0.0
NG201800000627,0.0,0.0,0.0,0.0,0.0,0.0,0.0,0.0,0.0,0.0
NG201800000628,0.0,0.0,0.0,0.0,0.0,0.0,0.0,0.0,0.0,0.0
NG201800000629,0.0,0.0,0.0,0.0,0.0,0.0,0.0,0.0,0.0,0.0
NG201800000630,0.0,0.0,0.0,0.0,0.0,0.0,0.0,0.0,0.0,0.0
NG201800000631,0.0,0.0,0.0,0.0,0.0,0.0,0.0,0.0,0.0,0.0
NG201800000634,0.0,0.0,0.0,0.0,0.0,0.0,0.0,0.0,0.0,0.0
NG201800000635,0.0,0.0,0.0,0.0,0.0,0.0,0.0,0.0,0.0,0.0
NG201800000636,0.0,0.0,0.0,0.0,0.0,0.0,0.0,0.0,0.0,0.0
NG201800000637,0.0,0.0,0.0,0.0,0.0,0.0,0.0,0.0,0.0,0.0
NG201800000638,0.0,0.0,0.0,0.0,0.0,0.0,0.0,0.0,0.0,0.0
NG201800000639,0.0,0.0,0.0,0.0,0.0,0.0,0.0,0.0,0.0,0.0
NG201800000640,0.0,0.0,0.0,0.0,0.0,0.0,0.0,0.0,0.0,0.0
NG201800000641,0.0,0.0,0.0,0.0,0.0,0.0,0.0,0.0,0.0,0.0
NG201800000642,0.0,0.0,0.0,0.0,0.0,0.0,0.0,0.0,0.0,0.0
NG201800000643,0.0,0.0,0.0,0.0,0.0,0.0,0.0,0.0,0.0,0.0
NG201800000644,0.0,0.0,0.0,0.0,0.0,0.0,0.0,0.0,0.0,0.0
NG201800000645,0.0,0.0,0.0,0.0,0.0,0.0,0.0,0.0,0.0,0.0
NG201800000646,0.0,0.0,0.0,0.0,0.0,0.0,0.0,0.0,0.0,0.0
NG201800000647,0.0,3.0,0.0,0.0,0.0,0.0,0.0,0.0,0.0,3.0
NG201800000648,0.0,0.0,0.0,0.0,0.0,0.0,0.0,0.0,0.0,0.0
NG201800000649,0.0,1.0,0.0,0.0,0.0,0.0,0.0,0.0,0.0,1.0
NG201800000650,0.0,5.0,0.0,0.0,0.0,0.0,0.0,0.0,0.0,5.0
NG201800000651,0.0,1.0,0.0,0.0,0.0,0.0,0.0,0.0,0.0,1.0
NG201800000652,0.0,2.0,0.0,0.0,0.0,0.0,1.0,0.0,0.0,3.0
NG201800000653,0.0,0.0,0.0,0.0,0.0,0.0,0.0,0.0,0.0,0.0
NG201800000654,0.0,0.0,0.0,0.0,0.0,0.0,0.0,0.0,0.0,0.0
NG201800000655,0.0,0.0,0.0,0.0,0.0,0.0,0.0,0.0,0.0,0.0
NG201800000656,0.0,1.0,0.0,0.0,0.0,0.0,0.0,0.0,0.0,1.0
NG201800000657,0.0,0.0,0.0,0.0,0.0,0.0,0.0,0.0,0.0,0.0
NG201800000658,0.0,1.0,0.0,0.0,0.0,0.0,0.0,0.0,0.0,1.0
NG201800000659,0.0,0.0,0.0,0.0,0.0,0.0,0.0,0.0,0.0,0.0
NG201800000660,0.0,1.0,0.0,0.0,0.0,0.0,0.0,0.0,0.0,1.0
NG201800000661,0.0,0.0,0.0,0.0,0.0,0.0,0.0,0.0,0.0,0.0
NG201800000662,0.0,1.0,0.0,0.0,0.0,0.0,0.0,0.0,0.0,1.0
NG201800000663,0.0,1.0,0.0,0.0,0.0,0.0,0.0,0.0,0.0,1.0
NG201800000664,0.0,0.0,0.0,0.0,0.0,0.0,0.0,0.0,0.0,0.0
NG201800000665,0.0,0.0,0.0,0.0,0.0,0.0,0.0,0.0,0.0,0.0
NG201800000666,0.0,1.0,0.0,0.0,0.0,0.0,0.0,0.0,0.0,1.0
NG201800000667,0.0,3.0,0.0,0.0,0.0,0.0,0.0,0.0,0.0,3.0
NG201800000668,0.0,0.0,0.0,0.0,0.0,0.0,0.0,0.0,0.0,0.0
NG201800000669,0.0,1.0,0.0,0.0,0.0,0.0,0.0,0.0,0.0,1.0
NG201800000670,0.0,0.0,0.0,0.0,0.0,0.0,0.0,0.0,0.0,0.0
NG201800000671,0.0,0.0,0.0,0.0,0.0,0.0,0.0,0.0,0.0,0.0
NG201800000672,0.0,0.0,0.0,0.0,0.0,5.0,0.0,0.0,0.0,5.0
NG201800000673,0.0,1.0,0.0,0.0,0.0,0.0,0.0,0.0,0.0,1.0
NG201800000674,0.0,3.0,0.0,0.0,0.0,0.0,0.0,0.0,0.0,3.0
NG201800000675,0.0,1.0,0.0,0.0,0.0,0.0,0.0,0.0,0.0,1.0
NG201800000676,0.0,0.0,0.0,0.0,0.0,0.0,0.0,0.0,0.0,0.0
NG201800000677,0.0,1.0,0.0,0.0,0.0,0.0,0.0,0.0,0.0,1.0
NG201800000678,0.0,1.0,0.0,0.0,0.0,0.0,0.0,0.0,0.0,1.0
NG201800000679,0.0,0.0,0.0,0.0,0.0,0.0,0.0,0.0,0.0,0.0
NG201800000680,0.0,0.0,0.0,0.0,0.0,0.0,0.0,0.0,0.0,0.0
NG201800000681,0.0,0.0,0.0,0.0,0.0,0.0,0.0,0.0,0.0,0.0
NG201800000682,0.0,1.0,0.0,0.0,0.0,0.0,0.0,0.0,0.0,1.0
NG201800000683,0.0,1.0,0.0,0.0,0.0,0.0,0.0,0.0,0.0,1.0
NG201800000684,0.0,1.0,0.0,0.0,0.0,0.0,0.0,0.0,0.0,1.0
NG201800000685,0.0,23.0,2.0,1.0,4.0,0.0,2.0,0.0,5.0,37.0
NG201800000686,0.0,7.0,2.0,1.0,1.0,0.0,0.0,0.0,4.0,15.0
NG201800000687,0.0,21.0,2.0,0.0,4.0,0.0,2.0,0.0,1.0,30.0
NG201800000688,2.0,3.0,3.0,2.0,0.0,0.0,0.0,0.0,0.0,10.0
NG201800000689,0.0,1.0,0.0,0.0,0.0,0.0,0.0,0.0,0.0,1.0
NG201800000691,0.0,2.0,0.0,0.0,0.0,0.0,0.0,0.0,0.0,2.0
NG201800000693,0.0,0.0,0.0,0.0,0.0,0.0,0.0,0.0,0.0,0.0
NG201800000694,0.0,0.0,0.0,0.0,0.0,0.0,0.0,0.0,0.0,0.0
NG201800000695,0.0,0.0,0.0,0.0,0.0,0.0,0.0,0.0,0.0,0.0
NG201800000696,0.0,0.0,0.0,0.0,0.0,0.0,0.0,0.0,0.0,0.0
NG201800000697,0.0,0.0,0.0,0.0,0.0,0.0,0.0,0.0,0.0,0.0
NG201800000698,0.0,0.0,0.0,0.0,0.0,0.0,0.0,0.0,0.0,0.0
NG201800000699,0.0,0.0,0.0,0.0,0.0,0.0,0.0,0.0,0.0,0.0
NG201800000700,0.0,0.0,0.0,0.0,0.0,0.0,0.0,0.0,0.0,0.0
NG201800000701,0.0,0.0,0.0,0.0,0.0,0.0,0.0,0.0,0.0,0.0
NG201800000702,0.0,0.0,0.0,0.0,0.0,0.0,0.0,0.0,0.0,0.0
NG201800000703,0.0,0.0,0.0,0.0,0.0,0.0,0.0,0.0,0.0,0.0
NG201800000704,0.0,0.0,0.0,0.0,0.0,0.0,0.0,0.0,0.0,0.0
NG201800000705,0.0,1.0,0.0,0.0,0.0,0.0,0.0,0.0,0.0,1.0
NG201800000706,0.0,2.0,0.0,0.0,0.0,0.0,0.0,0.0,0.0,2.0
NG201800000707,0.0,2.0,0.0,0.0,0.0,0.0,0.0,0.0,0.0,2.0
NG201800000708,0.0,0.0,0.0,0.0,0.0,0.0,0.0,0.0,0.0,0.0
NG201800000709,0.0,1.0,0.0,0.0,0.0,0.0,0.0,0.0,0.0,1.0
NG201800000710,1.0,1.0,0.0,0.0,1.0,0.0,0.0,0.0,1.0,4.0
NG201800000711,0.0,0.0,0.0,0.0,0.0,0.0,0.0,0.0,0.0,0.0
NG201800000712,0.0,1.0,0.0,0.0,0.0,0.0,0.0,0.0,0.0,1.0
NG201800000714,0.0,1.0,0.0,0.0,0.0,0.0,0.0,0.0,0.0,1.0
NG201800000715,0.0,1.0,0.0,0.0,0.0,0.0,0.0,0.0,0.0,1.0
NG201800000716,0.0,0.0,0.0,0.0,0.0,0.0,0.0,0.0,0.0,0.0
NG201800000717,0.0,0.0,0.0,0.0,0.0,0.0,0.0,0.0,0.0,0.0
NG201800000718,0.0,0.0,0.0,0.0,0.0,0.0,0.0,0.0,0.0,0.0
NG201800000719,0.0,0.0,0.0,0.0,0.0,0.0,0.0,0.0,0.0,0.0
NG201800000720,0.0,1.0,0.0,0.0,0.0,0.0,0.0,0.0,0.0,1.0
NG201800000721,0.0,3.0,0.0,0.0,0.0,0.0,0.0,0.0,0.0,3.0
NG201800000722,0.0,1.0,0.0,0.0,0.0,0.0,0.0,0.0,0.0,1.0
NG201800000723,0.0,1.0,0.0,0.0,0.0,0.0,0.0,0.0,0.0,1.0
NG201800000724,0.0,1.0,0.0,0.0,0.0,0.0,0.0,0.0,0.0,1.0
NG201800000725,0.0,2.0,0.0,0.0,1.0,0.0,0.0,0.0,0.0,3.0
NG201800000726,0.0,0.0,0.0,0.0,0.0,0.0,0.0,0.0,0.0,0.0
NG201800000727,0.0,0.0,0.0,0.0,0.0,0.0,0.0,0.0,0.0,0.0
NG201800000728,0.0,1.0,0.0,0.0,0.0,0.0,0.0,0.0,0.0,1.0
NG201800000729,0.0,0.0,0.0,0.0,0.0,0.0,0.0,0.0,0.0,0.0
NG201800000730,0.0,1.0,0.0,0.0,0.0,0.0,0.0,0.0,0.0,1.0
NG201800000731,0.0,1.0,0.0,0.0,0.0,0.0,0.0,0.0,0.0,1.0
NG201800000732,0.0,0.0,0.0,0.0,0.0,0.0,0.0,0.0,0.0,0.0
NG201800000733,0.0,1.0,0.0,0.0,0.0,0.0,0.0,0.0,0.0,1.0
NG201800000734,2.0,1.0,0.0,0.0,0.0,0.0,0.0,0.0,0.0,3.0
NG201800000735,0.0,0.0,0.0,0.0,0.0,0.0,0.0,0.0,0.0,0.0
NG201800000736,0.0,1.0,0.0,0.0,0.0,0.0,0.0,0.0,0.0,1.0
NG201800000737,0.0,1.0,0.0,0.0,0.0,0.0,0.0,0.0,0.0,1.0
NG201800000738,0.0,0.0,0.0,0.0,0.0,0.0,0.0,0.0,0.0,0.0
NG201800000739,0.0,1.0,0.0,0.0,0.0,0.0,0.0,0.0,0.0,1.0
NG201800000740,0.0,1.0,0.0,0.0,0.0,2.0,0.0,0.0,0.0,3.0
NG201800000741,0.0,0.0,0.0,0.0,0.0,0.0,0.0,0.0,0.0,0.0
NG201800000744,0.0,1.0,0.0,0.0,0.0,0.0,0.0,0.0,0.0,1.0
NG201800000745,0.0,2.0,0.0,0.0,0.0,0.0,0.0,0.0,0.0,2.0
NG201800000746,0.0,1.0,0.0,0.0,0.0,0.0,0.0,0.0,0.0,1.0
NG201800000747,0.0,0.0,0.0,0.0,0.0,0.0,0.0,0.0,0.0,0.0
NG201800000748,0.0,0.0,0.0,0.0,0.0,0.0,0.0,0.0,0.0,0.0
NG201800000749,0.0,0.0,0.0,0.0,0.0,0.0,0.0,0.0,0.0,0.0
NG201800000750,0.0,0.0,0.0,0.0,0.0,0.0,0.0,0.0,0.0,0.0
NG201800000751,0.0,4.0,0.0,0.0,0.0,0.0,0.0,0.0,0.0,4.0
NG201800000753,0.0,4.0,0.0,0.0,0.0,0.0,0.0,0.0,0.0,4.0
NG201800000755,0.0,0.0,0.0,0.0,0.0,0.0,0.0,0.0,0.0,0.0
NG201800000756,0.0,0.0,0.0,0.0,0.0,0.0,0.0,0.0,0.0,0.0
NG201800000757,2.0,1.0,0.0,0.0,1.0,0.0,4.0,0.0,4.0,12.0
NG201800000758,0.0,0.0,0.0,0.0,0.0,0.0,3.0,0.0,3.0,6.0
NG201800000759,1.0,0.0,0.0,0.0,0.0,0.0,0.0,0.0,2.0,3.0
NG201800000760,1.0,0.0,0.0,0.0,0.0,0.0,3.0,0.0,3.0,7.0
NG201800000761,1.0,0.0,0.0,0.0,0.0,0.0,1.0,0.0,3.0,5.0
NG201800000762,0.0,0.0,0.0,0.0,0.0,0.0,3.0,0.0,3.0,6.0
NG201800000763,0.0,0.0,0.0,0.0,0.0,0.0,0.0,0.0,0.0,0.0
NG201800000764,0.0,0.0,0.0,0.0,0.0,0.0,0.0,0.0,0.0,0.0
NG201800000765,0.0,0.0,0.0,0.0,0.0,0.0,0.0,0.0,0.0,0.0
NG201800000766,0.0,0.0,0.0,0.0,0.0,0.0,0.0,0.0,0.0,0.0
NG201800000767,0.0,0.0,0.0,0.0,1.0,0.0,0.0,0.0,0.0,1.0
NG201800000768,0.0,0.0,0.0,0.0,1.0,0.0,0.0,0.0,0.0,1.0
NG201800000769,0.0,0.0,0.0,0.0,0.0,0.0,0.0,0.0,0.0,0.0
NG201800000770,0.0,0.0,0.0,0.0,0.0,0.0,0.0,0.0,0.0,0.0
NG201800000771,0.0,0.0,0.0,0.0,0.0,0.0,0.0,0.0,0.0,0.0
NG201800000772,0.0,0.0,0.0,0.0,0.0,0.0,0.0,0.0,0.0,0.0
NG201800000773,0.0,0.0,0.0,0.0,0.0,0.0,0.0,0.0,0.0,0.0
NG201800000774,2.0,1.0,0.0,0.0,0.0,1.0,2.0,0.0,1.0,7.0
NG201800000775,1.0,0.0,0.0,0.0,0.0,0.0,1.0,0.0,1.0,3.0
NG201800000776,0.0,0.0,0.0,0.0,0.0,1.0,0.0,0.0,0.0,1.0
NG201800000777,0.0,0.0,0.0,0.0,0.0,0.0,0.0,0.0,0.0,0.0
NG201800000778,0.0,0.0,0.0,0.0,0.0,0.0,0.0,0.0,0.0,0.0
NG201800000779,0.0,1.0,0.0,0.0,1.0,0.0,2.0,0.0,0.0,4.0
NG201800000780,0.0,0.0,0.0,0.0,0.0,0.0,0.0,0.0,0.0,0.0
NG201800000781,0.0,0.0,0.0,0.0,0.0,0.0,0.0,0.0,0.0,0.0
NG201800000782,0.0,0.0,0.0,0.0,0.0,0.0,0.0,0.0,0.0,0.0
NG201800000783,0.0,0.0,0.0,0.0,0.0,0.0,0.0,0.0,0.0,0.0
NG201800000784,0.0,0.0,0.0,0.0,0.0,0.0,0.0,0.0,0.0,0.0
NG201800000785,1.0,1.0,1.0,1.0,0.0,0.0,5.0,0.0,6.0,15.0
NG201800000786,0.0,0.0,0.0,0.0,0.0,0.0,1.0,0.0,1.0,2.0
NG201800000787,3.0,1.0,1.0,1.0,1.0,0.0,8.0,0.0,7.0,22.0
NG201800000788,1.0,0.0,0.0,0.0,0.0,0.0,0.0,0.0,1.0,2.0
NG201800000789,0.0,0.0,0.0,0.0,0.0,0.0,0.0,0.0,0.0,0.0
NG201800000790,0.0,0.0,0.0,0.0,0.0,0.0,3.0,0.0,0.0,3.0
NG201800000791,0.0,0.0,0.0,0.0,0.0,0.0,0.0,0.0,0.0,0.0
NG201800000792,0.0,0.0,0.0,0.0,0.0,0.0,0.0,0.0,0.0,0.0
NG201800000793,0.0,0.0,0.0,0.0,1.0,0.0,0.0,0.0,0.0,1.0
NG201800000794,0.0,0.0,0.0,0.0,0.0,0.0,0.0,0.0,0.0,0.0
NG201800000795,0.0,0.0,0.0,0.0,0.0,0.0,0.0,0.0,0.0,0.0
NG201800000796,0.0,0.0,0.0,0.0,0.0,0.0,0.0,0.0,0.0,0.0
NG201800000797,0.0,0.0,0.0,0.0,0.0,0.0,0.0,0.0,0.0,0.0
NG201800000798,0.0,0.0,0.0,0.0,0.0,0.0,0.0,0.0,0.0,0.0
NG201800000799,0.0,0.0,1.0,1.0,0.0,0.0,0.0,0.0,0.0,2.0
NG201800000800,0.0,0.0,0.0,0.0,1.0,0.0,0.0,0.0,0.0,1.0
NG201800000801,0.0,0.0,0.0,0.0,0.0,0.0,0.0,0.0,0.0,0.0
NG201800000802,0.0,0.0,0.0,0.0,0.0,0.0,0.0,0.0,0.0,0.0
NG201800000803,1.0,0.0,0.0,0.0,0.0,0.0,0.0,0.0,0.0,1.0
NG201800000804,0.0,0.0,0.0,0.0,0.0,0.0,0.0,0.0,0.0,0.0
NG201800000805,1.0,0.0,0.0,0.0,0.0,0.0,0.0,0.0,0.0,1.0
NG201800000806,0.0,0.0,0.0,0.0,0.0,0.0,0.0,0.0,0.0,0.0
NG201800000807,0.0,0.0,0.0,0.0,0.0,0.0,0.0,0.0,0.0,0.0
NG201800000808,1.0,0.0,0.0,0.0,0.0,0.0,0.0,0.0,0.0,1.0
NG201800000809,0.0,0.0,0.0,0.0,0.0,1.0,2.0,0.0,3.0,6.0
NG201800000810,1.0,0.0,0.0,0.0,0.0,0.0,1.0,0.0,2.0,4.0
NG201800000811,0.0,0.0,0.0,0.0,2.0,0.0,0.0,0.0,0.0,2.0
NG201800000812,0.0,0.0,0.0,0.0,2.0,0.0,0.0,0.0,0.0,2.0
NG201800000813,0.0,0.0,0.0,0.0,0.0,0.0,0.0,0.0,1.0,1.0
NG201800000814,0.0,0.0,0.0,0.0,0.0,0.0,0.0,0.0,0.0,0.0
NG201800000815,0.0,0.0,0.0,0.0,0.0,0.0,0.0,0.0,0.0,0.0
NG201800000816,0.0,0.0,0.0,0.0,0.0,0.0,0.0,0.0,0.0,0.0
NG201800000817,0.0,0.0,0.0,0.0,0.0,0.0,0.0,0.0,0.0,0.0
NG201800000818,0.0,0.0,0.0,0.0,0.0,0.0,0.0,0.0,0.0,0.0
NG201800000819,0.0,0.0,0.0,0.0,0.0,0.0,0.0,0.0,0.0,0.0
NG201800000820,0.0,0.0,0.0,0.0,0.0,0.0,0.0,0.0,0.0,0.0
NG201800000821,0.0,0.0,0.0,0.0,0.0,0.0,0.0,0.0,0.0,0.0
NG201800000822,0.0,0.0,0.0,0.0,0.0,0.0,0.0,0.0,0.0,0.0
NG201800000823,0.0,0.0,0.0,0.0,0.0,0.0,0.0,0.0,0.0,0.0
NG201800000824,0.0,0.0,1.0,1.0,0.0,0.0,0.0,0.0,0.0,2.0
NG201800000825,0.0,0.0,0.0,0.0,1.0,0.0,0.0,0.0,0.0,1.0
NG201800000826,0.0,0.0,0.0,0.0,0.0,0.0,0.0,0.0,0.0,0.0
NG201800000827,0.0,0.0,0.0,0.0,0.0,0.0,2.0,0.0,0.0,2.0
NG201800000828,0.0,0.0,0.0,0.0,3.0,0.0,0.0,0.0,0.0,3.0
NG201800000829,1.0,0.0,0.0,0.0,1.0,0.0,0.0,0.0,0.0,2.0
NG201800000830,0.0,0.0,0.0,0.0,0.0,0.0,0.0,0.0,0.0,0.0
NG201800000831,0.0,0.0,0.0,0.0,0.0,0.0,0.0,0.0,0.0,0.0
NG201800000832,0.0,0.0,0.0,0.0,0.0,0.0,0.0,0.0,0.0,0.0
NG201800000833,0.0,0.0,0.0,0.0,0.0,0.0,0.0,0.0,0.0,0.0
NG201800000834,0.0,0.0,0.0,0.0,0.0,0.0,0.0,0.0,0.0,0.0
NG201800000835,0.0,0.0,0.0,0.0,0.0,0.0,0.0,0.0,0.0,0.0
NG201800000836,0.0,0.0,0.0,0.0,0.0,0.0,0.0,0.0,0.0,0.0
NG201800000837,0.0,0.0,0.0,0.0,0.0,0.0,0.0,0.0,0.0,0.0
NG201800000838,0.0,0.0,0.0,0.0,0.0,0.0,0.0,0.0,0.0,0.0
NG201800000839,0.0,0.0,0.0,0.0,0.0,0.0,0.0,0.0,0.0,0.0
NG201800000840,0.0,0.0,0.0,0.0,0.0,0.0,0.0,0.0,0.0,0.0
NG201800000841,0.0,0.0,0.0,0.0,0.0,0.0,0.0,0.0,0.0,0.0
NG201800000842,0.0,0.0,0.0,0.0,1.0,1.0,1.0,0.0,0.0,3.0
NG201800000843,0.0,0.0,0.0,0.0,0.0,0.0,0.0,0.0,0.0,0.0
NG201800000844,0.0,0.0,0.0,0.0,0.0,0.0,0.0,0.0,0.0,0.0
NG201800000845,0.0,0.0,0.0,0.0,0.0,0.0,0.0,0.0,0.0,0.0
NG201800000846,0.0,0.0,0.0,0.0,0.0,0.0,0.0,0.0,0.0,0.0
NG201800000847,0.0,0.0,0.0,0.0,0.0,0.0,0.0,0.0,0.0,0.0
NG201800000848,0.0,0.0,0.0,0.0,0.0,0.0,0.0,0.0,0.0,0.0
NG201800000849,0.0,0.0,0.0,0.0,0.0,0.0,0.0,0.0,0.0,0.0
NG201800000850,0.0,0.0,0.0,0.0,0.0,0.0,0.0,0.0,0.0,0.0
NG201800000851,0.0,0.0,0.0,0.0,0.0,0.0,0.0,0.0,0.0,0.0
NG201800000852,0.0,0.0,0.0,0.0,0.0,0.0,0.0,0.0,0.0,0.0
NG201800000853,0.0,0.0,0.0,1.0,0.0,0.0,1.0,0.0,0.0,2.0
NG201800000854,0.0,0.0,0.0,0.0,0.0,0.0,0.0,0.0,0.0,0.0
NG201800000855,0.0,0.0,0.0,0.0,0.0,0.0,0.0,0.0,0.0,0.0
NG201800000856,0.0,0.0,0.0,0.0,0.0,0.0,1.0,0.0,0.0,1.0
NG201800000857,0.0,0.0,0.0,0.0,0.0,0.0,0.0,0.0,0.0,0.0
NG201800000859,0.0,0.0,0.0,0.0,0.0,0.0,0.0,0.0,0.0,0.0
NG201800000860,0.0,0.0,0.0,0.0,0.0,0.0,0.0,0.0,0.0,0.0
NG201800000861,0.0,0.0,0.0,0.0,0.0,0.0,0.0,0.0,0.0,0.0
NG201800000862,0.0,0.0,0.0,0.0,0.0,0.0,0.0,0.0,0.0,0.0
NG201800000863,0.0,0.0,0.0,0.0,0.0,0.0,0.0,0.0,0.0,0.0
NG201800000864,0.0,0.0,0.0,0.0,0.0,0.0,0.0,0.0,0.0,0.0
NG201800000865,0.0,0.0,0.0,0.0,0.0,0.0,0.0,0.0,0.0,0.0
NG201800000866,1.0,0.0,0.0,0.0,1.0,0.0,0.0,0.0,0.0,2.0
NG201800000868,0.0,0.0,0.0,0.0,0.0,0.0,0.0,0.0,0.0,0.0
NG201800000869,0.0,0.0,0.0,0.0,0.0,0.0,0.0,0.0,0.0,0.0
NG201800000870,0.0,0.0,0.0,0.0,0.0,0.0,0.0,0.0,0.0,0.0
NG201800000871,0.0,0.0,0.0,0.0,0.0,0.0,0.0,0.0,0.0,0.0
NG201800000872,0.0,0.0,0.0,0.0,0.0,0.0,0.0,0.0,0.0,0.0
NG201800000873,0.0,0.0,0.0,0.0,0.0,0.0,0.0,0.0,0.0,0.0
NG201800000874,2.0,1.0,1.0,0.0,4.0,0.0,13.0,0.0,0.0,21.0
NG201800000875,0.0,0.0,0.0,0.0,0.0,0.0,0.0,0.0,0.0,0.0
NG201800000876,0.0,0.0,0.0,0.0,0.0,0.0,0.0,0.0,0.0,0.0
NG201800000877,0.0,0.0,0.0,0.0,0.0,0.0,0.0,0.0,0.0,0.0
NG201800000878,0.0,0.0,0.0,0.0,0.0,0.0,0.0,0.0,0.0,0.0
NG201800000879,1.0,0.0,0.0,0.0,0.0,0.0,0.0,0.0,1.0,2.0
NG201800000880,0.0,0.0,0.0,0.0,0.0,0.0,0.0,0.0,0.0,0.0
NG201800000881,1.0,0.0,1.0,2.0,1.0,0.0,0.0,0.0,1.0,6.0
NG201800000882,0.0,0.0,0.0,0.0,0.0,0.0,0.0,0.0,0.0,0.0
NG201800000883,6.0,5.0,27.0,10.0,58.0,0.0,7.0,0.0,0.0,113.0
NG201800000884,26.0,13.0,22.0,8.0,69.0,0.0,8.0,0.0,3.0,149.0
NG201800000885,14.0,9.0,9.0,1.0,88.0,0.0,9.0,0.0,2.0,132.0
NG201800000886,20.0,10.0,14.0,7.0,78.0,0.0,19.0,1.0,4.0,153.0
NG201800000887,0.0,0.0,0.0,0.0,0.0,0.0,0.0,0.0,0.0,0.0
NG201800000888,0.0,0.0,0.0,0.0,0.0,0.0,0.0,0.0,0.0,0.0
NG201800000889,0.0,0.0,0.0,0.0,0.0,0.0,0.0,0.0,0.0,0.0
NG201800000890,0.0,0.0,0.0,0.0,0.0,0.0,0.0,0.0,0.0,0.0
NG201800000891,0.0,0.0,0.0,0.0,0.0,0.0,0.0,0.0,0.0,0.0
NG201800000892,0.0,0.0,0.0,0.0,0.0,0.0,0.0,0.0,0.0,0.0
NG201800000893,0.0,0.0,0.0,0.0,1.0,0.0,0.0,0.0,0.0,1.0
NG201800000894,0.0,0.0,0.0,0.0,0.0,0.0,0.0,0.0,0.0,0.0
NG201800000895,0.0,0.0,0.0,0.0,1.0,0.0,0.0,0.0,0.0,1.0
NG201800000896,0.0,0.0,0.0,0.0,0.0,0.0,0.0,0.0,0.0,0.0
NG201800000897,0.0,0.0,0.0,1.0,0.0,0.0,0.0,0.0,0.0,1.0
NG201800000898,0.0,0.0,0.0,0.0,0.0,0.0,0.0,0.0,0.0,0.0
NG201800000899,0.0,0.0,0.0,0.0,0.0,0.0,0.0,0.0,0.0,0.0
NG201800000900,0.0,0.0,0.0,0.0,0.0,0.0,0.0,0.0,0.0,0.0
NG201800000901,0.0,0.0,0.0,0.0,0.0,0.0,0.0,0.0,0.0,0.0
NG201800000902,2.0,0.0,0.0,0.0,0.0,0.0,0.0,0.0,1.0,3.0
NG201800000903,0.0,0.0,0.0,0.0,0.0,0.0,0.0,0.0,0.0,0.0
NG201800000904,0.0,0.0,0.0,0.0,0.0,0.0,0.0,0.0,0.0,0.0
NG201800000905,0.0,0.0,0.0,0.0,0.0,0.0,0.0,0.0,0.0,0.0
NG201800000906,0.0,0.0,0.0,0.0,0.0,0.0,0.0,0.0,0.0,0.0
NG201800000907,0.0,0.0,0.0,0.0,0.0,0.0,0.0,0.0,0.0,0.0
NG201800000908,0.0,0.0,0.0,0.0,0.0,0.0,7.0,0.0,0.0,7.0
NG201800000909,0.0,0.0,0.0,0.0,0.0,0.0,0.0,0.0,0.0,0.0
NG201800000910,0.0,0.0,0.0,0.0,0.0,0.0,0.0,0.0,0.0,0.0
NG201800000911,0.0,0.0,0.0,0.0,0.0,0.0,0.0,0.0,0.0,0.0
NG201800000912,0.0,0.0,0.0,0.0,0.0,0.0,0.0,0.0,0.0,0.0
NG201800000913,0.0,0.0,0.0,0.0,0.0,0.0,0.0,0.0,0.0,0.0
NG201800000914,0.0,0.0,0.0,0.0,0.0,0.0,0.0,0.0,0.0,0.0
NG201800000915,0.0,0.0,0.0,0.0,0.0,0.0,0.0,0.0,0.0,0.0
NG201800000916,2.0,1.0,0.0,0.0,1.0,0.0,0.0,0.0,1.0,5.0
NG201800000917,1.0,0.0,3.0,0.0,0.0,0.0,4.0,0.0,0.0,8.0
NG201800000918,2.0,0.0,1.0,1.0,1.0,1.0,11.0,0.0,3.0,20.0
NG201800000919,0.0,0.0,0.0,0.0,0.0,0.0,2.0,0.0,0.0,2.0
NG201800000920,0.0,0.0,0.0,0.0,0.0,0.0,0.0,0.0,0.0,0.0
NG201800000921,0.0,0.0,0.0,0.0,0.0,0.0,0.0,0.0,0.0,0.0
NG201800000922,5.0,0.0,0.0,0.0,5.0,0.0,2.0,0.0,2.0,14.0
NG201800000923,0.0,1.0,0.0,0.0,0.0,0.0,2.0,0.0,0.0,3.0
NG201800000924,0.0,0.0,0.0,0.0,0.0,0.0,0.0,0.0,0.0,0.0
NG201800000925,0.0,0.0,2.0,0.0,1.0,0.0,0.0,0.0,2.0,5.0
NG201800000926,0.0,0.0,0.0,0.0,0.0,0.0,0.0,0.0,1.0,1.0
NG201800000927,0.0,0.0,0.0,0.0,0.0,1.0,0.0,0.0,0.0,1.0
NG201800000928,0.0,0.0,0.0,0.0,0.0,0.0,1.0,0.0,0.0,1.0
NG201800000929,0.0,0.0,0.0,0.0,0.0,0.0,1.0,0.0,0.0,1.0
NG201800000930,0.0,0.0,0.0,0.0,0.0,0.0,0.0,0.0,0.0,0.0
NG201800000931,0.0,0.0,0.0,0.0,0.0,0.0,0.0,0.0,0.0,0.0
NG201800000932,0.0,0.0,0.0,0.0,2.0,0.0,1.0,0.0,1.0,4.0
NG201800000933,0.0,0.0,0.0,0.0,0.0,0.0,0.0,0.0,0.0,0.0
NG201800000934,0.0,0.0,0.0,0.0,0.0,0.0,0.0,0.0,0.0,0.0
NG201800000935,0.0,0.0,0.0,0.0,0.0,0.0,0.0,0.0,0.0,0.0
NG201800000936,0.0,0.0,0.0,0.0,0.0,0.0,0.0,0.0,1.0,1.0
NG201800000937,0.0,0.0,0.0,0.0,0.0,0.0,0.0,0.0,0.0,0.0
NG201800000938,0.0,0.0,0.0,0.0,0.0,0.0,8.0,0.0,0.0,8.0
NG201800000939,0.0,0.0,0.0,0.0,0.0,0.0,5.0,0.0,0.0,5.0
NG201800000940,0.0,0.0,0.0,0.0,0.0,0.0,0.0,0.0,0.0,0.0
NG201800000941,0.0,0.0,1.0,1.0,0.0,0.0,4.0,0.0,0.0,6.0
NG201800000942,0.0,0.0,1.0,1.0,5.0,0.0,4.0,0.0,1.0,12.0
NG201800000943,0.0,1.0,1.0,3.0,5.0,0.0,4.0,0.0,1.0,15.0
NG201800000944,0.0,0.0,0.0,0.0,0.0,0.0,0.0,0.0,0.0,0.0
NG201800000945,0.0,0.0,0.0,0.0,0.0,0.0,1.0,0.0,0.0,1.0
NG201800000946,2.0,0.0,1.0,1.0,0.0,0.0,4.0,0.0,0.0,8.0
NG201800000947,2.0,0.0,0.0,0.0,0.0,0.0,1.0,0.0,0.0,3.0
NG201800000948,0.0,0.0,0.0,0.0,0.0,0.0,0.0,0.0,0.0,0.0
NG201800000949,0.0,0.0,0.0,0.0,0.0,0.0,0.0,0.0,0.0,0.0
NG201800000950,2.0,1.0,2.0,3.0,1.0,0.0,7.0,0.0,1.0,17.0
NG201800000951,0.0,0.0,0.0,0.0,0.0,0.0,0.0,0.0,0.0,0.0
NG201800000952,1.0,0.0,0.0,0.0,0.0,0.0,1.0,0.0,0.0,2.0
NG201800000953,1.0,0.0,2.0,1.0,0.0,0.0,3.0,0.0,1.0,8.0
NG201800000954,0.0,0.0,0.0,0.0,0.0,0.0,0.0,0.0,0.0,0.0
NG201800000955,0.0,0.0,0.0,0.0,0.0,0.0,0.0,0.0,0.0,0.0
NG201800000956,2.0,0.0,0.0,0.0,0.0,0.0,2.0,0.0,0.0,4.0
NG201800000957,0.0,0.0,1.0,0.0,0.0,0.0,0.0,0.0,0.0,1.0
NG201800000958,0.0,0.0,0.0,0.0,0.0,0.0,0.0,0.0,0.0,0.0
NG201800000959,0.0,0.0,1.0,0.0,0.0,0.0,0.0,0.0,0.0,1.0
NG201800000960,0.0,0.0,0.0,0.0,0.0,0.0,0.0,0.0,0.0,0.0
NG201800000961,0.0,0.0,0.0,0.0,0.0,0.0,0.0,0.0,0.0,0.0
NG201800000962,0.0,0.0,0.0,0.0,0.0,0.0,0.0,0.0,0.0,0.0
NG201800000963,0.0,0.0,0.0,0.0,0.0,0.0,0.0,0.0,0.0,0.0
NG201800000964,0.0,0.0,0.0,0.0,0.0,0.0,0.0,0.0,0.0,0.0
NG201800000965,0.0,0.0,0.0,0.0,0.0,0.0,0.0,0.0,0.0,0.0
NG201800000966,0.0,0.0,0.0,0.0,0.0,0.0,0.0,0.0,0.0,0.0
NG201800000967,0.0,0.0,0.0,0.0,0.0,0.0,0.0,0.0,0.0,0.0
NG201800000968,1.0,0.0,0.0,0.0,0.0,0.0,1.0,0.0,1.0,3.0
NG201800000969,0.0,0.0,0.0,0.0,0.0,0.0,0.0,0.0,0.0,0.0
NG201800000970,0.0,0.0,0.0,0.0,0.0,0.0,0.0,0.0,0.0,0.0
NG201800000971,0.0,0.0,0.0,0.0,0.0,0.0,0.0,0.0,0.0,0.0
NG201800000972,0.0,0.0,0.0,0.0,0.0,0.0,0.0,0.0,0.0,0.0
NG201800000973,0.0,0.0,0.0,0.0,0.0,0.0,1.0,0.0,0.0,1.0
NG201800000974,0.0,0.0,0.0,0.0,0.0,0.0,0.0,0.0,0.0,0.0
NG201800000975,0.0,0.0,0.0,0.0,0.0,0.0,0.0,0.0,0.0,0.0
NG201800000976,0.0,0.0,0.0,0.0,0.0,0.0,0.0,0.0,0.0,0.0
NG201800000977,1.0,0.0,0.0,2.0,0.0,0.0,2.0,0.0,1.0,6.0
NG201800000978,0.0,0.0,0.0,0.0,0.0,0.0,1.0,0.0,0.0,1.0
NG201800000979,0.0,0.0,0.0,0.0,0.0,0.0,0.0,0.0,0.0,0.0
NG201800000980,0.0,0.0,0.0,0.0,0.0,0.0,1.0,0.0,0.0,1.0
NG201800000981,0.0,0.0,0.0,0.0,0.0,0.0,4.0,0.0,0.0,4.0
NG201800000982,0.0,2.0,0.0,0.0,5.0,2.0,8.0,0.0,1.0,18.0
NG201800000983,17.0,4.0,20.0,9.0,6.0,1.0,2.0,0.0,8.0,67.0
NG201800000984,0.0,0.0,0.0,0.0,0.0,0.0,0.0,0.0,0.0,0.0
NG201800000985,0.0,0.0,0.0,0.0,0.0,0.0,1.0,0.0,0.0,1.0
NG201800000986,0.0,0.0,0.0,0.0,0.0,0.0,3.0,0.0,0.0,3.0
NG201800000987,0.0,0.0,0.0,0.0,0.0,0.0,4.0,0.0,0.0,4.0
NG201800000988,0.0,0.0,0.0,0.0,0.0,0.0,0.0,0.0,0.0,0.0
NG201800000989,0.0,0.0,0.0,0.0,0.0,0.0,1.0,0.0,0.0,1.0
NG201800000990,0.0,0.0,0.0,0.0,0.0,0.0,4.0,0.0,0.0,4.0
NG201800000991,0.0,0.0,0.0,0.0,0.0,0.0,6.0,0.0,0.0,6.0
NG201800000992,1.0,0.0,0.0,0.0,0.0,0.0,5.0,0.0,1.0,7.0
NG201800000993,0.0,0.0,0.0,0.0,0.0,0.0,3.0,0.0,0.0,3.0
NG201800000994,0.0,0.0,0.0,0.0,0.0,0.0,2.0,0.0,0.0,2.0
NG201800000995,3.0,0.0,0.0,0.0,0.0,0.0,8.0,0.0,0.0,11.0
NG201800000996,0.0,0.0,0.0,0.0,0.0,0.0,7.0,0.0,0.0,7.0
NG201800000997,1.0,0.0,0.0,0.0,0.0,0.0,5.0,0.0,0.0,6.0
NG201800000998,0.0,0.0,0.0,0.0,0.0,0.0,2.0,0.0,0.0,2.0
NG201800000999,0.0,0.0,0.0,0.0,0.0,0.0,7.0,0.0,0.0,7.0
NG201800001000,0.0,0.0,0.0,0.0,0.0,0.0,6.0,0.0,0.0,6.0
NG201800001001,0.0,0.0,0.0,0.0,0.0,0.0,5.0,0.0,0.0,5.0
NG201800001002,0.0,0.0,0.0,0.0,0.0,0.0,5.0,0.0,0.0,5.0
NG201800001003,0.0,0.0,0.0,0.0,0.0,0.0,1.0,0.0,0.0,1.0
NG201800001004,0.0,0.0,0.0,0.0,0.0,0.0,0.0,0.0,0.0,0.0
NG201800001005,0.0,0.0,0.0,0.0,0.0,0.0,2.0,0.0,0.0,2.0
NG201800001006,0.0,0.0,0.0,0.0,0.0,0.0,1.0,0.0,0.0,1.0
NG201800001007,0.0,0.0,0.0,0.0,0.0,0.0,1.0,0.0,0.0,1.0
NG201800001008,0.0,0.0,0.0,0.0,0.0,0.0,0.0,0.0,0.0,0.0
NG201800001009,0.0,0.0,0.0,0.0,0.0,1.0,2.0,0.0,0.0,3.0
NG201800001010,0.0,0.0,0.0,0.0,0.0,0.0,2.0,0.0,0.0,2.0
NG201800001011,0.0,0.0,0.0,0.0,0.0,0.0,4.0,0.0,0.0,4.0
NG201800001012,0.0,0.0,0.0,0.0,0.0,0.0,4.0,0.0,0.0,4.0
NG201800001013,0.0,1.0,1.0,0.0,3.0,1.0,7.0,0.0,3.0,16.0
NG201800001014,1.0,2.0,0.0,0.0,0.0,1.0,7.0,0.0,2.0,13.0
NG201800001015,0.0,1.0,1.0,0.0,3.0,1.0,14.0,0.0,3.0,23.0
NG201800001016,1.0,0.0,0.0,0.0,0.0,0.0,0.0,0.0,0.0,1.0
NG201800001017,0.0,1.0,0.0,1.0,0.0,0.0,7.0,0.0,0.0,9.0
NG201800001018,1.0,0.0,0.0,0.0,0.0,0.0,0.0,0.0,0.0,1.0
NG201800001019,0.0,0.0,0.0,0.0,0.0,0.0,0.0,0.0,1.0,1.0
NG201800001020,0.0,0.0,0.0,0.0,0.0,0.0,0.0,0.0,0.0,0.0
NG201800001021,0.0,0.0,0.0,0.0,0.0,0.0,0.0,0.0,0.0,0.0
NG201800001022,0.0,0.0,0.0,0.0,0.0,0.0,0.0,0.0,0.0,0.0
NG201800001023,0.0,0.0,0.0,0.0,0.0,0.0,0.0,0.0,0.0,0.0
NG201800001024,0.0,0.0,0.0,0.0,0.0,0.0,0.0,0.0,0.0,0.0
NG201800001025,0.0,0.0,0.0,0.0,0.0,0.0,0.0,0.0,0.0,0.0
NG201800001026,0.0,0.0,0.0,0.0,0.0,0.0,0.0,0.0,0.0,0.0
NG201800001027,0.0,0.0,0.0,0.0,0.0,0.0,0.0,0.0,0.0,0.0
NG201800001028,2.0,0.0,0.0,0.0,0.0,0.0,0.0,0.0,2.0,4.0
NG201800001029,0.0,0.0,0.0,0.0,0.0,0.0,0.0,0.0,0.0,0.0
NG201800001030,0.0,0.0,0.0,0.0,0.0,0.0,0.0,0.0,0.0,0.0
NG201800001031,0.0,0.0,0.0,0.0,0.0,0.0,0.0,0.0,0.0,0.0
NG201800001032,0.0,0.0,0.0,0.0,0.0,0.0,0.0,0.0,0.0,0.0
NG201800001033,0.0,0.0,0.0,0.0,0.0,0.0,1.0,0.0,0.0,1.0
NG201800001034,0.0,0.0,0.0,0.0,0.0,0.0,0.0,0.0,0.0,0.0
NG201800001035,0.0,0.0,0.0,0.0,0.0,0.0,0.0,0.0,0.0,0.0
NG201800001036,0.0,0.0,0.0,0.0,0.0,0.0,0.0,0.0,0.0,0.0
NG201800001037,0.0,0.0,0.0,0.0,0.0,0.0,0.0,0.0,0.0,0.0
NG201800001038,0.0,0.0,0.0,0.0,0.0,0.0,0.0,0.0,0.0,0.0
NG201800001039,0.0,0.0,0.0,0.0,0.0,0.0,0.0,0.0,0.0,0.0
NG201800001040,0.0,0.0,0.0,0.0,0.0,0.0,0.0,0.0,0.0,0.0
NG201800001041,0.0,0.0,0.0,0.0,0.0,0.0,0.0,0.0,0.0,0.0
NG201800001042,0.0,0.0,0.0,0.0,0.0,0.0,0.0,0.0,0.0,0.0
NG201800001043,0.0,0.0,0.0,0.0,0.0,0.0,0.0,0.0,0.0,0.0
NG201800001044,0.0,0.0,0.0,0.0,0.0,0.0,0.0,0.0,0.0,0.0
NG201800001045,0.0,0.0,0.0,0.0,0.0,0.0,0.0,0.0,0.0,0.0
NG201800001046,0.0,0.0,0.0,0.0,0.0,0.0,0.0,0.0,0.0,0.0
NG201800001047,0.0,0.0,0.0,0.0,0.0,0.0,0.0,0.0,0.0,0.0
NG201800001048,0.0,0.0,0.0,0.0,0.0,0.0,0.0,0.0,0.0,0.0
NG201800001049,1.0,0.0,0.0,0.0,0.0,0.0,2.0,0.0,0.0,3.0
NG201800001050,0.0,0.0,0.0,0.0,0.0,0.0,3.0,0.0,0.0,3.0
NG201800001051,0.0,0.0,0.0,0.0,0.0,0.0,0.0,0.0,0.0,0.0
NG201800001052,0.0,0.0,0.0,0.0,0.0,0.0,1.0,0.0,0.0,1.0
NG201800001053,1.0,0.0,0.0,0.0,0.0,0.0,4.0,0.0,0.0,5.0
NG201800001054,1.0,0.0,0.0,0.0,0.0,0.0,5.0,0.0,0.0,6.0
NG201800001055,0.0,0.0,0.0,0.0,0.0,0.0,2.0,0.0,0.0,2.0
NG201800001056,0.0,0.0,0.0,0.0,0.0,0.0,1.0,0.0,0.0,1.0
NG201800001057,20.0,2.0,13.0,6.0,8.0,0.0,3.0,0.0,2.0,54.0
NG201800001058,85.0,9.0,29.0,12.0,16.0,1.0,7.0,0.0,21.0,180.0
NG201800001059,0.0,0.0,0.0,0.0,0.0,0.0,1.0,0.0,0.0,1.0
NG201800001060,0.0,0.0,0.0,0.0,0.0,0.0,1.0,0.0,1.0,2.0
NG201800001061,0.0,0.0,0.0,0.0,0.0,0.0,0.0,0.0,0.0,0.0
NG201800001062,51.0,4.0,18.0,5.0,7.0,1.0,8.0,0.0,9.0,103.0
NG201800001063,0.0,4.0,0.0,0.0,0.0,0.0,0.0,0.0,0.0,4.0
NG201800001064,3.0,0.0,0.0,1.0,0.0,0.0,0.0,0.0,0.0,4.0
NG201800001065,0.0,0.0,0.0,0.0,0.0,0.0,3.0,0.0,0.0,3.0
NG201800001066,0.0,0.0,0.0,0.0,0.0,0.0,0.0,0.0,0.0,0.0
NG201800001067,0.0,0.0,0.0,0.0,0.0,0.0,0.0,0.0,0.0,0.0
NG201800001068,0.0,0.0,0.0,0.0,0.0,0.0,0.0,0.0,0.0,0.0
NG201800001069,0.0,0.0,0.0,0.0,0.0,0.0,1.0,0.0,1.0,2.0
NG201800001070,1.0,0.0,0.0,0.0,0.0,0.0,0.0,0.0,0.0,1.0
NG201800001071,0.0,0.0,0.0,0.0,0.0,0.0,2.0,0.0,0.0,2.0
NG201800001072,1.0,0.0,0.0,0.0,0.0,0.0,17.0,0.0,0.0,18.0
NG201800001073,1.0,0.0,1.0,0.0,0.0,0.0,7.0,0.0,0.0,9.0
NG201800001074,0.0,0.0,0.0,0.0,0.0,0.0,4.0,0.0,0.0,4.0
NG201800001075,2.0,0.0,1.0,1.0,2.0,0.0,5.0,0.0,0.0,11.0
NG201800001076,0.0,0.0,0.0,0.0,0.0,0.0,12.0,0.0,0.0,12.0
NG201800001077,29.0,2.0,16.0,6.0,11.0,0.0,6.0,0.0,2.0,72.0
NG201800001078,0.0,0.0,0.0,0.0,0.0,0.0,0.0,0.0,0.0,0.0
NG201800001079,0.0,0.0,0.0,0.0,0.0,0.0,0.0,0.0,0.0,0.0
NG201800001080,0.0,0.0,0.0,0.0,0.0,0.0,0.0,0.0,0.0,0.0
NG201800001081,0.0,0.0,0.0,0.0,0.0,0.0,0.0,0.0,0.0,0.0
NG201800001082,4.0,4.0,1.0,2.0,2.0,1.0,9.0,0.0,0.0,23.0
NG201800001083,0.0,0.0,0.0,0.0,0.0,0.0,12.0,0.0,0.0,12.0
NG201800001084,0.0,0.0,0.0,0.0,0.0,0.0,7.0,0.0,0.0,7.0
NG201800001085,0.0,0.0,0.0,0.0,0.0,0.0,3.0,0.0,0.0,3.0
NG201800001086,0.0,0.0,0.0,0.0,0.0,0.0,0.0,0.0,0.0,0.0
NG201800001087,0.0,0.0,0.0,0.0,0.0,0.0,0.0,0.0,0.0,0.0
NG201800001088,0.0,0.0,0.0,0.0,1.0,0.0,0.0,0.0,0.0,1.0
NG201800001089,4.0,0.0,0.0,0.0,0.0,0.0,1.0,0.0,1.0,6.0
NG201800001090,0.0,0.0,0.0,0.0,0.0,0.0,0.0,0.0,0.0,0.0
NG201800001091,0.0,0.0,0.0,0.0,0.0,0.0,0.0,0.0,0.0,0.0
NG201800001092,0.0,0.0,0.0,0.0,0.0,0.0,0.0,0.0,0.0,0.0
NG201800001093,0.0,0.0,0.0,0.0,0.0,0.0,0.0,0.0,0.0,0.0
NG201800001094,0.0,0.0,0.0,0.0,0.0,0.0,0.0,0.0,0.0,0.0
NG201800001095,0.0,0.0,0.0,0.0,0.0,0.0,0.0,0.0,0.0,0.0
NG201800001096,16.0,10.0,6.0,9.0,13.0,2.0,0.0,0.0,38.0,94.0
NG201800001097,6.0,8.0,4.0,8.0,8.0,1.0,2.0,0.0,2.0,39.0
NG201800001098,86.0,43.0,16.0,37.0,103.0,14.0,11.0,0.0,198.0,508.0
NG201800001099,92.0,39.0,18.0,40.0,79.0,11.0,11.0,0.0,214.0,504.0
NG201800001100,32.0,14.0,14.0,21.0,63.0,5.0,1.0,0.0,69.0,219.0
NG201800001101,32.0,20.0,13.0,25.0,54.0,6.0,4.0,0.0,71.0,225.0
NG201800001102,13.0,0.0,19.0,8.0,28.0,1.0,12.0,0.0,14.0,95.0
NG201800001103,0.0,0.0,0.0,0.0,0.0,0.0,0.0,0.0,0.0,0.0
NG201800001104,16.0,8.0,11.0,8.0,15.0,2.0,1.0,0.0,10.0,71.0
NG201800001105,0.0,0.0,0.0,0.0,0.0,0.0,0.0,0.0,0.0,0.0
NG201800001106,3.0,1.0,0.0,0.0,0.0,0.0,0.0,0.0,0.0,4.0
NG201800001107,0.0,0.0,0.0,0.0,0.0,0.0,0.0,0.0,0.0,0.0
NG201800001108,13.0,0.0,0.0,0.0,1.0,0.0,6.0,0.0,0.0,20.0
NG201800001109,12.0,0.0,0.0,0.0,0.0,0.0,6.0,0.0,1.0,19.0
NG201800001110,0.0,0.0,0.0,0.0,0.0,0.0,0.0,0.0,0.0,0.0
NG201800001111,4.0,0.0,0.0,0.0,0.0,1.0,0.0,0.0,0.0,5.0
NG201800001112,0.0,0.0,0.0,0.0,0.0,0.0,0.0,0.0,0.0,0.0
NG201800001113,0.0,0.0,0.0,0.0,0.0,0.0,0.0,0.0,0.0,0.0
NG201800001114,0.0,0.0,0.0,0.0,0.0,0.0,0.0,0.0,0.0,0.0
NG201800001115,0.0,0.0,0.0,0.0,0.0,0.0,0.0,0.0,0.0,0.0
NG201800001116,0.0,0.0,0.0,0.0,0.0,0.0,0.0,0.0,0.0,0.0
NG201800001117,0.0,0.0,0.0,0.0,0.0,0.0,0.0,0.0,0.0,0.0
NG201800001118,0.0,0.0,0.0,0.0,1.0,0.0,0.0,0.0,0.0,1.0
NG201800001119,0.0,0.0,0.0,0.0,0.0,0.0,0.0,0.0,0.0,0.0
NG201800001120,0.0,0.0,0.0,0.0,0.0,0.0,0.0,0.0,0.0,0.0
NG201800001121,0.0,0.0,0.0,0.0,0.0,0.0,1.0,0.0,1.0,2.0
NG201800001122,0.0,0.0,0.0,0.0,0.0,0.0,3.0,0.0,0.0,3.0
NG201800001123,0.0,0.0,0.0,0.0,0.0,0.0,0.0,0.0,0.0,0.0
NG201800001124,1.0,0.0,0.0,0.0,1.0,0.0,3.0,0.0,3.0,8.0
NG201800001125,2.0,1.0,0.0,0.0,0.0,0.0,0.0,0.0,0.0,3.0
NG201800001126,2.0,1.0,0.0,0.0,0.0,0.0,0.0,0.0,0.0,3.0
NG201800001127,0.0,0.0,0.0,0.0,0.0,0.0,0.0,0.0,0.0,0.0
NG201800001128,8.0,2.0,6.0,11.0,13.0,0.0,27.0,0.0,4.0,71.0
NG201800001129,6.0,2.0,2.0,2.0,7.0,1.0,29.0,0.0,2.0,51.0
NG201800001130,11.0,4.0,12.0,7.0,15.0,0.0,12.0,0.0,4.0,65.0
NG201800001131,2.0,2.0,0.0,0.0,1.0,0.0,4.0,0.0,1.0,10.0
NG201800001132,5.0,1.0,0.0,0.0,2.0,0.0,6.0,0.0,1.0,15.0
NG201800001133,8.0,1.0,0.0,0.0,2.0,0.0,7.0,0.0,1.0,19.0
NG201800001134,0.0,0.0,2.0,0.0,0.0,0.0,0.0,0.0,1.0,3.0
NG201800001135,5.0,0.0,0.0,0.0,0.0,0.0,2.0,0.0,0.0,7.0
NG201800001136,0.0,0.0,0.0,0.0,0.0,0.0,0.0,0.0,0.0,0.0
NG201800001137,0.0,0.0,0.0,0.0,0.0,0.0,0.0,0.0,0.0,0.0
NG201800001138,0.0,0.0,0.0,0.0,0.0,0.0,0.0,0.0,0.0,0.0
NG201800001139,1.0,0.0,0.0,0.0,0.0,0.0,0.0,0.0,0.0,1.0
NG201800001140,0.0,0.0,0.0,0.0,0.0,0.0,11.0,0.0,1.0,12.0
NG201800001141,0.0,0.0,0.0,0.0,0.0,0.0,11.0,0.0,0.0,11.0
NG201800001142,0.0,1.0,0.0,0.0,0.0,0.0,8.0,0.0,0.0,9.0
NG201800001143,4.0,0.0,0.0,0.0,2.0,0.0,11.0,0.0,0.0,17.0
NG201800001144,0.0,0.0,0.0,0.0,0.0,0.0,3.0,0.0,0.0,3.0
NG201800001145,0.0,0.0,0.0,0.0,0.0,0.0,10.0,0.0,0.0,10.0
NG201800001146,2.0,1.0,0.0,0.0,0.0,0.0,0.0,0.0,0.0,3.0
NG201800001147,0.0,0.0,0.0,0.0,0.0,0.0,0.0,0.0,0.0,0.0
NG201800001148,0.0,0.0,0.0,0.0,0.0,0.0,0.0,0.0,0.0,0.0
NG201800001149,0.0,0.0,0.0,0.0,0.0,0.0,1.0,0.0,0.0,1.0
NG201800001150,3.0,0.0,0.0,0.0,0.0,0.0,2.0,0.0,0.0,5.0
NG201800001151,0.0,0.0,0.0,0.0,0.0,0.0,3.0,0.0,0.0,3.0
NG201800001152,9.0,2.0,5.0,8.0,6.0,0.0,14.0,0.0,3.0,47.0
NG201800001153,8.0,1.0,0.0,0.0,2.0,0.0,13.0,0.0,1.0,25.0
NG201800001154,2.0,1.0,2.0,0.0,1.0,0.0,4.0,0.0,1.0,11.0
NG201800001155,0.0,0.0,0.0,0.0,0.0,0.0,9.0,0.0,0.0,9.0
NG201800001156,4.0,1.0,1.0,2.0,3.0,1.0,34.0,0.0,0.0,46.0
NG201800001157,10.0,0.0,0.0,0.0,1.0,1.0,31.0,0.0,0.0,43.0
NG201800001158,9.0,0.0,0.0,1.0,0.0,0.0,12.0,0.0,0.0,22.0
NG201800001159,3.0,1.0,1.0,0.0,1.0,2.0,2.0,0.0,0.0,10.0
NG201800001160,4.0,0.0,0.0,0.0,0.0,0.0,1.0,0.0,0.0,5.0
NG201800001161,5.0,0.0,0.0,0.0,0.0,0.0,2.0,0.0,0.0,7.0
NG201800001162,0.0,0.0,0.0,0.0,0.0,0.0,0.0,0.0,0.0,0.0
NG201800001163,0.0,0.0,0.0,0.0,0.0,0.0,0.0,0.0,0.0,0.0
NG201800001164,0.0,0.0,0.0,0.0,0.0,0.0,0.0,0.0,0.0,0.0
NG201800001165,0.0,0.0,0.0,0.0,0.0,0.0,0.0,0.0,0.0,0.0
NG201800001166,0.0,0.0,0.0,0.0,0.0,0.0,0.0,0.0,0.0,0.0
NG201800001167,0.0,0.0,0.0,0.0,0.0,0.0,0.0,0.0,0.0,0.0
NG201800001168,0.0,0.0,0.0,0.0,0.0,0.0,0.0,0.0,0.0,0.0
NG201800001169,0.0,0.0,0.0,0.0,0.0,0.0,0.0,0.0,0.0,0.0
NG201800001170,0.0,0.0,2.0,1.0,4.0,0.0,0.0,0.0,0.0,7.0
NG201800001171,0.0,0.0,1.0,0.0,0.0,0.0,0.0,0.0,0.0,1.0
NG201800001172,0.0,0.0,1.0,1.0,4.0,0.0,0.0,0.0,0.0,6.0
NG201800001173,0.0,0.0,0.0,0.0,0.0,0.0,0.0,0.0,0.0,0.0
NG201800001174,0.0,0.0,0.0,0.0,0.0,0.0,0.0,0.0,0.0,0.0
NG201800001175,0.0,0.0,0.0,0.0,0.0,0.0,0.0,0.0,0.0,0.0
NG201800001176,0.0,0.0,0.0,0.0,0.0,0.0,0.0,0.0,0.0,0.0
NG201800001177,0.0,0.0,0.0,0.0,0.0,0.0,0.0,0.0,0.0,0.0
NG201800001178,0.0,0.0,0.0,0.0,0.0,0.0,0.0,0.0,0.0,0.0
NG201800001179,0.0,0.0,0.0,0.0,0.0,0.0,0.0,0.0,0.0,0.0
NG201800001180,0.0,0.0,0.0,0.0,0.0,0.0,0.0,0.0,0.0,0.0
NG201800001181,0.0,0.0,0.0,0.0,0.0,0.0,0.0,0.0,0.0,0.0
NG201800001182,0.0,0.0,0.0,0.0,0.0,0.0,0.0,0.0,0.0,0.0
NG201800001183,0.0,0.0,0.0,0.0,0.0,0.0,0.0,0.0,0.0,0.0
NG201800001184,0.0,0.0,0.0,0.0,0.0,0.0,1.0,0.0,0.0,1.0
NG201800001185,0.0,0.0,0.0,0.0,0.0,0.0,0.0,0.0,0.0,0.0
NG201800001186,0.0,0.0,0.0,0.0,0.0,0.0,0.0,0.0,0.0,0.0
NG201800001187,0.0,0.0,0.0,0.0,0.0,0.0,0.0,0.0,0.0,0.0
NG201800001188,0.0,0.0,0.0,0.0,0.0,0.0,0.0,0.0,0.0,0.0
NG201800001189,0.0,0.0,0.0,0.0,0.0,0.0,0.0,0.0,0.0,0.0
NG201800001190,0.0,0.0,0.0,0.0,0.0,0.0,0.0,0.0,0.0,0.0
NG201800001191,0.0,0.0,0.0,0.0,0.0,0.0,0.0,0.0,0.0,0.0
NG201800001192,0.0,0.0,0.0,0.0,0.0,0.0,0.0,0.0,0.0,0.0
NG201800001193,0.0,0.0,76.0,0.0,5.0,0.0,16.0,2.0,0.0,99.0
NG201800001194,0.0,0.0,0.0,0.0,0.0,0.0,0.0,0.0,0.0,0.0
NG201800001195,0.0,0.0,0.0,0.0,0.0,0.0,0.0,0.0,0.0,0.0
NG201800001196,0.0,0.0,0.0,0.0,0.0,0.0,0.0,0.0,0.0,0.0
NG201800001197,0.0,1.0,0.0,1.0,2.0,2.0,4.0,0.0,0.0,10.0
NG201800001198,4.0,1.0,0.0,2.0,0.0,0.0,2.0,0.0,1.0,10.0
NG201800001199,4.0,0.0,0.0,0.0,0.0,0.0,0.0,0.0,0.0,4.0
NG201800001200,4.0,0.0,0.0,0.0,0.0,0.0,0.0,0.0,1.0,5.0
NG201800001201,2.0,0.0,1.0,0.0,0.0,0.0,0.0,0.0,2.0,5.0
NG201800001202,1.0,0.0,1.0,0.0,0.0,0.0,5.0,0.0,1.0,8.0
NG201800001203,3.0,0.0,0.0,0.0,0.0,0.0,1.0,0.0,1.0,5.0
NG201800001204,3.0,0.0,0.0,0.0,0.0,0.0,0.0,0.0,3.0,6.0
NG201800001205,3.0,0.0,0.0,0.0,1.0,1.0,9.0,0.0,1.0,15.0
NG201800001206,7.0,0.0,0.0,0.0,2.0,0.0,13.0,0.0,1.0,23.0
NG201800001207,2.0,0.0,0.0,0.0,2.0,0.0,15.0,0.0,0.0,19.0
NG201800001208,2.0,1.0,0.0,0.0,3.0,0.0,0.0,0.0,1.0,7.0
NG201800001209,4.0,0.0,0.0,1.0,1.0,0.0,1.0,0.0,0.0,7.0
NG201800001210,2.0,0.0,0.0,0.0,0.0,1.0,1.0,0.0,0.0,4.0
NG201800001211,5.0,0.0,0.0,0.0,5.0,6.0,10.0,0.0,6.0,32.0
NG201800001212,14.0,1.0,3.0,0.0,10.0,3.0,12.0,0.0,7.0,50.0
NG201800001213,10.0,0.0,0.0,0.0,0.0,0.0,0.0,0.0,2.0,12.0
NG201800001214,1.0,0.0,0.0,0.0,3.0,0.0,4.0,0.0,5.0,13.0
NG201800001215,8.0,1.0,0.0,0.0,7.0,5.0,10.0,0.0,2.0,33.0
NG201800001216,13.0,5.0,9.0,12.0,26.0,1.0,22.0,0.0,28.0,116.0
NG201800001218,20.0,1.0,15.0,0.0,12.0,2.0,16.0,0.0,7.0,73.0
NG201800001219,18.0,3.0,1.0,0.0,0.0,1.0,4.0,0.0,1.0,28.0
NG201800001220,3.0,3.0,14.0,0.0,8.0,1.0,11.0,0.0,6.0,46.0
NG201800001221,19.0,2.0,0.0,0.0,13.0,0.0,13.0,0.0,7.0,54.0
NG201800001222,15.0,1.0,2.0,0.0,8.0,0.0,10.0,0.0,7.0,43.0
NG201800001223,20.0,1.0,0.0,1.0,12.0,0.0,15.0,0.0,7.0,56.0
NG201800001224,21.0,8.0,3.0,3.0,11.0,1.0,19.0,0.0,4.0,70.0
NG201800001225,11.0,2.0,1.0,3.0,5.0,1.0,11.0,0.0,2.0,36.0
NG201800001226,14.0,2.0,1.0,3.0,5.0,0.0,22.0,0.0,3.0,50.0
NG201800001227,9.0,1.0,2.0,1.0,1.0,0.0,1.0,0.0,1.0,16.0
NG201800001228,15.0,1.0,0.0,0.0,0.0,1.0,7.0,0.0,7.0,31.0
NG201800001229,16.0,2.0,0.0,3.0,6.0,1.0,3.0,0.0,2.0,33.0
NG201800001230,15.0,2.0,0.0,3.0,5.0,2.0,2.0,0.0,3.0,32.0
NG201800001231,8.0,1.0,2.0,2.0,0.0,0.0,24.0,0.0,4.0,41.0
NG201800001232,13.0,0.0,1.0,0.0,0.0,1.0,21.0,0.0,6.0,42.0
NG201800001233,2.0,4.0,1.0,1.0,10.0,2.0,29.0,0.0,8.0,57.0
NG201800001234,19.0,6.0,9.0,8.0,29.0,0.0,47.0,0.0,6.0,124.0
NG201800001235,18.0,4.0,0.0,5.0,19.0,2.0,11.0,0.0,7.0,66.0
NG201800001236,20.0,3.0,8.0,2.0,10.0,0.0,45.0,0.0,5.0,93.0
NG201800001237,19.0,4.0,0.0,0.0,12.0,0.0,15.0,0.0,6.0,56.0
NG201800001238,13.0,1.0,4.0,9.0,17.0,0.0,16.0,0.0,12.0,72.0
NG201800001239,12.0,1.0,0.0,3.0,3.0,0.0,5.0,0.0,6.0,30.0
NG201800001240,16.0,1.0,2.0,3.0,11.0,2.0,4.0,0.0,5.0,44.0
NG201800001241,12.0,1.0,2.0,0.0,9.0,2.0,1.0,0.0,6.0,33.0
NG201800001242,12.0,1.0,0.0,1.0,14.0,1.0,3.0,0.0,3.0,35.0
NG201800001243,19.0,4.0,0.0,4.0,22.0,4.0,4.0,0.0,2.0,59.0
NG201800001244,5.0,1.0,0.0,0.0,2.0,0.0,4.0,0.0,0.0,12.0
NG201800001245,13.0,9.0,17.0,49.0,70.0,0.0,225.0,0.0,38.0,421.0
NG201800001246,0.0,0.0,0.0,0.0,0.0,0.0,0.0,0.0,0.0,0.0
NG201800001247,4.0,0.0,0.0,0.0,0.0,0.0,0.0,0.0,0.0,4.0
NG201800001248,17.0,4.0,0.0,4.0,29.0,4.0,9.0,0.0,1.0,68.0
NG201800001249,2.0,0.0,0.0,0.0,1.0,1.0,4.0,0.0,0.0,8.0
NG201800001250,0.0,1.0,0.0,0.0,0.0,0.0,1.0,0.0,0.0,2.0
NG201800001251,0.0,0.0,0.0,0.0,0.0,0.0,1.0,0.0,0.0,1.0
NG201800001252,0.0,0.0,0.0,0.0,1.0,0.0,1.0,0.0,0.0,2.0
NG201800001253,0.0,1.0,0.0,0.0,0.0,2.0,1.0,0.0,0.0,4.0
NG201800001254,4.0,0.0,0.0,2.0,0.0,0.0,0.0,0.0,1.0,7.0
NG201800001255,0.0,0.0,0.0,0.0,0.0,0.0,0.0,0.0,0.0,0.0
NG201800001256,3.0,0.0,0.0,0.0,0.0,0.0,1.0,0.0,1.0,5.0
NG201800001257,7.0,0.0,0.0,0.0,0.0,0.0,0.0,0.0,0.0,7.0
NG201800001258,9.0,0.0,0.0,0.0,0.0,0.0,1.0,0.0,1.0,11.0
NG201800001259,12.0,1.0,2.0,4.0,2.0,0.0,1.0,0.0,0.0,22.0
NG201800001260,14.0,0.0,0.0,1.0,1.0,1.0,0.0,0.0,1.0,18.0
NG201800001261,48.0,0.0,0.0,0.0,0.0,0.0,0.0,0.0,1.0,49.0
NG201800001262,1.0,0.0,0.0,0.0,0.0,0.0,0.0,0.0,0.0,1.0
NG201800001263,52.0,0.0,0.0,0.0,0.0,0.0,0.0,0.0,0.0,52.0
NG201800001264,1.0,0.0,0.0,0.0,0.0,0.0,0.0,0.0,0.0,1.0
NG201800001265,0.0,0.0,0.0,0.0,0.0,0.0,0.0,0.0,0.0,0.0
NG201800001266,40.0,0.0,0.0,1.0,0.0,0.0,0.0,0.0,0.0,41.0
NG201800001267,33.0,1.0,0.0,1.0,0.0,0.0,5.0,0.0,0.0,40.0
NG201800001268,1.0,1.0,0.0,0.0,0.0,0.0,0.0,0.0,0.0,2.0
NG201800001269,0.0,0.0,0.0,0.0,0.0,0.0,0.0,0.0,0.0,0.0
NG201800001270,0.0,0.0,0.0,0.0,0.0,0.0,0.0,0.0,0.0,0.0
NG201800001271,0.0,0.0,0.0,0.0,0.0,0.0,0.0,0.0,0.0,0.0
NG201800001272,0.0,0.0,0.0,0.0,0.0,0.0,0.0,0.0,0.0,0.0
NG201800001273,0.0,0.0,0.0,0.0,0.0,0.0,0.0,0.0,0.0,0.0
NG201800001274,0.0,0.0,0.0,0.0,0.0,0.0,0.0,0.0,0.0,0.0
NG201800001275,0.0,0.0,0.0,0.0,0.0,0.0,0.0,0.0,0.0,0.0
NG201800001276,10.0,0.0,0.0,0.0,0.0,0.0,0.0,0.0,0.0,10.0
NG201800001277,22.0,0.0,11.0,2.0,1.0,3.0,14.0,0.0,2.0,55.0
NG201800001278,7.0,0.0,0.0,0.0,0.0,0.0,0.0,0.0,0.0,7.0
NG201800001279,32.0,0.0,0.0,2.0,4.0,1.0,0.0,0.0,2.0,41.0
NG201800001280,3.0,0.0,0.0,0.0,0.0,0.0,0.0,0.0,0.0,3.0
NG201800001281,28.0,2.0,4.0,9.0,22.0,0.0,21.0,0.0,8.0,94.0
NG201800001282,1.0,0.0,0.0,0.0,0.0,0.0,0.0,0.0,0.0,1.0
NG201800001283,0.0,0.0,0.0,0.0,0.0,0.0,0.0,0.0,0.0,0.0
NG201800001284,1.0,0.0,0.0,0.0,0.0,0.0,0.0,0.0,0.0,1.0
NG201800001285,0.0,0.0,0.0,0.0,0.0,0.0,0.0,0.0,0.0,0.0
NG201800001286,0.0,0.0,0.0,0.0,0.0,0.0,0.0,0.0,0.0,0.0
NG201800001287,0.0,0.0,0.0,0.0,0.0,0.0,0.0,0.0,1.0,1.0
NG201800001288,0.0,0.0,0.0,0.0,0.0,0.0,0.0,0.0,0.0,0.0
NG201800001289,1.0,0.0,0.0,0.0,0.0,0.0,1.0,0.0,4.0,6.0
NG201800001290,0.0,0.0,0.0,0.0,0.0,0.0,0.0,0.0,1.0,1.0
NG201800001291,0.0,0.0,0.0,0.0,0.0,0.0,0.0,0.0,0.0,0.0
NG201800001292,0.0,0.0,0.0,0.0,0.0,0.0,0.0,0.0,1.0,1.0
NG201800001293,0.0,0.0,0.0,0.0,0.0,0.0,0.0,0.0,1.0,1.0
NG201800001294,0.0,0.0,0.0,0.0,0.0,0.0,0.0,0.0,1.0,1.0
NG201800001295,0.0,0.0,0.0,0.0,0.0,0.0,0.0,0.0,4.0,4.0
NG201800001296,0.0,0.0,0.0,0.0,0.0,0.0,0.0,0.0,0.0,0.0
NG201800001297,5.0,0.0,0.0,4.0,20.0,0.0,19.0,0.0,8.0,56.0
NG201800001299,0.0,0.0,0.0,0.0,0.0,0.0,0.0,0.0,2.0,2.0
NG201800001300,0.0,0.0,0.0,0.0,0.0,0.0,0.0,0.0,0.0,0.0
NG201800001301,1.0,0.0,0.0,0.0,0.0,0.0,1.0,0.0,0.0,2.0
NG201800001302,0.0,0.0,0.0,0.0,0.0,0.0,0.0,0.0,1.0,1.0
NG201800001303,0.0,0.0,0.0,0.0,0.0,0.0,0.0,0.0,0.0,0.0
NG201800001304,0.0,0.0,0.0,0.0,0.0,0.0,0.0,0.0,1.0,1.0
NG201800001305,0.0,0.0,0.0,0.0,0.0,0.0,0.0,0.0,1.0,1.0
NG201800001306,0.0,0.0,0.0,0.0,0.0,0.0,0.0,0.0,1.0,1.0
NG201800001307,0.0,0.0,0.0,0.0,0.0,0.0,0.0,0.0,2.0,2.0
NG201800001308,0.0,0.0,0.0,0.0,0.0,0.0,0.0,0.0,1.0,1.0
NG201800001309,0.0,1.0,0.0,3.0,0.0,0.0,0.0,0.0,11.0,15.0
NG201800001310,0.0,0.0,0.0,0.0,0.0,0.0,0.0,0.0,0.0,0.0
NG201800001311,1.0,0.0,1.0,0.0,0.0,0.0,2.0,0.0,3.0,7.0
NG201800001312,0.0,0.0,0.0,0.0,0.0,0.0,0.0,0.0,3.0,3.0
NG201800001313,1.0,0.0,0.0,0.0,0.0,0.0,0.0,0.0,0.0,1.0
NG201800001314,0.0,0.0,0.0,0.0,0.0,0.0,0.0,0.0,3.0,3.0
NG201800001315,0.0,0.0,0.0,0.0,0.0,0.0,0.0,0.0,0.0,0.0
NG201800001316,0.0,0.0,0.0,0.0,0.0,0.0,0.0,0.0,0.0,0.0
NG201800001317,0.0,0.0,0.0,0.0,0.0,0.0,0.0,0.0,3.0,3.0
NG201800001318,0.0,0.0,0.0,0.0,0.0,0.0,0.0,0.0,1.0,1.0
NG201800001319,0.0,0.0,0.0,0.0,0.0,0.0,0.0,0.0,1.0,1.0
NG201800001320,0.0,0.0,0.0,0.0,0.0,0.0,0.0,0.0,0.0,0.0
NG201800001321,0.0,0.0,0.0,0.0,0.0,0.0,0.0,0.0,0.0,0.0
NG201800001322,0.0,0.0,0.0,0.0,0.0,0.0,0.0,0.0,0.0,0.0
NG201800001323,0.0,0.0,0.0,0.0,0.0,0.0,0.0,0.0,0.0,0.0
NG201800001324,0.0,0.0,0.0,0.0,0.0,0.0,0.0,0.0,0.0,0.0
NG201800001325,0.0,0.0,0.0,0.0,0.0,0.0,0.0,0.0,0.0,0.0
NG201800001326,0.0,0.0,0.0,0.0,0.0,0.0,0.0,0.0,0.0,0.0
NG201800001327,0.0,0.0,0.0,0.0,0.0,0.0,0.0,0.0,0.0,0.0
NG201800001328,2.0,5.0,0.0,2.0,0.0,1.0,1.0,0.0,8.0,19.0
NG201800001329,0.0,2.0,0.0,0.0,2.0,2.0,1.0,0.0,0.0,7.0
NG201800001330,0.0,0.0,0.0,0.0,0.0,0.0,0.0,0.0,0.0,0.0
NG201800001331,0.0,0.0,0.0,0.0,0.0,0.0,0.0,0.0,0.0,0.0
NG201800001332,4.0,5.0,0.0,2.0,0.0,0.0,1.0,0.0,3.0,15.0
NG201800001333,0.0,0.0,0.0,0.0,0.0,0.0,0.0,0.0,0.0,0.0
NG201800001334,0.0,0.0,0.0,0.0,0.0,0.0,0.0,0.0,0.0,0.0
NG201800001335,0.0,0.0,0.0,0.0,0.0,0.0,0.0,0.0,0.0,0.0
NG201800001336,0.0,0.0,0.0,1.0,1.0,0.0,0.0,0.0,0.0,2.0
NG201800001337,0.0,0.0,0.0,0.0,0.0,0.0,0.0,0.0,0.0,0.0
NG201800001338,0.0,0.0,0.0,0.0,1.0,1.0,0.0,0.0,0.0,2.0
NG201800001340,0.0,0.0,1.0,0.0,0.0,0.0,0.0,0.0,0.0,1.0
NG201800001341,0.0,0.0,1.0,0.0,0.0,0.0,0.0,0.0,0.0,1.0
NG201800001342,1.0,0.0,0.0,0.0,0.0,0.0,0.0,0.0,0.0,1.0
NG201800001343,0.0,0.0,0.0,0.0,0.0,0.0,0.0,0.0,0.0,0.0
NG201800001344,0.0,0.0,0.0,0.0,0.0,0.0,0.0,0.0,0.0,0.0
NG201800001345,1.0,1.0,0.0,0.0,0.0,0.0,0.0,0.0,0.0,2.0
NG201800001346,2.0,0.0,0.0,0.0,2.0,0.0,0.0,0.0,0.0,4.0
NG201800001347,0.0,0.0,2.0,4.0,1.0,1.0,2.0,0.0,1.0,11.0
NG201800001348,3.0,0.0,0.0,0.0,2.0,0.0,1.0,0.0,0.0,6.0
NG201800001349,0.0,0.0,0.0,0.0,0.0,0.0,0.0,0.0,0.0,0.0
NG201800001350,0.0,0.0,0.0,0.0,0.0,0.0,0.0,0.0,0.0,0.0
NG201800001351,0.0,0.0,0.0,0.0,0.0,0.0,0.0,0.0,0.0,0.0
NG201800001352,4.0,1.0,5.0,0.0,11.0,0.0,1.0,0.0,0.0,22.0
NG201800001353,0.0,2.0,0.0,0.0,2.0,2.0,1.0,0.0,0.0,7.0
NG201800001354,0.0,0.0,0.0,0.0,0.0,0.0,0.0,0.0,0.0,0.0
NG201800001355,0.0,0.0,0.0,0.0,0.0,0.0,0.0,0.0,0.0,0.0
NG201800001356,1.0,1.0,0.0,0.0,0.0,0.0,0.0,0.0,0.0,2.0
NG201800001357,1.0,0.0,1.0,0.0,0.0,0.0,0.0,0.0,0.0,2.0
NG201800001358,0.0,0.0,0.0,0.0,0.0,0.0,0.0,0.0,0.0,0.0
NG201800001359,0.0,2.0,2.0,0.0,3.0,0.0,0.0,0.0,1.0,8.0
NG201800001360,0.0,1.0,0.0,0.0,3.0,0.0,0.0,0.0,0.0,4.0
NG201800001361,4.0,1.0,1.0,0.0,0.0,0.0,0.0,0.0,0.0,6.0
NG201800001362,9.0,3.0,5.0,1.0,5.0,1.0,3.0,0.0,2.0,29.0
NG201800001363,3.0,1.0,0.0,3.0,12.0,1.0,0.0,0.0,4.0,24.0
NG201800001364,0.0,1.0,0.0,2.0,2.0,1.0,3.0,0.0,0.0,9.0
NG201800001365,1.0,1.0,0.0,0.0,1.0,0.0,0.0,0.0,1.0,4.0
NG201800001366,0.0,0.0,0.0,0.0,0.0,0.0,0.0,0.0,0.0,0.0
NG201800001367,0.0,0.0,0.0,0.0,0.0,0.0,0.0,0.0,0.0,0.0
NG201800001368,0.0,0.0,0.0,0.0,0.0,0.0,0.0,0.0,0.0,0.0
NG201800001369,1.0,0.0,0.0,7.0,1.0,0.0,6.0,0.0,0.0,15.0
NG201800001370,0.0,0.0,0.0,0.0,0.0,0.0,0.0,0.0,0.0,0.0
NG201800001371,2.0,7.0,3.0,3.0,5.0,0.0,2.0,0.0,3.0,25.0
NG201800001372,3.0,19.0,5.0,5.0,50.0,5.0,7.0,0.0,2.0,96.0
NG201800001373,5.0,9.0,3.0,7.0,10.0,0.0,2.0,0.0,3.0,39.0
NG201800001374,8.0,8.0,6.0,12.0,38.0,0.0,5.0,0.0,4.0,81.0
NG201800001375,6.0,28.0,3.0,4.0,21.0,7.0,31.0,0.0,5.0,105.0
NG201800001376,6.0,3.0,0.0,1.0,3.0,0.0,4.0,0.0,0.0,17.0
NG201800001377,4.0,4.0,2.0,3.0,3.0,0.0,4.0,0.0,6.0,26.0
NG201800001378,0.0,6.0,0.0,2.0,10.0,0.0,1.0,0.0,1.0,20.0
NG201800001379,2.0,22.0,0.0,2.0,20.0,7.0,9.0,0.0,3.0,65.0
NG201800001380,1.0,12.0,0.0,1.0,6.0,9.0,2.0,0.0,4.0,35.0
NG201800001381,0.0,3.0,0.0,2.0,10.0,0.0,6.0,0.0,1.0,22.0
NG201800001382,0.0,16.0,0.0,1.0,1.0,6.0,3.0,0.0,1.0,28.0
NG201800001383,2.0,11.0,1.0,1.0,16.0,5.0,2.0,0.0,2.0,40.0
NG201800001384,0.0,0.0,0.0,0.0,0.0,0.0,0.0,0.0,0.0,0.0
NG201800001385,0.0,1.0,0.0,1.0,0.0,0.0,1.0,0.0,0.0,3.0
NG201800001386,0.0,0.0,0.0,0.0,0.0,0.0,0.0,0.0,0.0,0.0
NG201800001387,0.0,0.0,0.0,0.0,0.0,0.0,0.0,0.0,0.0,0.0
NG201800001388,0.0,0.0,0.0,0.0,0.0,0.0,0.0,0.0,0.0,0.0
NG201800001389,0.0,0.0,0.0,0.0,0.0,0.0,0.0,0.0,0.0,0.0
NG201800001390,0.0,0.0,0.0,0.0,0.0,0.0,0.0,0.0,0.0,0.0
NG201800001391,0.0,0.0,0.0,0.0,0.0,0.0,0.0,0.0,0.0,0.0
NG201800001392,0.0,0.0,0.0,0.0,0.0,0.0,0.0,0.0,0.0,0.0
NG201800001393,1.0,0.0,0.0,0.0,0.0,0.0,0.0,0.0,0.0,1.0
NG201800001394,0.0,0.0,0.0,0.0,0.0,0.0,0.0,0.0,0.0,0.0
NG201800001395,0.0,0.0,0.0,0.0,1.0,0.0,0.0,0.0,0.0,1.0
NG201800001396,0.0,0.0,0.0,0.0,0.0,0.0,0.0,0.0,0.0,0.0
NG201800001397,0.0,1.0,0.0,0.0,0.0,0.0,0.0,0.0,0.0,1.0
NG201800001398,0.0,0.0,0.0,0.0,0.0,0.0,0.0,0.0,0.0,0.0
NG201800001399,0.0,0.0,0.0,0.0,0.0,0.0,0.0,0.0,0.0,0.0
NG201800001400,0.0,1.0,0.0,0.0,0.0,0.0,1.0,0.0,0.0,2.0
