DHSID,commercial_buildings_count,commercial_buildings_totalarea,commercial_buildings_avgarea,commercial_buildings_ratio,damaged_buildings_count,damaged_buildings_totalarea,damaged_buildings_avgarea,damaged_buildings_ratio,education_buildings_count,education_buildings_totalarea,education_buildings_avgarea,education_buildings_ratio,government_buildings_count,government_buildings_totalarea,government_buildings_avgarea,government_buildings_ratio,health_buildings_count,health_buildings_totalarea,health_buildings_avgarea,health_buildings_ratio,industrial_buildings_count,industrial_buildings_totalarea,industrial_buildings_avgarea,industrial_buildings_ratio,other_buildings_count,other_buildings_totalarea,other_buildings_avgarea,other_buildings_ratio,recreational_buildings_count,recreational_buildings_totalarea,recreational_buildings_avgarea,recreational_buildings_ratio,religious_buildings_count,religious_buildings_totalarea,religious_buildings_avgarea,religious_buildings_ratio,residential_buildings_count,residential_buildings_totalarea,residential_buildings_avgarea,residential_buildings_ratio,all_buildings_count,all_buildings_totalarea,all_buildings_avgarea,all_buildings_ratio
ML201800000001,0.0,0.0,0.0,0.0,0.0,0.0,0.0,0.0,0.0,0.0,0.0,0.0,0.0,0.0,0.0,0.0,0.0,0.0,0.0,0.0,0.0,0.0,0.0,0.0,1.0,127.91991923418698,127.91991923418698,1.6313462982607633e-06,0.0,0.0,0.0,0.0,0.0,0.0,0.0,0.0,0.0,0.0,0.0,0.0,1.0,127.91991923418698,127.91991923418698,1.6313462982607633e-06
ML201800000002,0.0,0.0,0.0,0.0,0.0,0.0,0.0,0.0,0.0,0.0,0.0,0.0,0.0,0.0,0.0,0.0,0.0,0.0,0.0,0.0,0.0,0.0,0.0,0.0,0.0,0.0,0.0,0.0,0.0,0.0,0.0,0.0,0.0,0.0,0.0,0.0,0.0,0.0,0.0,0.0,0.0,0.0,0.0,0.0
ML201800000003,0.0,0.0,0.0,0.0,0.0,0.0,0.0,0.0,0.0,0.0,0.0,0.0,0.0,0.0,0.0,0.0,0.0,0.0,0.0,0.0,0.0,0.0,0.0,0.0,0.0,0.0,0.0,0.0,0.0,0.0,0.0,0.0,0.0,0.0,0.0,0.0,0.0,0.0,0.0,0.0,0.0,0.0,0.0,0.0
ML201800000004,0.0,0.0,0.0,0.0,0.0,0.0,0.0,0.0,0.0,0.0,0.0,0.0,0.0,0.0,0.0,0.0,0.0,0.0,0.0,0.0,0.0,0.0,0.0,0.0,0.0,0.0,0.0,0.0,0.0,0.0,0.0,0.0,0.0,0.0,0.0,0.0,0.0,0.0,0.0,0.0,0.0,0.0,0.0,0.0
ML201800000005,0.0,0.0,0.0,0.0,0.0,0.0,0.0,0.0,0.0,0.0,0.0,0.0,0.0,0.0,0.0,0.0,0.0,0.0,0.0,0.0,0.0,0.0,0.0,0.0,0.0,0.0,0.0,0.0,0.0,0.0,0.0,0.0,0.0,0.0,0.0,0.0,0.0,0.0,0.0,0.0,0.0,0.0,0.0,0.0
ML201800000006,0.0,0.0,0.0,0.0,0.0,0.0,0.0,0.0,0.0,0.0,0.0,0.0,0.0,0.0,0.0,0.0,0.0,0.0,0.0,0.0,0.0,0.0,0.0,0.0,0.0,0.0,0.0,0.0,0.0,0.0,0.0,0.0,0.0,0.0,0.0,0.0,0.0,0.0,0.0,0.0,0.0,0.0,0.0,0.0
ML201800000007,0.0,0.0,0.0,0.0,0.0,0.0,0.0,0.0,0.0,0.0,0.0,0.0,0.0,0.0,0.0,0.0,0.0,0.0,0.0,0.0,0.0,0.0,0.0,0.0,1.0,35.49499719594857,35.49499719594857,4.526631397912306e-07,0.0,0.0,0.0,0.0,0.0,0.0,0.0,0.0,0.0,0.0,0.0,0.0,1.0,35.49499719594857,35.49499719594857,4.526631397912306e-07
ML201800000008,0.0,0.0,0.0,0.0,0.0,0.0,0.0,0.0,0.0,0.0,0.0,0.0,0.0,0.0,0.0,0.0,0.0,0.0,0.0,0.0,0.0,0.0,0.0,0.0,0.0,0.0,0.0,0.0,0.0,0.0,0.0,0.0,0.0,0.0,0.0,0.0,0.0,0.0,0.0,0.0,0.0,0.0,0.0,0.0
ML201800000009,0.0,0.0,0.0,0.0,0.0,0.0,0.0,0.0,0.0,0.0,0.0,0.0,0.0,0.0,0.0,0.0,0.0,0.0,0.0,0.0,0.0,0.0,0.0,0.0,0.0,0.0,0.0,0.0,0.0,0.0,0.0,0.0,1.0,407.444029306567,407.444029306567,5.196081368225979e-06,0.0,0.0,0.0,0.0,1.0,407.444029306567,407.444029306567,5.196081368225979e-06
ML201800000010,0.0,0.0,0.0,0.0,0.0,0.0,0.0,0.0,0.0,0.0,0.0,0.0,0.0,0.0,0.0,0.0,0.0,0.0,0.0,0.0,0.0,0.0,0.0,0.0,0.0,0.0,0.0,0.0,0.0,0.0,0.0,0.0,0.0,0.0,0.0,0.0,75.0,9837.783371501722,131.1704449533563,0.0007841249227577927,75.0,9837.783371501722,131.1704449533563,0.0007841249227577927
ML201800000011,1.0,229.45381494322578,229.45381494322578,1.8288718924228534e-05,0.0,0.0,0.0,0.0,0.0,0.0,0.0,0.0,0.0,0.0,0.0,0.0,0.0,0.0,0.0,0.0,0.0,0.0,0.0,0.0,303.0,32229.819001317388,106.36903960830821,0.0025688921356121297,0.0,0.0,0.0,0.0,4.0,1722.7947726021898,430.69869315054746,0.0001373161277272626,1812.0,183379.79302127712,101.20297628105801,0.01461636840415652,2120.0,217561.8606101399,102.62351915572637,0.01734086538642014
ML201800000012,9.0,1263.0238107948906,140.33597897721006,0.0001006698776220024,0.0,0.0,0.0,0.0,7.0,3118.1509059021278,445.4501294145897,0.0002485336122891825,0.0,0.0,0.0,0.0,4.0,2431.096975547096,607.774243886774,0.00019377167154237498,5.0,4125.949411689517,825.1898823379033,0.0003288606428472225,682.0,84211.399470706,123.47712532361584,0.006712107251373306,0.0,0.0,0.0,0.0,10.0,3947.250257793454,394.7250257793454,0.0003146173468775684,1517.0,174216.46186004812,114.84275666450107,0.013886000996411494,2234.0,273313.3326924812,122.34258401633001,0.02178456139896315
ML201800000013,0.0,0.0,0.0,0.0,0.0,0.0,0.0,0.0,0.0,0.0,0.0,0.0,0.0,0.0,0.0,0.0,0.0,0.0,0.0,0.0,0.0,0.0,0.0,0.0,0.0,0.0,0.0,0.0,0.0,0.0,0.0,0.0,0.0,0.0,0.0,0.0,0.0,0.0,0.0,0.0,0.0,0.0,0.0,0.0
ML201800000014,0.0,0.0,0.0,0.0,0.0,0.0,0.0,0.0,0.0,0.0,0.0,0.0,0.0,0.0,0.0,0.0,0.0,0.0,0.0,0.0,0.0,0.0,0.0,0.0,0.0,0.0,0.0,0.0,0.0,0.0,0.0,0.0,0.0,0.0,0.0,0.0,0.0,0.0,0.0,0.0,0.0,0.0,0.0,0.0
ML201800000015,0.0,0.0,0.0,0.0,0.0,0.0,0.0,0.0,0.0,0.0,0.0,0.0,0.0,0.0,0.0,0.0,0.0,0.0,0.0,0.0,0.0,0.0,0.0,0.0,0.0,0.0,0.0,0.0,0.0,0.0,0.0,0.0,0.0,0.0,0.0,0.0,0.0,0.0,0.0,0.0,0.0,0.0,0.0,0.0
ML201800000016,0.0,0.0,0.0,0.0,0.0,0.0,0.0,0.0,0.0,0.0,0.0,0.0,0.0,0.0,0.0,0.0,0.0,0.0,0.0,0.0,0.0,0.0,0.0,0.0,0.0,0.0,0.0,0.0,0.0,0.0,0.0,0.0,0.0,0.0,0.0,0.0,0.0,0.0,0.0,0.0,0.0,0.0,0.0,0.0
ML201800000017,0.0,0.0,0.0,0.0,0.0,0.0,0.0,0.0,0.0,0.0,0.0,0.0,0.0,0.0,0.0,0.0,0.0,0.0,0.0,0.0,0.0,0.0,0.0,0.0,0.0,0.0,0.0,0.0,0.0,0.0,0.0,0.0,0.0,0.0,0.0,0.0,0.0,0.0,0.0,0.0,0.0,0.0,0.0,0.0
ML201800000018,0.0,0.0,0.0,0.0,0.0,0.0,0.0,0.0,0.0,0.0,0.0,0.0,0.0,0.0,0.0,0.0,0.0,0.0,0.0,0.0,0.0,0.0,0.0,0.0,0.0,0.0,0.0,0.0,0.0,0.0,0.0,0.0,0.0,0.0,0.0,0.0,0.0,0.0,0.0,0.0,0.0,0.0,0.0,0.0
ML201800000019,0.0,0.0,0.0,0.0,0.0,0.0,0.0,0.0,2.0,554.0190573544525,277.0095286772262,7.065333872877992e-06,0.0,0.0,0.0,0.0,0.0,0.0,0.0,0.0,0.0,0.0,0.0,0.0,2.0,133.82777968165462,66.91388984082731,1.7066884836633112e-06,0.0,0.0,0.0,0.0,1.0,146.65492998700438,146.65492998700438,1.8702714838179476e-06,1.0,100.20040885768496,100.20040885768496,1.2778429430911995e-06,6.0,934.7021758807964,155.78369598013273,1.1920136783450451e-05
ML201800000020,0.0,0.0,0.0,0.0,0.0,0.0,0.0,0.0,0.0,0.0,0.0,0.0,0.0,0.0,0.0,0.0,0.0,0.0,0.0,0.0,0.0,0.0,0.0,0.0,0.0,0.0,0.0,0.0,0.0,0.0,0.0,0.0,0.0,0.0,0.0,0.0,0.0,0.0,0.0,0.0,0.0,0.0,0.0,0.0
ML201800000021,0.0,0.0,0.0,0.0,0.0,0.0,0.0,0.0,0.0,0.0,0.0,0.0,0.0,0.0,0.0,0.0,0.0,0.0,0.0,0.0,0.0,0.0,0.0,0.0,0.0,0.0,0.0,0.0,0.0,0.0,0.0,0.0,0.0,0.0,0.0,0.0,0.0,0.0,0.0,0.0,0.0,0.0,0.0,0.0
ML201800000022,0.0,0.0,0.0,0.0,0.0,0.0,0.0,0.0,0.0,0.0,0.0,0.0,0.0,0.0,0.0,0.0,0.0,0.0,0.0,0.0,0.0,0.0,0.0,0.0,0.0,0.0,0.0,0.0,0.0,0.0,0.0,0.0,0.0,0.0,0.0,0.0,0.0,0.0,0.0,0.0,0.0,0.0,0.0,0.0
ML201800000023,0.0,0.0,0.0,0.0,0.0,0.0,0.0,0.0,0.0,0.0,0.0,0.0,0.0,0.0,0.0,0.0,0.0,0.0,0.0,0.0,0.0,0.0,0.0,0.0,0.0,0.0,0.0,0.0,0.0,0.0,0.0,0.0,0.0,0.0,0.0,0.0,0.0,0.0,0.0,0.0,0.0,0.0,0.0,0.0
ML201800000024,1.0,244.7892018137208,244.7892018137208,3.121765246755285e-06,0.0,0.0,0.0,0.0,0.0,0.0,0.0,0.0,0.0,0.0,0.0,0.0,0.0,0.0,0.0,0.0,0.0,0.0,0.0,0.0,0.0,0.0,0.0,0.0,0.0,0.0,0.0,0.0,0.0,0.0,0.0,0.0,48.0,4586.536886789367,95.55285180811181,5.8491515761532556e-05,49.0,4831.326088603088,98.59849160414464,6.161328100828784e-05
ML201800000025,0.0,0.0,0.0,0.0,0.0,0.0,0.0,0.0,15.0,2716.421241262838,181.09474941752254,3.464217115661446e-05,0.0,0.0,0.0,0.0,0.0,0.0,0.0,0.0,0.0,0.0,0.0,0.0,75.0,9902.215190045024,132.029535867267,0.00012628167834665216,0.0,0.0,0.0,0.0,0.0,0.0,0.0,0.0,1.0,24.814957919339196,24.814957919339196,3.164619707826661e-07,91.0,12643.451389227203,138.939026255244,0.0001612403114740493
ML201800000026,0.0,0.0,0.0,0.0,0.0,0.0,0.0,0.0,0.0,0.0,0.0,0.0,0.0,0.0,0.0,0.0,0.0,0.0,0.0,0.0,0.0,0.0,0.0,0.0,0.0,0.0,0.0,0.0,0.0,0.0,0.0,0.0,0.0,0.0,0.0,0.0,0.0,0.0,0.0,0.0,0.0,0.0,0.0,0.0
ML201800000027,0.0,0.0,0.0,0.0,0.0,0.0,0.0,0.0,0.0,0.0,0.0,0.0,0.0,0.0,0.0,0.0,0.0,0.0,0.0,0.0,0.0,0.0,0.0,0.0,0.0,0.0,0.0,0.0,0.0,0.0,0.0,0.0,0.0,0.0,0.0,0.0,0.0,0.0,0.0,0.0,0.0,0.0,0.0,0.0
ML201800000028,0.0,0.0,0.0,0.0,0.0,0.0,0.0,0.0,0.0,0.0,0.0,0.0,0.0,0.0,0.0,0.0,0.0,0.0,0.0,0.0,0.0,0.0,0.0,0.0,0.0,0.0,0.0,0.0,0.0,0.0,0.0,0.0,0.0,0.0,0.0,0.0,0.0,0.0,0.0,0.0,0.0,0.0,0.0,0.0
ML201800000029,0.0,0.0,0.0,0.0,0.0,0.0,0.0,0.0,0.0,0.0,0.0,0.0,0.0,0.0,0.0,0.0,0.0,0.0,0.0,0.0,0.0,0.0,0.0,0.0,0.0,0.0,0.0,0.0,0.0,0.0,0.0,0.0,0.0,0.0,0.0,0.0,0.0,0.0,0.0,0.0,0.0,0.0,0.0,0.0
ML201800000030,0.0,0.0,0.0,0.0,0.0,0.0,0.0,0.0,0.0,0.0,0.0,0.0,0.0,0.0,0.0,0.0,0.0,0.0,0.0,0.0,0.0,0.0,0.0,0.0,0.0,0.0,0.0,0.0,0.0,0.0,0.0,0.0,0.0,0.0,0.0,0.0,0.0,0.0,0.0,0.0,0.0,0.0,0.0,0.0
ML201800000031,0.0,0.0,0.0,0.0,0.0,0.0,0.0,0.0,0.0,0.0,0.0,0.0,0.0,0.0,0.0,0.0,0.0,0.0,0.0,0.0,0.0,0.0,0.0,0.0,0.0,0.0,0.0,0.0,0.0,0.0,0.0,0.0,0.0,0.0,0.0,0.0,0.0,0.0,0.0,0.0,0.0,0.0,0.0,0.0
ML201800000032,0.0,0.0,0.0,0.0,0.0,0.0,0.0,0.0,0.0,0.0,0.0,0.0,0.0,0.0,0.0,0.0,0.0,0.0,0.0,0.0,0.0,0.0,0.0,0.0,0.0,0.0,0.0,0.0,0.0,0.0,0.0,0.0,0.0,0.0,0.0,0.0,0.0,0.0,0.0,0.0,0.0,0.0,0.0,0.0
ML201800000033,0.0,0.0,0.0,0.0,0.0,0.0,0.0,0.0,0.0,0.0,0.0,0.0,0.0,0.0,0.0,0.0,0.0,0.0,0.0,0.0,0.0,0.0,0.0,0.0,0.0,0.0,0.0,0.0,0.0,0.0,0.0,0.0,0.0,0.0,0.0,0.0,13.0,378.21521537013285,29.093478105394833,4.82333005863149e-06,13.0,378.21521537013285,29.093478105394833,4.82333005863149e-06
ML201800000034,0.0,0.0,0.0,0.0,0.0,0.0,0.0,0.0,0.0,0.0,0.0,0.0,0.0,0.0,0.0,0.0,0.0,0.0,0.0,0.0,0.0,0.0,0.0,0.0,0.0,0.0,0.0,0.0,0.0,0.0,0.0,0.0,0.0,0.0,0.0,0.0,0.0,0.0,0.0,0.0,0.0,0.0,0.0,0.0
ML201800000035,0.0,0.0,0.0,0.0,0.0,0.0,0.0,0.0,0.0,0.0,0.0,0.0,0.0,0.0,0.0,0.0,0.0,0.0,0.0,0.0,0.0,0.0,0.0,0.0,0.0,0.0,0.0,0.0,0.0,0.0,0.0,0.0,0.0,0.0,0.0,0.0,0.0,0.0,0.0,0.0,0.0,0.0,0.0,0.0
ML201800000036,0.0,0.0,0.0,0.0,0.0,0.0,0.0,0.0,0.0,0.0,0.0,0.0,0.0,0.0,0.0,0.0,0.0,0.0,0.0,0.0,0.0,0.0,0.0,0.0,0.0,0.0,0.0,0.0,0.0,0.0,0.0,0.0,0.0,0.0,0.0,0.0,0.0,0.0,0.0,0.0,0.0,0.0,0.0,0.0
ML201800000037,3.0,1015.9508600946314,338.65028669821044,8.097681760356001e-05,0.0,0.0,0.0,0.0,0.0,0.0,0.0,0.0,0.0,0.0,0.0,0.0,0.0,0.0,0.0,0.0,0.0,0.0,0.0,0.0,1.0,115.9368265067515,115.9368265067515,9.240796599845713e-06,0.0,0.0,0.0,0.0,4.0,3237.938216644144,809.484554161036,0.0002580813134568011,6.0,574.5244835799217,95.75408059665362,4.5792730872138246e-05,14.0,4944.350386825448,353.1678847732463,0.00039409165853234503
ML201800000038,0.0,0.0,0.0,0.0,0.0,0.0,0.0,0.0,0.0,0.0,0.0,0.0,0.0,0.0,0.0,0.0,0.0,0.0,0.0,0.0,0.0,0.0,0.0,0.0,0.0,0.0,0.0,0.0,0.0,0.0,0.0,0.0,2.0,270.6386183506119,135.31930917530596,3.4514195354079437e-06,0.0,0.0,0.0,0.0,2.0,270.6386183506119,135.31930917530596,3.4514195354079437e-06
ML201800000039,0.0,0.0,0.0,0.0,0.0,0.0,0.0,0.0,0.0,0.0,0.0,0.0,0.0,0.0,0.0,0.0,0.0,0.0,0.0,0.0,0.0,0.0,0.0,0.0,0.0,0.0,0.0,0.0,0.0,0.0,0.0,0.0,0.0,0.0,0.0,0.0,0.0,0.0,0.0,0.0,0.0,0.0,0.0,0.0
ML201800000040,0.0,0.0,0.0,0.0,0.0,0.0,0.0,0.0,0.0,0.0,0.0,0.0,0.0,0.0,0.0,0.0,0.0,0.0,0.0,0.0,0.0,0.0,0.0,0.0,0.0,0.0,0.0,0.0,0.0,0.0,0.0,0.0,0.0,0.0,0.0,0.0,0.0,0.0,0.0,0.0,0.0,0.0,0.0,0.0
ML201800000041,0.0,0.0,0.0,0.0,0.0,0.0,0.0,0.0,0.0,0.0,0.0,0.0,0.0,0.0,0.0,0.0,0.0,0.0,0.0,0.0,0.0,0.0,0.0,0.0,0.0,0.0,0.0,0.0,0.0,0.0,0.0,0.0,0.0,0.0,0.0,0.0,0.0,0.0,0.0,0.0,0.0,0.0,0.0,0.0
ML201800000042,0.0,0.0,0.0,0.0,0.0,0.0,0.0,0.0,0.0,0.0,0.0,0.0,0.0,0.0,0.0,0.0,0.0,0.0,0.0,0.0,0.0,0.0,0.0,0.0,0.0,0.0,0.0,0.0,0.0,0.0,0.0,0.0,0.0,0.0,0.0,0.0,0.0,0.0,0.0,0.0,0.0,0.0,0.0,0.0
ML201800000043,1.0,89.34245564810033,89.34245564810033,7.121080378431528e-06,0.0,0.0,0.0,0.0,0.0,0.0,0.0,0.0,0.0,0.0,0.0,0.0,0.0,0.0,0.0,0.0,0.0,0.0,0.0,0.0,0.0,0.0,0.0,0.0,1.0,349.2887846540219,349.2887846540219,2.7840218771273928e-05,0.0,0.0,0.0,0.0,0.0,0.0,0.0,0.0,2.0,438.63124030212225,219.31562015106113,3.4961299149705454e-05
ML201800000044,0.0,0.0,0.0,0.0,0.0,0.0,0.0,0.0,0.0,0.0,0.0,0.0,0.0,0.0,0.0,0.0,0.0,0.0,0.0,0.0,0.0,0.0,0.0,0.0,28.0,4669.33512628849,166.7619687960175,5.9547431074158714e-05,0.0,0.0,0.0,0.0,0.0,0.0,0.0,0.0,13.0,1740.1940328413812,133.861079449337,2.2192470967199993e-05,41.0,6409.529159129871,156.32997949097248,8.17399020413587e-05
ML201800000045,0.0,0.0,0.0,0.0,0.0,0.0,0.0,0.0,0.0,0.0,0.0,0.0,0.0,0.0,0.0,0.0,0.0,0.0,0.0,0.0,0.0,0.0,0.0,0.0,4.0,582.8901404363395,145.72253510908487,7.433523086835799e-06,0.0,0.0,0.0,0.0,0.0,0.0,0.0,0.0,0.0,0.0,0.0,0.0,4.0,582.8901404363395,145.72253510908487,7.433523086835799e-06
ML201800000046,1.0,239.84814458323183,239.84814458323183,3.0587525785898606e-06,0.0,0.0,0.0,0.0,1.0,234.48940830986902,234.48940830986902,2.9904133032428984e-06,0.0,0.0,0.0,0.0,0.0,0.0,0.0,0.0,0.0,0.0,0.0,0.0,2.0,323.64874302942803,161.82437151471402,4.127450846112736e-06,0.0,0.0,0.0,0.0,1.0,1266.5610050681657,1266.5610050681657,1.615228980372301e-05,62.0,7680.372658939407,123.87697836999044,9.794680595041953e-05,67.0,9744.919959930103,145.44656656612094,0.00012427571248208806
ML201800000047,0.0,0.0,0.0,0.0,0.0,0.0,0.0,0.0,0.0,0.0,0.0,0.0,0.0,0.0,0.0,0.0,0.0,0.0,0.0,0.0,0.0,0.0,0.0,0.0,1.0,11.302836699794153,11.302836699794153,1.4414362454606026e-07,0.0,0.0,0.0,0.0,0.0,0.0,0.0,0.0,0.0,0.0,0.0,0.0,1.0,11.302836699794153,11.302836699794153,1.4414362454606026e-07
ML201800000048,0.0,0.0,0.0,0.0,0.0,0.0,0.0,0.0,3.0,1529.0028843969894,509.6676281323298,1.9499177379283422e-05,0.0,0.0,0.0,0.0,0.0,0.0,0.0,0.0,0.0,0.0,0.0,0.0,2.0,114.46285218316115,57.23142609158057,1.4597300507633708e-06,0.0,0.0,0.0,0.0,0.0,0.0,0.0,0.0,0.0,0.0,0.0,0.0,5.0,1643.4657365801506,328.69314731603015,2.0958907430046792e-05
ML201800000049,0.0,0.0,0.0,0.0,0.0,0.0,0.0,0.0,0.0,0.0,0.0,0.0,0.0,0.0,0.0,0.0,0.0,0.0,0.0,0.0,0.0,0.0,0.0,0.0,0.0,0.0,0.0,0.0,0.0,0.0,0.0,0.0,0.0,0.0,0.0,0.0,0.0,0.0,0.0,0.0,0.0,0.0,0.0,0.0
ML201800000050,0.0,0.0,0.0,0.0,0.0,0.0,0.0,0.0,0.0,0.0,0.0,0.0,0.0,0.0,0.0,0.0,0.0,0.0,0.0,0.0,0.0,0.0,0.0,0.0,0.0,0.0,0.0,0.0,0.0,0.0,0.0,0.0,0.0,0.0,0.0,0.0,0.0,0.0,0.0,0.0,0.0,0.0,0.0,0.0
ML201800000051,0.0,0.0,0.0,0.0,0.0,0.0,0.0,0.0,0.0,0.0,0.0,0.0,0.0,0.0,0.0,0.0,0.0,0.0,0.0,0.0,0.0,0.0,0.0,0.0,11.0,1385.0923621897891,125.917487471799,0.00011039940609596295,2.0,368.3346638271979,184.16733191359896,2.935827908746127e-05,0.0,0.0,0.0,0.0,1.0,80.80351506297094,80.80351506297094,6.440480300761239e-06,14.0,1834.230541079958,131.016467219997,0.00014619816548418546
ML201800000052,0.0,0.0,0.0,0.0,0.0,0.0,0.0,0.0,0.0,0.0,0.0,0.0,0.0,0.0,0.0,0.0,0.0,0.0,0.0,0.0,0.0,0.0,0.0,0.0,0.0,0.0,0.0,0.0,0.0,0.0,0.0,0.0,0.0,0.0,0.0,0.0,0.0,0.0,0.0,0.0,0.0,0.0,0.0,0.0
ML201800000053,0.0,0.0,0.0,0.0,0.0,0.0,0.0,0.0,0.0,0.0,0.0,0.0,0.0,0.0,0.0,0.0,0.0,0.0,0.0,0.0,0.0,0.0,0.0,0.0,0.0,0.0,0.0,0.0,0.0,0.0,0.0,0.0,0.0,0.0,0.0,0.0,0.0,0.0,0.0,0.0,0.0,0.0,0.0,0.0
ML201800000054,0.0,0.0,0.0,0.0,0.0,0.0,0.0,0.0,0.0,0.0,0.0,0.0,0.0,0.0,0.0,0.0,0.0,0.0,0.0,0.0,0.0,0.0,0.0,0.0,0.0,0.0,0.0,0.0,0.0,0.0,0.0,0.0,0.0,0.0,0.0,0.0,0.0,0.0,0.0,0.0,0.0,0.0,0.0,0.0
ML201800000055,0.0,0.0,0.0,0.0,0.0,0.0,0.0,0.0,0.0,0.0,0.0,0.0,0.0,0.0,0.0,0.0,0.0,0.0,0.0,0.0,0.0,0.0,0.0,0.0,0.0,0.0,0.0,0.0,0.0,0.0,0.0,0.0,0.0,0.0,0.0,0.0,0.0,0.0,0.0,0.0,0.0,0.0,0.0,0.0
ML201800000056,0.0,0.0,0.0,0.0,0.0,0.0,0.0,0.0,0.0,0.0,0.0,0.0,0.0,0.0,0.0,0.0,0.0,0.0,0.0,0.0,0.0,0.0,0.0,0.0,0.0,0.0,0.0,0.0,0.0,0.0,0.0,0.0,0.0,0.0,0.0,0.0,0.0,0.0,0.0,0.0,0.0,0.0,0.0,0.0
ML201800000057,0.0,0.0,0.0,0.0,0.0,0.0,0.0,0.0,0.0,0.0,0.0,0.0,0.0,0.0,0.0,0.0,0.0,0.0,0.0,0.0,0.0,0.0,0.0,0.0,0.0,0.0,0.0,0.0,0.0,0.0,0.0,0.0,0.0,0.0,0.0,0.0,0.0,0.0,0.0,0.0,0.0,0.0,0.0,0.0
ML201800000058,0.0,0.0,0.0,0.0,0.0,0.0,0.0,0.0,0.0,0.0,0.0,0.0,0.0,0.0,0.0,0.0,0.0,0.0,0.0,0.0,0.0,0.0,0.0,0.0,0.0,0.0,0.0,0.0,0.0,0.0,0.0,0.0,0.0,0.0,0.0,0.0,0.0,0.0,0.0,0.0,0.0,0.0,0.0,0.0
ML201800000059,0.0,0.0,0.0,0.0,0.0,0.0,0.0,0.0,0.0,0.0,0.0,0.0,0.0,0.0,0.0,0.0,0.0,0.0,0.0,0.0,0.0,0.0,0.0,0.0,0.0,0.0,0.0,0.0,0.0,0.0,0.0,0.0,0.0,0.0,0.0,0.0,0.0,0.0,0.0,0.0,0.0,0.0,0.0,0.0
ML201800000060,0.0,0.0,0.0,0.0,0.0,0.0,0.0,0.0,0.0,0.0,0.0,0.0,0.0,0.0,0.0,0.0,0.0,0.0,0.0,0.0,0.0,0.0,0.0,0.0,0.0,0.0,0.0,0.0,0.0,0.0,0.0,0.0,0.0,0.0,0.0,0.0,0.0,0.0,0.0,0.0,0.0,0.0,0.0,0.0
ML201800000061,0.0,0.0,0.0,0.0,0.0,0.0,0.0,0.0,0.0,0.0,0.0,0.0,0.0,0.0,0.0,0.0,0.0,0.0,0.0,0.0,0.0,0.0,0.0,0.0,0.0,0.0,0.0,0.0,0.0,0.0,0.0,0.0,0.0,0.0,0.0,0.0,0.0,0.0,0.0,0.0,0.0,0.0,0.0,0.0
ML201800000062,0.0,0.0,0.0,0.0,0.0,0.0,0.0,0.0,0.0,0.0,0.0,0.0,0.0,0.0,0.0,0.0,0.0,0.0,0.0,0.0,0.0,0.0,0.0,0.0,0.0,0.0,0.0,0.0,0.0,0.0,0.0,0.0,0.0,0.0,0.0,0.0,0.0,0.0,0.0,0.0,0.0,0.0,0.0,0.0
ML201800000063,0.0,0.0,0.0,0.0,0.0,0.0,0.0,0.0,0.0,0.0,0.0,0.0,0.0,0.0,0.0,0.0,0.0,0.0,0.0,0.0,0.0,0.0,0.0,0.0,0.0,0.0,0.0,0.0,0.0,0.0,0.0,0.0,0.0,0.0,0.0,0.0,0.0,0.0,0.0,0.0,0.0,0.0,0.0,0.0
ML201800000064,0.0,0.0,0.0,0.0,0.0,0.0,0.0,0.0,0.0,0.0,0.0,0.0,0.0,0.0,0.0,0.0,0.0,0.0,0.0,0.0,0.0,0.0,0.0,0.0,0.0,0.0,0.0,0.0,0.0,0.0,0.0,0.0,0.0,0.0,0.0,0.0,0.0,0.0,0.0,0.0,0.0,0.0,0.0,0.0
ML201800000065,0.0,0.0,0.0,0.0,0.0,0.0,0.0,0.0,0.0,0.0,0.0,0.0,0.0,0.0,0.0,0.0,0.0,0.0,0.0,0.0,0.0,0.0,0.0,0.0,0.0,0.0,0.0,0.0,0.0,0.0,0.0,0.0,0.0,0.0,0.0,0.0,0.0,0.0,0.0,0.0,0.0,0.0,0.0,0.0
ML201800000066,0.0,0.0,0.0,0.0,0.0,0.0,0.0,0.0,0.0,0.0,0.0,0.0,0.0,0.0,0.0,0.0,0.0,0.0,0.0,0.0,0.0,0.0,0.0,0.0,0.0,0.0,0.0,0.0,0.0,0.0,0.0,0.0,0.0,0.0,0.0,0.0,0.0,0.0,0.0,0.0,0.0,0.0,0.0,0.0
ML201800000067,0.0,0.0,0.0,0.0,0.0,0.0,0.0,0.0,0.0,0.0,0.0,0.0,0.0,0.0,0.0,0.0,0.0,0.0,0.0,0.0,0.0,0.0,0.0,0.0,0.0,0.0,0.0,0.0,0.0,0.0,0.0,0.0,0.0,0.0,0.0,0.0,17.0,313.5488878654434,18.444052227379025,3.998648690565872e-06,17.0,313.5488878654434,18.444052227379025,3.998648690565872e-06
ML201800000068,0.0,0.0,0.0,0.0,0.0,0.0,0.0,0.0,0.0,0.0,0.0,0.0,0.0,0.0,0.0,0.0,0.0,0.0,0.0,0.0,0.0,0.0,0.0,0.0,0.0,0.0,0.0,0.0,0.0,0.0,0.0,0.0,0.0,0.0,0.0,0.0,230.0,5412.047953399587,23.530643275650377,0.0004313697022150598,230.0,5412.047953399587,23.530643275650377,0.0004313697022150598
ML201800000069,0.0,0.0,0.0,0.0,0.0,0.0,0.0,0.0,3.0,766.7764048726351,255.59213495754503,9.778600996398659e-06,0.0,0.0,0.0,0.0,0.0,0.0,0.0,0.0,2.0,2520.694719441052,1260.347359720526,3.214609596553429e-05,11.0,1395.2027511072822,126.83661373702566,1.7792841466505485e-05,0.0,0.0,0.0,0.0,1.0,357.531965850534,357.531965850534,4.559559234339156e-06,75.0,2709.908028534534,36.13210704712712,3.4559108991333834e-05,92.0,7750.113869806037,84.24036815006562,9.883620665411143e-05
ML201800000070,0.0,0.0,0.0,0.0,0.0,0.0,0.0,0.0,0.0,0.0,0.0,0.0,0.0,0.0,0.0,0.0,0.0,0.0,0.0,0.0,0.0,0.0,0.0,0.0,0.0,0.0,0.0,0.0,0.0,0.0,0.0,0.0,0.0,0.0,0.0,0.0,0.0,0.0,0.0,0.0,0.0,0.0,0.0,0.0
ML201800000071,0.0,0.0,0.0,0.0,0.0,0.0,0.0,0.0,0.0,0.0,0.0,0.0,0.0,0.0,0.0,0.0,0.0,0.0,0.0,0.0,0.0,0.0,0.0,0.0,0.0,0.0,0.0,0.0,0.0,0.0,0.0,0.0,4.0,1182.6163232895408,295.6540808223852,1.5081754059969387e-05,1.0,228.1129341685288,228.1129341685288,2.909094947597334e-06,5.0,1410.7292574580697,282.14585149161394,1.7990849007566723e-05
ML201800000072,0.0,0.0,0.0,0.0,0.0,0.0,0.0,0.0,0.0,0.0,0.0,0.0,0.0,0.0,0.0,0.0,0.0,0.0,0.0,0.0,0.0,0.0,0.0,0.0,0.0,0.0,0.0,0.0,0.0,0.0,0.0,0.0,0.0,0.0,0.0,0.0,0.0,0.0,0.0,0.0,0.0,0.0,0.0,0.0
ML201800000073,0.0,0.0,0.0,0.0,0.0,0.0,0.0,0.0,0.0,0.0,0.0,0.0,0.0,0.0,0.0,0.0,0.0,0.0,0.0,0.0,0.0,0.0,0.0,0.0,0.0,0.0,0.0,0.0,0.0,0.0,0.0,0.0,0.0,0.0,0.0,0.0,2.0,2476.0148693464844,1238.0074346732422,3.157629957655179e-05,2.0,2476.0148693464844,1238.0074346732422,3.157629957655179e-05
ML201800000074,2.0,1444.51891409498,722.25945704749,1.8421764158265177e-05,0.0,0.0,0.0,0.0,0.0,0.0,0.0,0.0,0.0,0.0,0.0,0.0,0.0,0.0,0.0,0.0,0.0,0.0,0.0,0.0,567.0,43397.04241495742,76.53799367717357,0.0005534369074256447,0.0,0.0,0.0,0.0,8.0,2469.7009943972007,308.7126242996501,3.149577954036174e-05,75.0,7438.985366845392,99.18647155793856,9.48684248213319e-05,652.0,54750.24769029499,83.97277253112729,0.0006982228759456037
ML201800000075,6.0,4217.394660190304,702.8991100317174,5.3783892363241816e-05,0.0,0.0,0.0,0.0,51.0,20039.677657810364,392.9348560354973,0.0002555634350077874,0.0,0.0,0.0,0.0,0.0,0.0,0.0,0.0,5.0,1275.642086067748,255.12841721354962,1.6268099663215564e-05,643.0,40628.22142324385,63.185414344080634,0.0005181264889824421,2.0,10739.438000247728,5369.719000123864,0.0001369586733011534,23.0,11680.802749996992,507.860989130304,0.00014896377703331866,556.0,68854.28904706323,123.83864936522163,0.0008780899036581233,1286.0,157435.4656246202,122.42260157435474,0.0020077542700092823
ML201800000076,0.0,0.0,0.0,0.0,0.0,0.0,0.0,0.0,11.0,3417.8389405854077,310.7126309623098,4.3587260976673765e-05,0.0,0.0,0.0,0.0,0.0,0.0,0.0,0.0,4.0,5653.770248070792,1413.442562017698,7.210180572833143e-05,53.0,7085.687379047344,133.69221469900648,9.036286096522763e-05,0.0,0.0,0.0,0.0,10.0,4394.340066683165,439.4340066683165,5.604045440302889e-05,231.0,41620.97619993605,180.1773861469093,0.0005307869631270025,309.0,62172.61283432276,201.20586677774355,0.0007928793452002643
ML201800000077,0.0,0.0,0.0,0.0,0.0,0.0,0.0,0.0,7.0,963.4567279009902,137.63667541442717,1.2286839891747536e-05,0.0,0.0,0.0,0.0,0.0,0.0,0.0,0.0,18.0,17672.093585903534,981.7829769946408,0.00022536993946269804,36.0,5113.8643113556,142.05178642654445,6.521645467008986e-05,0.0,0.0,0.0,0.0,2.0,469.3323690510462,234.6661845255231,5.98533541522726e-06,86.0,7132.223764871382,82.93283447524863,9.095633351589097e-05,149.0,31350.970759082553,210.40919972538626,0.0003998149029556537
ML201800000078,4.0,2298.2142910407524,574.5535727601881,2.9308831640485855e-05,0.0,0.0,0.0,0.0,32.0,12769.848420962737,399.0577631550855,0.0001628522365836617,0.0,0.0,0.0,0.0,7.0,3430.717322764803,490.10247468068616,4.375149733033707e-05,0.0,0.0,0.0,0.0,123.0,21426.22808650836,174.1969763130761,0.0002732459345180303,0.0,0.0,0.0,0.0,41.0,25512.262352888152,622.2503012899549,0.0003253546046526805,78.0,17982.977317594865,230.5509912512162,0.00022933459975892122,285.0,83420.24779175967,292.70262383073566,0.0010638477044841166
ML201800000079,4.0,2298.2142910407524,574.5535727601881,2.9308831640485865e-05,0.0,0.0,0.0,0.0,31.0,12535.26502990015,404.3633880612952,0.00015986062473044593,0.0,0.0,0.0,0.0,0.0,0.0,0.0,0.0,0.0,0.0,0.0,0.0,103.0,19052.691385694885,184.9775862688824,0.0002429765258611234,0.0,0.0,0.0,0.0,36.0,22020.574386397464,611.682621844374,0.0002808255565347863,33.0,16991.765298016027,514.9019787277584,0.00021669380019766446,207.0,72898.51039104929,352.16671686497244,0.0009296653389645061
ML201800000080,1.0,801.0378680958504,801.0378680958504,1.0215533035887325e-05,0.0,0.0,0.0,0.0,16.0,5382.535459067343,336.40846619170895,6.864278330516823e-05,0.0,0.0,0.0,0.0,0.0,0.0,0.0,0.0,0.0,0.0,0.0,0.0,24.0,3281.414509242464,136.72560455176935,4.184745772792266e-05,0.0,0.0,0.0,0.0,16.0,8259.662393150615,516.2288995719134,0.00010533441351914954,27.0,9919.057907780298,367.372515102974,0.0001264964713624304,84.0,27643.70813733657,329.09176353972106,0.00035253665895055815
ML201800000081,2.0,8287.912941023038,4143.956470511519,0.00010569468912729094,0.0,0.0,0.0,0.0,63.0,21418.676797006876,339.9789967778869,0.00027314963389300746,0.0,0.0,0.0,0.0,2.0,4324.5926755576875,2162.2963377788437,5.5150974883286794e-05,57.0,114078.28365286543,2001.3733974186916,0.0014548256976956355,74.0,11859.47787802699,160.2632145679323,0.00015124239798968255,0.0,0.0,0.0,0.0,22.0,10404.466583237258,472.93029923805716,0.00013268682584819782,529.0,84437.76544217972,159.61770404948908,0.0010768239763764536,749.0,254811.17596989698,340.2018370759639,0.0032495741958135545
ML201800000082,0.0,0.0,0.0,0.0,0.0,0.0,0.0,0.0,0.0,0.0,0.0,0.0,0.0,0.0,0.0,0.0,0.0,0.0,0.0,0.0,0.0,0.0,0.0,0.0,0.0,0.0,0.0,0.0,0.0,0.0,0.0,0.0,0.0,0.0,0.0,0.0,0.0,0.0,0.0,0.0,0.0,0.0,0.0,0.0
ML201800000083,0.0,0.0,0.0,0.0,0.0,0.0,0.0,0.0,0.0,0.0,0.0,0.0,0.0,0.0,0.0,0.0,0.0,0.0,0.0,0.0,0.0,0.0,0.0,0.0,0.0,0.0,0.0,0.0,0.0,0.0,0.0,0.0,0.0,0.0,0.0,0.0,3.0,64.65260559245105,21.550868530817016,8.245063742814792e-07,3.0,64.65260559245105,21.550868530817016,8.245063742814792e-07
ML201800000084,0.0,0.0,0.0,0.0,0.0,0.0,0.0,0.0,0.0,0.0,0.0,0.0,0.0,0.0,0.0,0.0,0.0,0.0,0.0,0.0,0.0,0.0,0.0,0.0,0.0,0.0,0.0,0.0,0.0,0.0,0.0,0.0,0.0,0.0,0.0,0.0,0.0,0.0,0.0,0.0,0.0,0.0,0.0,0.0
ML201800000085,0.0,0.0,0.0,0.0,0.0,0.0,0.0,0.0,0.0,0.0,0.0,0.0,0.0,0.0,0.0,0.0,0.0,0.0,0.0,0.0,0.0,0.0,0.0,0.0,1.0,1415.4663367043227,1415.4663367043227,1.8051260370700793e-05,0.0,0.0,0.0,0.0,0.0,0.0,0.0,0.0,25.0,1558.8758230578999,62.35503292231599,1.988014312874949e-05,26.0,2974.3421597622228,114.3977753754701,3.793140349945028e-05
ML201800000086,0.0,0.0,0.0,0.0,0.0,0.0,0.0,0.0,0.0,0.0,0.0,0.0,0.0,0.0,0.0,0.0,0.0,0.0,0.0,0.0,0.0,0.0,0.0,0.0,0.0,0.0,0.0,0.0,0.0,0.0,0.0,0.0,0.0,0.0,0.0,0.0,0.0,0.0,0.0,0.0,0.0,0.0,0.0,0.0
ML201800000087,0.0,0.0,0.0,0.0,0.0,0.0,0.0,0.0,0.0,0.0,0.0,0.0,0.0,0.0,0.0,0.0,0.0,0.0,0.0,0.0,0.0,0.0,0.0,0.0,0.0,0.0,0.0,0.0,0.0,0.0,0.0,0.0,4.0,1534.8596044572869,383.7149011143217,0.00012233667111186385,0.0,0.0,0.0,0.0,4.0,1534.8596044572869,383.7149011143217,0.00012233667111186385
ML201800000088,0.0,0.0,0.0,0.0,0.0,0.0,0.0,0.0,0.0,0.0,0.0,0.0,0.0,0.0,0.0,0.0,0.0,0.0,0.0,0.0,0.0,0.0,0.0,0.0,0.0,0.0,0.0,0.0,0.0,0.0,0.0,0.0,0.0,0.0,0.0,0.0,0.0,0.0,0.0,0.0,0.0,0.0,0.0,0.0
ML201800000089,0.0,0.0,0.0,0.0,0.0,0.0,0.0,0.0,11.0,2561.1195415326806,232.8290492302437,3.2661628528968487e-05,0.0,0.0,0.0,0.0,0.0,0.0,0.0,0.0,0.0,0.0,0.0,0.0,0.0,0.0,0.0,0.0,0.0,0.0,0.0,0.0,0.0,0.0,0.0,0.0,0.0,0.0,0.0,0.0,11.0,2561.1195415326806,232.8290492302437,3.2661628528968487e-05
ML201800000090,0.0,0.0,0.0,0.0,0.0,0.0,0.0,0.0,0.0,0.0,0.0,0.0,0.0,0.0,0.0,0.0,0.0,0.0,0.0,0.0,0.0,0.0,0.0,0.0,0.0,0.0,0.0,0.0,0.0,0.0,0.0,0.0,0.0,0.0,0.0,0.0,0.0,0.0,0.0,0.0,0.0,0.0,0.0,0.0
ML201800000091,0.0,0.0,0.0,0.0,0.0,0.0,0.0,0.0,0.0,0.0,0.0,0.0,0.0,0.0,0.0,0.0,0.0,0.0,0.0,0.0,0.0,0.0,0.0,0.0,0.0,0.0,0.0,0.0,0.0,0.0,0.0,0.0,0.0,0.0,0.0,0.0,0.0,0.0,0.0,0.0,0.0,0.0,0.0,0.0
ML201800000092,0.0,0.0,0.0,0.0,0.0,0.0,0.0,0.0,0.0,0.0,0.0,0.0,0.0,0.0,0.0,0.0,0.0,0.0,0.0,0.0,0.0,0.0,0.0,0.0,0.0,0.0,0.0,0.0,0.0,0.0,0.0,0.0,0.0,0.0,0.0,0.0,0.0,0.0,0.0,0.0,0.0,0.0,0.0,0.0
ML201800000093,0.0,0.0,0.0,0.0,0.0,0.0,0.0,0.0,0.0,0.0,0.0,0.0,0.0,0.0,0.0,0.0,0.0,0.0,0.0,0.0,0.0,0.0,0.0,0.0,0.0,0.0,0.0,0.0,0.0,0.0,0.0,0.0,0.0,0.0,0.0,0.0,0.0,0.0,0.0,0.0,0.0,0.0,0.0,0.0
ML201800000094,0.0,0.0,0.0,0.0,0.0,0.0,0.0,0.0,0.0,0.0,0.0,0.0,0.0,0.0,0.0,0.0,0.0,0.0,0.0,0.0,0.0,0.0,0.0,0.0,0.0,0.0,0.0,0.0,0.0,0.0,0.0,0.0,0.0,0.0,0.0,0.0,0.0,0.0,0.0,0.0,0.0,0.0,0.0,0.0
ML201800000095,0.0,0.0,0.0,0.0,0.0,0.0,0.0,0.0,0.0,0.0,0.0,0.0,0.0,0.0,0.0,0.0,0.0,0.0,0.0,0.0,0.0,0.0,0.0,0.0,0.0,0.0,0.0,0.0,0.0,0.0,0.0,0.0,0.0,0.0,0.0,0.0,0.0,0.0,0.0,0.0,0.0,0.0,0.0,0.0
ML201800000096,0.0,0.0,0.0,0.0,0.0,0.0,0.0,0.0,0.0,0.0,0.0,0.0,0.0,0.0,0.0,0.0,0.0,0.0,0.0,0.0,0.0,0.0,0.0,0.0,0.0,0.0,0.0,0.0,0.0,0.0,0.0,0.0,0.0,0.0,0.0,0.0,0.0,0.0,0.0,0.0,0.0,0.0,0.0,0.0
ML201800000097,0.0,0.0,0.0,0.0,0.0,0.0,0.0,0.0,0.0,0.0,0.0,0.0,0.0,0.0,0.0,0.0,0.0,0.0,0.0,0.0,0.0,0.0,0.0,0.0,0.0,0.0,0.0,0.0,0.0,0.0,0.0,0.0,0.0,0.0,0.0,0.0,0.0,0.0,0.0,0.0,0.0,0.0,0.0,0.0
ML201800000098,0.0,0.0,0.0,0.0,0.0,0.0,0.0,0.0,0.0,0.0,0.0,0.0,0.0,0.0,0.0,0.0,0.0,0.0,0.0,0.0,0.0,0.0,0.0,0.0,0.0,0.0,0.0,0.0,0.0,0.0,0.0,0.0,0.0,0.0,0.0,0.0,0.0,0.0,0.0,0.0,0.0,0.0,0.0,0.0
ML201800000099,0.0,0.0,0.0,0.0,0.0,0.0,0.0,0.0,0.0,0.0,0.0,0.0,0.0,0.0,0.0,0.0,0.0,0.0,0.0,0.0,0.0,0.0,0.0,0.0,0.0,0.0,0.0,0.0,0.0,0.0,0.0,0.0,0.0,0.0,0.0,0.0,0.0,0.0,0.0,0.0,0.0,0.0,0.0,0.0
ML201800000100,0.0,0.0,0.0,0.0,0.0,0.0,0.0,0.0,4.0,704.9444993158845,176.23612482897113,8.990066647344436e-06,0.0,0.0,0.0,0.0,0.0,0.0,0.0,0.0,0.0,0.0,0.0,0.0,0.0,0.0,0.0,0.0,0.0,0.0,0.0,0.0,0.0,0.0,0.0,0.0,0.0,0.0,0.0,0.0,4.0,704.9444993158845,176.23612482897113,8.990066647344436e-06
ML201800000101,0.0,0.0,0.0,0.0,0.0,0.0,0.0,0.0,0.0,0.0,0.0,0.0,0.0,0.0,0.0,0.0,0.0,0.0,0.0,0.0,0.0,0.0,0.0,0.0,0.0,0.0,0.0,0.0,0.0,0.0,0.0,0.0,0.0,0.0,0.0,0.0,0.0,0.0,0.0,0.0,0.0,0.0,0.0,0.0
ML201800000102,0.0,0.0,0.0,0.0,0.0,0.0,0.0,0.0,0.0,0.0,0.0,0.0,0.0,0.0,0.0,0.0,0.0,0.0,0.0,0.0,0.0,0.0,0.0,0.0,0.0,0.0,0.0,0.0,0.0,0.0,0.0,0.0,0.0,0.0,0.0,0.0,0.0,0.0,0.0,0.0,0.0,0.0,0.0,0.0
ML201800000103,1.0,175.1059272896136,175.1059272896136,2.2331033977942566e-06,0.0,0.0,0.0,0.0,0.0,0.0,0.0,0.0,0.0,0.0,0.0,0.0,0.0,0.0,0.0,0.0,0.0,0.0,0.0,0.0,0.0,0.0,0.0,0.0,0.0,0.0,0.0,0.0,0.0,0.0,0.0,0.0,1.0,83.41891687868431,83.41891687868431,1.0638307315206227e-06,2.0,258.52484416829793,129.26242208414897,3.2969341293148796e-06
ML201800000104,0.0,0.0,0.0,0.0,0.0,0.0,0.0,0.0,0.0,0.0,0.0,0.0,0.0,0.0,0.0,0.0,0.0,0.0,0.0,0.0,0.0,0.0,0.0,0.0,0.0,0.0,0.0,0.0,0.0,0.0,0.0,0.0,0.0,0.0,0.0,0.0,0.0,0.0,0.0,0.0,0.0,0.0,0.0,0.0
ML201800000105,0.0,0.0,0.0,0.0,0.0,0.0,0.0,0.0,0.0,0.0,0.0,0.0,0.0,0.0,0.0,0.0,0.0,0.0,0.0,0.0,0.0,0.0,0.0,0.0,0.0,0.0,0.0,0.0,0.0,0.0,0.0,0.0,0.0,0.0,0.0,0.0,0.0,0.0,0.0,0.0,0.0,0.0,0.0,0.0
ML201800000106,0.0,0.0,0.0,0.0,0.0,0.0,0.0,0.0,0.0,0.0,0.0,0.0,0.0,0.0,0.0,0.0,0.0,0.0,0.0,0.0,0.0,0.0,0.0,0.0,0.0,0.0,0.0,0.0,0.0,0.0,0.0,0.0,0.0,0.0,0.0,0.0,0.0,0.0,0.0,0.0,0.0,0.0,0.0,0.0
ML201800000107,0.0,0.0,0.0,0.0,0.0,0.0,0.0,0.0,0.0,0.0,0.0,0.0,0.0,0.0,0.0,0.0,0.0,0.0,0.0,0.0,0.0,0.0,0.0,0.0,0.0,0.0,0.0,0.0,0.0,0.0,0.0,0.0,0.0,0.0,0.0,0.0,0.0,0.0,0.0,0.0,0.0,0.0,0.0,0.0
ML201800000108,0.0,0.0,0.0,0.0,0.0,0.0,0.0,0.0,0.0,0.0,0.0,0.0,0.0,0.0,0.0,0.0,0.0,0.0,0.0,0.0,0.0,0.0,0.0,0.0,0.0,0.0,0.0,0.0,0.0,0.0,0.0,0.0,0.0,0.0,0.0,0.0,0.0,0.0,0.0,0.0,0.0,0.0,0.0,0.0
ML201800000109,11.0,4632.694248213357,421.15402256485066,0.0003692509666419225,0.0,0.0,0.0,0.0,10.0,4101.193666359494,410.1193666359494,0.00032688747509572957,0.0,0.0,0.0,0.0,0.0,0.0,0.0,0.0,1.0,133.19443907903153,133.19443907903153,1.0616322326954478e-05,12.0,2077.9209180308467,173.16007650257055,0.00016562161594935125,0.0,0.0,0.0,0.0,0.0,0.0,0.0,0.0,8.0,1951.759514161663,243.96993927020787,0.0001555658648387391,42.0,12896.762785844392,307.06578061534265,0.001027942244852697
ML201800000110,11.0,4632.694248213357,421.15402256485066,0.0003692509666419344,0.0,0.0,0.0,0.0,10.0,4101.193666359494,410.1193666359494,0.00032688747509574014,0.0,0.0,0.0,0.0,0.0,0.0,0.0,0.0,0.0,0.0,0.0,0.0,6.0,663.7814079253196,110.63023465421993,5.290699393984275e-05,0.0,0.0,0.0,0.0,0.0,0.0,0.0,0.0,6.0,482.57260294910634,80.42876715818439,3.846366510861207e-05,33.0,9880.241925447279,299.40127046809937,0.0007875091007861295
ML201800000111,11.0,4632.694248213357,421.15402256485066,0.0003692509666419137,0.0,0.0,0.0,0.0,8.0,3660.1828514975423,457.5228564371928,0.0002917365108916593,0.0,0.0,0.0,0.0,0.0,0.0,0.0,0.0,0.0,0.0,0.0,0.0,18.0,2278.90566864677,126.60587048037613,0.00018164119537094088,1.0,11861.702042202804,11861.702042202804,0.0009454422654356943,0.0,0.0,0.0,0.0,6.0,482.57260294910634,80.42876715818439,3.846366510860991e-05,44.0,22916.057413509578,520.8194866706722,0.001826534603448818
ML201800000112,0.0,0.0,0.0,0.0,0.0,0.0,0.0,0.0,0.0,0.0,0.0,0.0,0.0,0.0,0.0,0.0,0.0,0.0,0.0,0.0,0.0,0.0,0.0,0.0,1.0,62.969218998084244,62.969218998084244,5.018989758000264e-06,0.0,0.0,0.0,0.0,0.0,0.0,0.0,0.0,2.0,176.70357731690032,88.35178865845016,1.4084237646055488e-05,3.0,239.67279631498457,79.89093210499486,1.910322740405575e-05
ML201800000113,0.0,0.0,0.0,0.0,0.0,0.0,0.0,0.0,0.0,0.0,0.0,0.0,0.0,0.0,0.0,0.0,0.0,0.0,0.0,0.0,0.0,0.0,0.0,0.0,0.0,0.0,0.0,0.0,0.0,0.0,0.0,0.0,0.0,0.0,0.0,0.0,0.0,0.0,0.0,0.0,0.0,0.0,0.0,0.0
ML201800000114,0.0,0.0,0.0,0.0,0.0,0.0,0.0,0.0,0.0,0.0,0.0,0.0,0.0,0.0,0.0,0.0,0.0,0.0,0.0,0.0,0.0,0.0,0.0,0.0,0.0,0.0,0.0,0.0,0.0,0.0,0.0,0.0,0.0,0.0,0.0,0.0,0.0,0.0,0.0,0.0,0.0,0.0,0.0,0.0
ML201800000115,0.0,0.0,0.0,0.0,0.0,0.0,0.0,0.0,4.0,654.520383065452,163.630095766363,8.347014369945666e-06,0.0,0.0,0.0,0.0,0.0,0.0,0.0,0.0,0.0,0.0,0.0,0.0,0.0,0.0,0.0,0.0,0.0,0.0,0.0,0.0,0.0,0.0,0.0,0.0,1.0,76.24338813461213,76.24338813461213,9.72322135167656e-07,5.0,730.7637712000642,146.15275424001283,9.319336505113323e-06
ML201800000116,0.0,0.0,0.0,0.0,0.0,0.0,0.0,0.0,7.0,1106.8570674789948,158.122438211285,1.4115606002142177e-05,0.0,0.0,0.0,0.0,0.0,0.0,0.0,0.0,0.0,0.0,0.0,0.0,0.0,0.0,0.0,0.0,0.0,0.0,0.0,0.0,0.0,0.0,0.0,0.0,1.0,41.60733747470602,41.60733747470602,5.306130302160817e-07,8.0,1148.464404953701,143.55805061921262,1.4646219032358262e-05
ML201800000117,0.0,0.0,0.0,0.0,0.0,0.0,0.0,0.0,0.0,0.0,0.0,0.0,0.0,0.0,0.0,0.0,0.0,0.0,0.0,0.0,0.0,0.0,0.0,0.0,0.0,0.0,0.0,0.0,0.0,0.0,0.0,0.0,0.0,0.0,0.0,0.0,0.0,0.0,0.0,0.0,0.0,0.0,0.0,0.0
ML201800000118,0.0,0.0,0.0,0.0,0.0,0.0,0.0,0.0,0.0,0.0,0.0,0.0,0.0,0.0,0.0,0.0,0.0,0.0,0.0,0.0,0.0,0.0,0.0,0.0,0.0,0.0,0.0,0.0,0.0,0.0,0.0,0.0,0.0,0.0,0.0,0.0,0.0,0.0,0.0,0.0,0.0,0.0,0.0,0.0
ML201800000119,0.0,0.0,0.0,0.0,0.0,0.0,0.0,0.0,0.0,0.0,0.0,0.0,0.0,0.0,0.0,0.0,0.0,0.0,0.0,0.0,0.0,0.0,0.0,0.0,0.0,0.0,0.0,0.0,0.0,0.0,0.0,0.0,0.0,0.0,0.0,0.0,0.0,0.0,0.0,0.0,0.0,0.0,0.0,0.0
ML201800000120,0.0,0.0,0.0,0.0,0.0,0.0,0.0,0.0,0.0,0.0,0.0,0.0,0.0,0.0,0.0,0.0,0.0,0.0,0.0,0.0,0.0,0.0,0.0,0.0,0.0,0.0,0.0,0.0,0.0,0.0,0.0,0.0,0.0,0.0,0.0,0.0,0.0,0.0,0.0,0.0,0.0,0.0,0.0,0.0
ML201800000121,0.0,0.0,0.0,0.0,0.0,0.0,0.0,0.0,0.0,0.0,0.0,0.0,0.0,0.0,0.0,0.0,0.0,0.0,0.0,0.0,0.0,0.0,0.0,0.0,0.0,0.0,0.0,0.0,0.0,0.0,0.0,0.0,0.0,0.0,0.0,0.0,0.0,0.0,0.0,0.0,0.0,0.0,0.0,0.0
ML201800000122,0.0,0.0,0.0,0.0,0.0,0.0,0.0,0.0,0.0,0.0,0.0,0.0,0.0,0.0,0.0,0.0,0.0,0.0,0.0,0.0,0.0,0.0,0.0,0.0,0.0,0.0,0.0,0.0,0.0,0.0,0.0,0.0,1.0,2728.4034439366296,2728.4034439366296,0.00021746861655100032,2.0,385.16942179004616,192.58471089502308,3.07001009988373e-05,3.0,3113.572865726676,1037.857621908892,0.00024816871754983764
ML201800000123,0.0,0.0,0.0,0.0,0.0,0.0,0.0,0.0,0.0,0.0,0.0,0.0,0.0,0.0,0.0,0.0,0.0,0.0,0.0,0.0,0.0,0.0,0.0,0.0,0.0,0.0,0.0,0.0,0.0,0.0,0.0,0.0,1.0,957.8442281981752,957.8442281981752,1.2215264403981415e-05,0.0,0.0,0.0,0.0,1.0,957.8442281981752,957.8442281981752,1.2215264403981415e-05
ML201800000124,0.0,0.0,0.0,0.0,0.0,0.0,0.0,0.0,0.0,0.0,0.0,0.0,0.0,0.0,0.0,0.0,0.0,0.0,0.0,0.0,0.0,0.0,0.0,0.0,0.0,0.0,0.0,0.0,0.0,0.0,0.0,0.0,0.0,0.0,0.0,0.0,0.0,0.0,0.0,0.0,0.0,0.0,0.0,0.0
ML201800000125,0.0,0.0,0.0,0.0,0.0,0.0,0.0,0.0,0.0,0.0,0.0,0.0,0.0,0.0,0.0,0.0,0.0,0.0,0.0,0.0,0.0,0.0,0.0,0.0,0.0,0.0,0.0,0.0,0.0,0.0,0.0,0.0,0.0,0.0,0.0,0.0,0.0,0.0,0.0,0.0,0.0,0.0,0.0,0.0
ML201800000126,0.0,0.0,0.0,0.0,0.0,0.0,0.0,0.0,0.0,0.0,0.0,0.0,0.0,0.0,0.0,0.0,0.0,0.0,0.0,0.0,0.0,0.0,0.0,0.0,0.0,0.0,0.0,0.0,0.0,0.0,0.0,0.0,0.0,0.0,0.0,0.0,0.0,0.0,0.0,0.0,0.0,0.0,0.0,0.0
ML201800000127,0.0,0.0,0.0,0.0,0.0,0.0,0.0,0.0,0.0,0.0,0.0,0.0,0.0,0.0,0.0,0.0,0.0,0.0,0.0,0.0,0.0,0.0,0.0,0.0,0.0,0.0,0.0,0.0,0.0,0.0,0.0,0.0,0.0,0.0,0.0,0.0,0.0,0.0,0.0,0.0,0.0,0.0,0.0,0.0
ML201800000128,0.0,0.0,0.0,0.0,0.0,0.0,0.0,0.0,0.0,0.0,0.0,0.0,0.0,0.0,0.0,0.0,0.0,0.0,0.0,0.0,0.0,0.0,0.0,0.0,0.0,0.0,0.0,0.0,0.0,0.0,0.0,0.0,0.0,0.0,0.0,0.0,0.0,0.0,0.0,0.0,0.0,0.0,0.0,0.0
ML201800000129,0.0,0.0,0.0,0.0,0.0,0.0,0.0,0.0,0.0,0.0,0.0,0.0,0.0,0.0,0.0,0.0,0.0,0.0,0.0,0.0,0.0,0.0,0.0,0.0,0.0,0.0,0.0,0.0,0.0,0.0,0.0,0.0,0.0,0.0,0.0,0.0,0.0,0.0,0.0,0.0,0.0,0.0,0.0,0.0
ML201800000130,0.0,0.0,0.0,0.0,0.0,0.0,0.0,0.0,0.0,0.0,0.0,0.0,0.0,0.0,0.0,0.0,0.0,0.0,0.0,0.0,0.0,0.0,0.0,0.0,0.0,0.0,0.0,0.0,0.0,0.0,0.0,0.0,0.0,0.0,0.0,0.0,0.0,0.0,0.0,0.0,0.0,0.0,0.0,0.0
ML201800000131,0.0,0.0,0.0,0.0,0.0,0.0,0.0,0.0,0.0,0.0,0.0,0.0,0.0,0.0,0.0,0.0,0.0,0.0,0.0,0.0,0.0,0.0,0.0,0.0,0.0,0.0,0.0,0.0,0.0,0.0,0.0,0.0,0.0,0.0,0.0,0.0,0.0,0.0,0.0,0.0,0.0,0.0,0.0,0.0
ML201800000132,0.0,0.0,0.0,0.0,0.0,0.0,0.0,0.0,0.0,0.0,0.0,0.0,0.0,0.0,0.0,0.0,0.0,0.0,0.0,0.0,0.0,0.0,0.0,0.0,0.0,0.0,0.0,0.0,0.0,0.0,0.0,0.0,0.0,0.0,0.0,0.0,0.0,0.0,0.0,0.0,0.0,0.0,0.0,0.0
ML201800000133,0.0,0.0,0.0,0.0,0.0,0.0,0.0,0.0,0.0,0.0,0.0,0.0,0.0,0.0,0.0,0.0,0.0,0.0,0.0,0.0,0.0,0.0,0.0,0.0,0.0,0.0,0.0,0.0,0.0,0.0,0.0,0.0,0.0,0.0,0.0,0.0,0.0,0.0,0.0,0.0,0.0,0.0,0.0,0.0
ML201800000134,0.0,0.0,0.0,0.0,0.0,0.0,0.0,0.0,0.0,0.0,0.0,0.0,0.0,0.0,0.0,0.0,0.0,0.0,0.0,0.0,0.0,0.0,0.0,0.0,0.0,0.0,0.0,0.0,0.0,0.0,0.0,0.0,0.0,0.0,0.0,0.0,0.0,0.0,0.0,0.0,0.0,0.0,0.0,0.0
ML201800000135,0.0,0.0,0.0,0.0,0.0,0.0,0.0,0.0,0.0,0.0,0.0,0.0,0.0,0.0,0.0,0.0,0.0,0.0,0.0,0.0,0.0,0.0,0.0,0.0,0.0,0.0,0.0,0.0,0.0,0.0,0.0,0.0,0.0,0.0,0.0,0.0,10.0,187.44728414473923,18.744728414473922,2.390491136479981e-06,10.0,187.44728414473923,18.744728414473922,2.390491136479981e-06
ML201800000136,0.0,0.0,0.0,0.0,0.0,0.0,0.0,0.0,0.0,0.0,0.0,0.0,0.0,0.0,0.0,0.0,0.0,0.0,0.0,0.0,0.0,0.0,0.0,0.0,0.0,0.0,0.0,0.0,0.0,0.0,0.0,0.0,0.0,0.0,0.0,0.0,0.0,0.0,0.0,0.0,0.0,0.0,0.0,0.0
ML201800000137,0.0,0.0,0.0,0.0,0.0,0.0,0.0,0.0,0.0,0.0,0.0,0.0,0.0,0.0,0.0,0.0,0.0,0.0,0.0,0.0,0.0,0.0,0.0,0.0,0.0,0.0,0.0,0.0,0.0,0.0,0.0,0.0,0.0,0.0,0.0,0.0,0.0,0.0,0.0,0.0,0.0,0.0,0.0,0.0
ML201800000138,0.0,0.0,0.0,0.0,0.0,0.0,0.0,0.0,0.0,0.0,0.0,0.0,0.0,0.0,0.0,0.0,0.0,0.0,0.0,0.0,0.0,0.0,0.0,0.0,0.0,0.0,0.0,0.0,0.0,0.0,0.0,0.0,0.0,0.0,0.0,0.0,0.0,0.0,0.0,0.0,0.0,0.0,0.0,0.0
ML201800000139,0.0,0.0,0.0,0.0,0.0,0.0,0.0,0.0,0.0,0.0,0.0,0.0,0.0,0.0,0.0,0.0,0.0,0.0,0.0,0.0,0.0,0.0,0.0,0.0,0.0,0.0,0.0,0.0,0.0,0.0,0.0,0.0,0.0,0.0,0.0,0.0,0.0,0.0,0.0,0.0,0.0,0.0,0.0,0.0
ML201800000140,0.0,0.0,0.0,0.0,0.0,0.0,0.0,0.0,0.0,0.0,0.0,0.0,0.0,0.0,0.0,0.0,0.0,0.0,0.0,0.0,0.0,0.0,0.0,0.0,6.0,828.8618524643873,138.14364207739789,6.606480459035637e-05,0.0,0.0,0.0,0.0,4.0,3101.3662289236568,775.3415572309142,0.00024719578210504644,0.0,0.0,0.0,0.0,10.0,3930.2280813880443,393.0228081388044,0.0003132605866954028
ML201800000141,0.0,0.0,0.0,0.0,0.0,0.0,0.0,0.0,0.0,0.0,0.0,0.0,0.0,0.0,0.0,0.0,0.0,0.0,0.0,0.0,1.0,7529.485947825855,7529.485947825855,0.0006001410444092504,0.0,0.0,0.0,0.0,0.0,0.0,0.0,0.0,3.0,2319.6076497402423,773.2025499134141,0.00018488536497458544,4.0,227.35166958627303,56.83791739656826,1.8121166488542385e-05,8.0,10076.44526715237,1259.5556583940463,0.0008031475758723781
ML201800000142,0.0,0.0,0.0,0.0,0.0,0.0,0.0,0.0,0.0,0.0,0.0,0.0,0.0,0.0,0.0,0.0,0.0,0.0,0.0,0.0,0.0,0.0,0.0,0.0,0.0,0.0,0.0,0.0,0.0,0.0,0.0,0.0,0.0,0.0,0.0,0.0,0.0,0.0,0.0,0.0,0.0,0.0,0.0,0.0
ML201800000143,0.0,0.0,0.0,0.0,0.0,0.0,0.0,0.0,0.0,0.0,0.0,0.0,0.0,0.0,0.0,0.0,0.0,0.0,0.0,0.0,0.0,0.0,0.0,0.0,0.0,0.0,0.0,0.0,0.0,0.0,0.0,0.0,0.0,0.0,0.0,0.0,40.0,670.175638078952,16.7543909519738,8.546663826164066e-06,40.0,670.175638078952,16.7543909519738,8.546663826164066e-06
ML201800000144,0.0,0.0,0.0,0.0,0.0,0.0,0.0,0.0,0.0,0.0,0.0,0.0,0.0,0.0,0.0,0.0,0.0,0.0,0.0,0.0,0.0,0.0,0.0,0.0,0.0,0.0,0.0,0.0,0.0,0.0,0.0,0.0,0.0,0.0,0.0,0.0,0.0,0.0,0.0,0.0,0.0,0.0,0.0,0.0
ML201800000145,0.0,0.0,0.0,0.0,0.0,0.0,0.0,0.0,0.0,0.0,0.0,0.0,0.0,0.0,0.0,0.0,0.0,0.0,0.0,0.0,0.0,0.0,0.0,0.0,0.0,0.0,0.0,0.0,0.0,0.0,0.0,0.0,0.0,0.0,0.0,0.0,0.0,0.0,0.0,0.0,0.0,0.0,0.0,0.0
ML201800000146,0.0,0.0,0.0,0.0,0.0,0.0,0.0,0.0,0.0,0.0,0.0,0.0,0.0,0.0,0.0,0.0,0.0,0.0,0.0,0.0,0.0,0.0,0.0,0.0,0.0,0.0,0.0,0.0,0.0,0.0,0.0,0.0,0.0,0.0,0.0,0.0,0.0,0.0,0.0,0.0,0.0,0.0,0.0,0.0
ML201800000147,0.0,0.0,0.0,0.0,0.0,0.0,0.0,0.0,0.0,0.0,0.0,0.0,0.0,0.0,0.0,0.0,0.0,0.0,0.0,0.0,0.0,0.0,0.0,0.0,0.0,0.0,0.0,0.0,0.0,0.0,0.0,0.0,0.0,0.0,0.0,0.0,94.0,1070.9284495035683,11.392855845782641,1.3657412952250352e-05,94.0,1070.9284495035683,11.392855845782641,1.3657412952250352e-05
ML201800000148,0.0,0.0,0.0,0.0,0.0,0.0,0.0,0.0,0.0,0.0,0.0,0.0,0.0,0.0,0.0,0.0,0.0,0.0,0.0,0.0,0.0,0.0,0.0,0.0,0.0,0.0,0.0,0.0,0.0,0.0,0.0,0.0,0.0,0.0,0.0,0.0,0.0,0.0,0.0,0.0,0.0,0.0,0.0,0.0
ML201800000149,0.0,0.0,0.0,0.0,0.0,0.0,0.0,0.0,0.0,0.0,0.0,0.0,0.0,0.0,0.0,0.0,0.0,0.0,0.0,0.0,0.0,0.0,0.0,0.0,0.0,0.0,0.0,0.0,0.0,0.0,0.0,0.0,0.0,0.0,0.0,0.0,0.0,0.0,0.0,0.0,0.0,0.0,0.0,0.0
ML201800000150,3.0,466.0902488494776,155.36341628315918,5.943989072757536e-06,0.0,0.0,0.0,0.0,0.0,0.0,0.0,0.0,0.0,0.0,0.0,0.0,2.0,3736.715613787674,1868.357806893837,4.765385422926833e-05,6.0,34548.945198157984,5758.15753302633,0.0004405982601868805,8.0,1667.9365383470383,208.4920672933798,2.127098042162557e-05,0.0,0.0,0.0,0.0,1.0,13464.428067655115,13464.428067655115,0.0001717101215968972,32.0,2425.0040865878955,75.78137770587173,3.092576561653372e-05,52.0,56309.11975338518,1082.8676875650997,0.0007181029711239628
ML201800000151,0.0,0.0,0.0,0.0,0.0,0.0,0.0,0.0,0.0,0.0,0.0,0.0,0.0,0.0,0.0,0.0,0.0,0.0,0.0,0.0,0.0,0.0,0.0,0.0,0.0,0.0,0.0,0.0,0.0,0.0,0.0,0.0,0.0,0.0,0.0,0.0,0.0,0.0,0.0,0.0,0.0,0.0,0.0,0.0
ML201800000152,0.0,0.0,0.0,0.0,0.0,0.0,0.0,0.0,0.0,0.0,0.0,0.0,0.0,0.0,0.0,0.0,0.0,0.0,0.0,0.0,0.0,0.0,0.0,0.0,0.0,0.0,0.0,0.0,0.0,0.0,0.0,0.0,0.0,0.0,0.0,0.0,0.0,0.0,0.0,0.0,0.0,0.0,0.0,0.0
ML201800000153,0.0,0.0,0.0,0.0,0.0,0.0,0.0,0.0,3.0,572.3578716753398,190.78595722511326,7.299206416231429e-06,0.0,0.0,0.0,0.0,0.0,0.0,0.0,0.0,0.0,0.0,0.0,0.0,0.0,0.0,0.0,0.0,0.0,0.0,0.0,0.0,0.0,0.0,0.0,0.0,0.0,0.0,0.0,0.0,3.0,572.3578716753398,190.78595722511326,7.299206416231429e-06
ML201800000154,0.0,0.0,0.0,0.0,0.0,0.0,0.0,0.0,0.0,0.0,0.0,0.0,0.0,0.0,0.0,0.0,0.0,0.0,0.0,0.0,0.0,0.0,0.0,0.0,0.0,0.0,0.0,0.0,0.0,0.0,0.0,0.0,0.0,0.0,0.0,0.0,0.0,0.0,0.0,0.0,0.0,0.0,0.0,0.0
ML201800000155,0.0,0.0,0.0,0.0,0.0,0.0,0.0,0.0,0.0,0.0,0.0,0.0,0.0,0.0,0.0,0.0,0.0,0.0,0.0,0.0,0.0,0.0,0.0,0.0,0.0,0.0,0.0,0.0,0.0,0.0,0.0,0.0,0.0,0.0,0.0,0.0,0.0,0.0,0.0,0.0,0.0,0.0,0.0,0.0
ML201800000156,0.0,0.0,0.0,0.0,0.0,0.0,0.0,0.0,0.0,0.0,0.0,0.0,0.0,0.0,0.0,0.0,0.0,0.0,0.0,0.0,0.0,0.0,0.0,0.0,0.0,0.0,0.0,0.0,0.0,0.0,0.0,0.0,0.0,0.0,0.0,0.0,0.0,0.0,0.0,0.0,0.0,0.0,0.0,0.0
ML201800000157,0.0,0.0,0.0,0.0,0.0,0.0,0.0,0.0,0.0,0.0,0.0,0.0,0.0,0.0,0.0,0.0,0.0,0.0,0.0,0.0,0.0,0.0,0.0,0.0,0.0,0.0,0.0,0.0,0.0,0.0,0.0,0.0,0.0,0.0,0.0,0.0,0.0,0.0,0.0,0.0,0.0,0.0,0.0,0.0
ML201800000158,0.0,0.0,0.0,0.0,0.0,0.0,0.0,0.0,0.0,0.0,0.0,0.0,0.0,0.0,0.0,0.0,0.0,0.0,0.0,0.0,0.0,0.0,0.0,0.0,0.0,0.0,0.0,0.0,0.0,0.0,0.0,0.0,0.0,0.0,0.0,0.0,0.0,0.0,0.0,0.0,0.0,0.0,0.0,0.0
ML201800000159,0.0,0.0,0.0,0.0,0.0,0.0,0.0,0.0,0.0,0.0,0.0,0.0,0.0,0.0,0.0,0.0,0.0,0.0,0.0,0.0,0.0,0.0,0.0,0.0,0.0,0.0,0.0,0.0,0.0,0.0,0.0,0.0,0.0,0.0,0.0,0.0,0.0,0.0,0.0,0.0,0.0,0.0,0.0,0.0
ML201800000160,1.0,454.89001272589434,454.89001272589434,5.801153900180646e-06,0.0,0.0,0.0,0.0,32.0,9053.473074745714,282.92103358580357,0.0001154577791739499,0.0,0.0,0.0,0.0,1.0,242.99632458327488,242.99632458327488,3.09890091373638e-06,1.0,731.2083132216446,731.2083132216446,9.325005692411833e-06,19.0,3035.859515188032,159.78207974673853,3.871592643109057e-05,0.0,0.0,0.0,0.0,0.0,0.0,0.0,0.0,12.0,821.2517170164597,68.43764308470497,1.0473317654636843e-05,66.0,14339.678957481021,217.26786299213668,0.0001828720837660062
ML201800000161,0.0,0.0,0.0,0.0,0.0,0.0,0.0,0.0,0.0,0.0,0.0,0.0,0.0,0.0,0.0,0.0,0.0,0.0,0.0,0.0,0.0,0.0,0.0,0.0,0.0,0.0,0.0,0.0,0.0,0.0,0.0,0.0,0.0,0.0,0.0,0.0,0.0,0.0,0.0,0.0,0.0,0.0,0.0,0.0
ML201800000162,0.0,0.0,0.0,0.0,0.0,0.0,0.0,0.0,0.0,0.0,0.0,0.0,0.0,0.0,0.0,0.0,0.0,0.0,0.0,0.0,0.0,0.0,0.0,0.0,0.0,0.0,0.0,0.0,0.0,0.0,0.0,0.0,0.0,0.0,0.0,0.0,0.0,0.0,0.0,0.0,0.0,0.0,0.0,0.0
ML201800000163,1.0,190.29114388435113,190.29114388435113,1.516724071522575e-05,0.0,0.0,0.0,0.0,2.0,886.2278166764062,443.1139083382031,7.063718442004385e-05,0.0,0.0,0.0,0.0,1.0,731.3458518038768,731.3458518038768,5.829224815177237e-05,0.0,0.0,0.0,0.0,1.0,115.93410763361021,115.93410763361021,9.240579890846206e-06,0.0,0.0,0.0,0.0,0.0,0.0,0.0,0.0,0.0,0.0,0.0,0.0,5.0,1923.7989199982442,384.75978399964885,0.00015333725317788816
ML201800000164,0.0,0.0,0.0,0.0,0.0,0.0,0.0,0.0,0.0,0.0,0.0,0.0,0.0,0.0,0.0,0.0,1.0,731.3458518038768,731.3458518038768,5.829224815177301e-05,0.0,0.0,0.0,0.0,1.0,115.93410763361021,115.93410763361021,9.240579890846308e-06,0.0,0.0,0.0,0.0,1.0,26450.442824352423,26450.442824352423,0.0021082443730807005,22.0,2516.542747933462,114.38830672424828,0.00020058216503895745,25.0,29814.265531723373,1192.570621268935,0.0023763593661622773
ML201800000165,1.0,190.29114388435113,190.29114388435113,1.5167240715225866e-05,0.0,0.0,0.0,0.0,2.0,886.2278166764062,443.1139083382031,7.063718442004439e-05,0.0,0.0,0.0,0.0,1.0,731.3458518038768,731.3458518038768,5.829224815177282e-05,0.0,0.0,0.0,0.0,1.0,115.93410763361021,115.93410763361021,9.240579890846277e-06,0.0,0.0,0.0,0.0,0.0,0.0,0.0,0.0,0.0,0.0,0.0,0.0,5.0,1923.7989199982442,384.75978399964885,0.00015333725317788935
ML201800000166,0.0,0.0,0.0,0.0,0.0,0.0,0.0,0.0,0.0,0.0,0.0,0.0,0.0,0.0,0.0,0.0,0.0,0.0,0.0,0.0,0.0,0.0,0.0,0.0,0.0,0.0,0.0,0.0,0.0,0.0,0.0,0.0,0.0,0.0,0.0,0.0,0.0,0.0,0.0,0.0,0.0,0.0,0.0,0.0
ML201800000167,0.0,0.0,0.0,0.0,0.0,0.0,0.0,0.0,0.0,0.0,0.0,0.0,0.0,0.0,0.0,0.0,0.0,0.0,0.0,0.0,0.0,0.0,0.0,0.0,0.0,0.0,0.0,0.0,0.0,0.0,0.0,0.0,0.0,0.0,0.0,0.0,0.0,0.0,0.0,0.0,0.0,0.0,0.0,0.0
ML201800000168,0.0,0.0,0.0,0.0,0.0,0.0,0.0,0.0,0.0,0.0,0.0,0.0,0.0,0.0,0.0,0.0,0.0,0.0,0.0,0.0,0.0,0.0,0.0,0.0,0.0,0.0,0.0,0.0,0.0,0.0,0.0,0.0,0.0,0.0,0.0,0.0,0.0,0.0,0.0,0.0,0.0,0.0,0.0,0.0
ML201800000169,0.0,0.0,0.0,0.0,0.0,0.0,0.0,0.0,0.0,0.0,0.0,0.0,0.0,0.0,0.0,0.0,0.0,0.0,0.0,0.0,0.0,0.0,0.0,0.0,0.0,0.0,0.0,0.0,0.0,0.0,0.0,0.0,0.0,0.0,0.0,0.0,0.0,0.0,0.0,0.0,0.0,0.0,0.0,0.0
ML201800000170,0.0,0.0,0.0,0.0,0.0,0.0,0.0,0.0,0.0,0.0,0.0,0.0,0.0,0.0,0.0,0.0,0.0,0.0,0.0,0.0,0.0,0.0,0.0,0.0,0.0,0.0,0.0,0.0,0.0,0.0,0.0,0.0,0.0,0.0,0.0,0.0,0.0,0.0,0.0,0.0,0.0,0.0,0.0,0.0
ML201800000171,0.0,0.0,0.0,0.0,0.0,0.0,0.0,0.0,0.0,0.0,0.0,0.0,0.0,0.0,0.0,0.0,0.0,0.0,0.0,0.0,0.0,0.0,0.0,0.0,2.0,163.68917105425902,81.84458552712951,2.087506972044545e-06,0.0,0.0,0.0,0.0,0.0,0.0,0.0,0.0,3.0,206.65854758806677,68.8861825293556,2.6354899114229718e-06,5.0,370.3477186423258,74.06954372846516,4.722996883467517e-06
ML201800000172,0.0,0.0,0.0,0.0,0.0,0.0,0.0,0.0,0.0,0.0,0.0,0.0,0.0,0.0,0.0,0.0,0.0,0.0,0.0,0.0,0.0,0.0,0.0,0.0,0.0,0.0,0.0,0.0,0.0,0.0,0.0,0.0,0.0,0.0,0.0,0.0,0.0,0.0,0.0,0.0,0.0,0.0,0.0,0.0
ML201800000173,0.0,0.0,0.0,0.0,0.0,0.0,0.0,0.0,0.0,0.0,0.0,0.0,0.0,0.0,0.0,0.0,0.0,0.0,0.0,0.0,0.0,0.0,0.0,0.0,0.0,0.0,0.0,0.0,0.0,0.0,0.0,0.0,0.0,0.0,0.0,0.0,0.0,0.0,0.0,0.0,0.0,0.0,0.0,0.0
ML201800000174,0.0,0.0,0.0,0.0,0.0,0.0,0.0,0.0,0.0,0.0,0.0,0.0,0.0,0.0,0.0,0.0,0.0,0.0,0.0,0.0,0.0,0.0,0.0,0.0,0.0,0.0,0.0,0.0,0.0,0.0,0.0,0.0,0.0,0.0,0.0,0.0,0.0,0.0,0.0,0.0,0.0,0.0,0.0,0.0
ML201800000175,0.0,0.0,0.0,0.0,0.0,0.0,0.0,0.0,0.0,0.0,0.0,0.0,0.0,0.0,0.0,0.0,0.0,0.0,0.0,0.0,0.0,0.0,0.0,0.0,0.0,0.0,0.0,0.0,0.0,0.0,0.0,0.0,0.0,0.0,0.0,0.0,0.0,0.0,0.0,0.0,0.0,0.0,0.0,0.0
ML201800000176,0.0,0.0,0.0,0.0,0.0,0.0,0.0,0.0,0.0,0.0,0.0,0.0,0.0,0.0,0.0,0.0,0.0,0.0,0.0,0.0,0.0,0.0,0.0,0.0,0.0,0.0,0.0,0.0,0.0,0.0,0.0,0.0,0.0,0.0,0.0,0.0,0.0,0.0,0.0,0.0,0.0,0.0,0.0,0.0
ML201800000177,0.0,0.0,0.0,0.0,0.0,0.0,0.0,0.0,0.0,0.0,0.0,0.0,0.0,0.0,0.0,0.0,0.0,0.0,0.0,0.0,0.0,0.0,0.0,0.0,0.0,0.0,0.0,0.0,0.0,0.0,0.0,0.0,0.0,0.0,0.0,0.0,0.0,0.0,0.0,0.0,0.0,0.0,0.0,0.0
ML201800000178,0.0,0.0,0.0,0.0,0.0,0.0,0.0,0.0,0.0,0.0,0.0,0.0,0.0,0.0,0.0,0.0,0.0,0.0,0.0,0.0,0.0,0.0,0.0,0.0,0.0,0.0,0.0,0.0,0.0,0.0,0.0,0.0,0.0,0.0,0.0,0.0,0.0,0.0,0.0,0.0,0.0,0.0,0.0,0.0
ML201800000182,0.0,0.0,0.0,0.0,0.0,0.0,0.0,0.0,0.0,0.0,0.0,0.0,0.0,0.0,0.0,0.0,1.0,126.17745115537545,126.17745115537545,1.6091248266774229e-06,0.0,0.0,0.0,0.0,0.0,0.0,0.0,0.0,0.0,0.0,0.0,0.0,0.0,0.0,0.0,0.0,0.0,0.0,0.0,0.0,1.0,126.17745115537545,126.17745115537545,1.6091248266774229e-06
ML201800000183,0.0,0.0,0.0,0.0,0.0,0.0,0.0,0.0,0.0,0.0,0.0,0.0,0.0,0.0,0.0,0.0,0.0,0.0,0.0,0.0,0.0,0.0,0.0,0.0,0.0,0.0,0.0,0.0,0.0,0.0,0.0,0.0,0.0,0.0,0.0,0.0,0.0,0.0,0.0,0.0,0.0,0.0,0.0,0.0
ML201800000184,0.0,0.0,0.0,0.0,0.0,0.0,0.0,0.0,0.0,0.0,0.0,0.0,0.0,0.0,0.0,0.0,0.0,0.0,0.0,0.0,0.0,0.0,0.0,0.0,0.0,0.0,0.0,0.0,0.0,0.0,0.0,0.0,0.0,0.0,0.0,0.0,0.0,0.0,0.0,0.0,0.0,0.0,0.0,0.0
ML201800000185,0.0,0.0,0.0,0.0,0.0,0.0,0.0,0.0,0.0,0.0,0.0,0.0,0.0,0.0,0.0,0.0,0.0,0.0,0.0,0.0,0.0,0.0,0.0,0.0,0.0,0.0,0.0,0.0,0.0,0.0,0.0,0.0,0.0,0.0,0.0,0.0,0.0,0.0,0.0,0.0,0.0,0.0,0.0,0.0
ML201800000186,0.0,0.0,0.0,0.0,0.0,0.0,0.0,0.0,0.0,0.0,0.0,0.0,0.0,0.0,0.0,0.0,0.0,0.0,0.0,0.0,0.0,0.0,0.0,0.0,0.0,0.0,0.0,0.0,0.0,0.0,0.0,0.0,0.0,0.0,0.0,0.0,0.0,0.0,0.0,0.0,0.0,0.0,0.0,0.0
ML201800000187,0.0,0.0,0.0,0.0,0.0,0.0,0.0,0.0,0.0,0.0,0.0,0.0,0.0,0.0,0.0,0.0,0.0,0.0,0.0,0.0,0.0,0.0,0.0,0.0,0.0,0.0,0.0,0.0,0.0,0.0,0.0,0.0,0.0,0.0,0.0,0.0,0.0,0.0,0.0,0.0,0.0,0.0,0.0,0.0
ML201800000189,0.0,0.0,0.0,0.0,0.0,0.0,0.0,0.0,0.0,0.0,0.0,0.0,0.0,0.0,0.0,0.0,0.0,0.0,0.0,0.0,0.0,0.0,0.0,0.0,0.0,0.0,0.0,0.0,0.0,0.0,0.0,0.0,0.0,0.0,0.0,0.0,112.0,1818.3510884798704,16.23527757571313,2.3189197858227734e-05,112.0,1818.3510884798704,16.23527757571313,2.3189197858227734e-05
ML201800000190,0.0,0.0,0.0,0.0,0.0,0.0,0.0,0.0,0.0,0.0,0.0,0.0,0.0,0.0,0.0,0.0,0.0,0.0,0.0,0.0,0.0,0.0,0.0,0.0,0.0,0.0,0.0,0.0,0.0,0.0,0.0,0.0,0.0,0.0,0.0,0.0,0.0,0.0,0.0,0.0,0.0,0.0,0.0,0.0
ML201800000191,0.0,0.0,0.0,0.0,0.0,0.0,0.0,0.0,0.0,0.0,0.0,0.0,0.0,0.0,0.0,0.0,0.0,0.0,0.0,0.0,0.0,0.0,0.0,0.0,0.0,0.0,0.0,0.0,0.0,0.0,0.0,0.0,0.0,0.0,0.0,0.0,0.0,0.0,0.0,0.0,0.0,0.0,0.0,0.0
ML201800000192,0.0,0.0,0.0,0.0,0.0,0.0,0.0,0.0,0.0,0.0,0.0,0.0,0.0,0.0,0.0,0.0,0.0,0.0,0.0,0.0,0.0,0.0,0.0,0.0,0.0,0.0,0.0,0.0,0.0,0.0,0.0,0.0,0.0,0.0,0.0,0.0,0.0,0.0,0.0,0.0,0.0,0.0,0.0,0.0
ML201800000193,0.0,0.0,0.0,0.0,0.0,0.0,0.0,0.0,0.0,0.0,0.0,0.0,0.0,0.0,0.0,0.0,0.0,0.0,0.0,0.0,0.0,0.0,0.0,0.0,0.0,0.0,0.0,0.0,0.0,0.0,0.0,0.0,0.0,0.0,0.0,0.0,0.0,0.0,0.0,0.0,0.0,0.0,0.0,0.0
ML201800000194,0.0,0.0,0.0,0.0,0.0,0.0,0.0,0.0,0.0,0.0,0.0,0.0,0.0,0.0,0.0,0.0,0.0,0.0,0.0,0.0,0.0,0.0,0.0,0.0,0.0,0.0,0.0,0.0,0.0,0.0,0.0,0.0,0.0,0.0,0.0,0.0,0.0,0.0,0.0,0.0,0.0,0.0,0.0,0.0
ML201800000195,0.0,0.0,0.0,0.0,0.0,0.0,0.0,0.0,0.0,0.0,0.0,0.0,0.0,0.0,0.0,0.0,0.0,0.0,0.0,0.0,0.0,0.0,0.0,0.0,0.0,0.0,0.0,0.0,0.0,0.0,0.0,0.0,0.0,0.0,0.0,0.0,0.0,0.0,0.0,0.0,0.0,0.0,0.0,0.0
ML201800000196,0.0,0.0,0.0,0.0,0.0,0.0,0.0,0.0,0.0,0.0,0.0,0.0,0.0,0.0,0.0,0.0,0.0,0.0,0.0,0.0,0.0,0.0,0.0,0.0,0.0,0.0,0.0,0.0,0.0,0.0,0.0,0.0,0.0,0.0,0.0,0.0,0.0,0.0,0.0,0.0,0.0,0.0,0.0,0.0
ML201800000197,0.0,0.0,0.0,0.0,0.0,0.0,0.0,0.0,0.0,0.0,0.0,0.0,0.0,0.0,0.0,0.0,0.0,0.0,0.0,0.0,0.0,0.0,0.0,0.0,0.0,0.0,0.0,0.0,0.0,0.0,0.0,0.0,0.0,0.0,0.0,0.0,0.0,0.0,0.0,0.0,0.0,0.0,0.0,0.0
ML201800000198,0.0,0.0,0.0,0.0,0.0,0.0,0.0,0.0,0.0,0.0,0.0,0.0,0.0,0.0,0.0,0.0,0.0,0.0,0.0,0.0,0.0,0.0,0.0,0.0,0.0,0.0,0.0,0.0,0.0,0.0,0.0,0.0,0.0,0.0,0.0,0.0,0.0,0.0,0.0,0.0,0.0,0.0,0.0,0.0
ML201800000199,0.0,0.0,0.0,0.0,0.0,0.0,0.0,0.0,0.0,0.0,0.0,0.0,0.0,0.0,0.0,0.0,0.0,0.0,0.0,0.0,0.0,0.0,0.0,0.0,0.0,0.0,0.0,0.0,0.0,0.0,0.0,0.0,0.0,0.0,0.0,0.0,0.0,0.0,0.0,0.0,0.0,0.0,0.0,0.0
ML201800000200,0.0,0.0,0.0,0.0,0.0,0.0,0.0,0.0,0.0,0.0,0.0,0.0,0.0,0.0,0.0,0.0,0.0,0.0,0.0,0.0,0.0,0.0,0.0,0.0,0.0,0.0,0.0,0.0,0.0,0.0,0.0,0.0,0.0,0.0,0.0,0.0,0.0,0.0,0.0,0.0,0.0,0.0,0.0,0.0
ML201800000201,0.0,0.0,0.0,0.0,0.0,0.0,0.0,0.0,0.0,0.0,0.0,0.0,0.0,0.0,0.0,0.0,0.0,0.0,0.0,0.0,0.0,0.0,0.0,0.0,0.0,0.0,0.0,0.0,0.0,0.0,0.0,0.0,0.0,0.0,0.0,0.0,0.0,0.0,0.0,0.0,0.0,0.0,0.0,0.0
ML201800000202,2.0,2004.1792696953255,1002.0896348476628,2.5559040783029816e-05,0.0,0.0,0.0,0.0,7.0,1385.1353894499603,197.87648420713717,1.766445369647563e-05,0.0,0.0,0.0,0.0,0.0,0.0,0.0,0.0,0.0,0.0,0.0,0.0,2.0,447.5756081761689,223.78780408808444,5.707874238517155e-06,0.0,0.0,0.0,0.0,0.0,0.0,0.0,0.0,2.0,513.2359022648311,256.61795113241556,6.545231534749927e-06,13.0,4350.126169586286,334.6250899681758,5.547660025277253e-05
ML201800000204,0.0,0.0,0.0,0.0,0.0,0.0,0.0,0.0,0.0,0.0,0.0,0.0,0.0,0.0,0.0,0.0,0.0,0.0,0.0,0.0,0.0,0.0,0.0,0.0,0.0,0.0,0.0,0.0,0.0,0.0,0.0,0.0,0.0,0.0,0.0,0.0,0.0,0.0,0.0,0.0,0.0,0.0,0.0,0.0
ML201800000205,0.0,0.0,0.0,0.0,0.0,0.0,0.0,0.0,0.0,0.0,0.0,0.0,0.0,0.0,0.0,0.0,0.0,0.0,0.0,0.0,0.0,0.0,0.0,0.0,0.0,0.0,0.0,0.0,0.0,0.0,0.0,0.0,0.0,0.0,0.0,0.0,0.0,0.0,0.0,0.0,0.0,0.0,0.0,0.0
ML201800000206,0.0,0.0,0.0,0.0,0.0,0.0,0.0,0.0,0.0,0.0,0.0,0.0,0.0,0.0,0.0,0.0,0.0,0.0,0.0,0.0,0.0,0.0,0.0,0.0,0.0,0.0,0.0,0.0,0.0,0.0,0.0,0.0,0.0,0.0,0.0,0.0,0.0,0.0,0.0,0.0,0.0,0.0,0.0,0.0
ML201800000207,0.0,0.0,0.0,0.0,0.0,0.0,0.0,0.0,0.0,0.0,0.0,0.0,0.0,0.0,0.0,0.0,0.0,0.0,0.0,0.0,0.0,0.0,0.0,0.0,0.0,0.0,0.0,0.0,0.0,0.0,0.0,0.0,0.0,0.0,0.0,0.0,0.0,0.0,0.0,0.0,0.0,0.0,0.0,0.0
ML201800000208,0.0,0.0,0.0,0.0,0.0,0.0,0.0,0.0,0.0,0.0,0.0,0.0,0.0,0.0,0.0,0.0,0.0,0.0,0.0,0.0,0.0,0.0,0.0,0.0,1.0,32.636389379707964,32.636389379707964,2.6012980094265178e-06,0.0,0.0,0.0,0.0,0.0,0.0,0.0,0.0,2.0,239.5995411334301,119.79977056671505,1.9097388567052202e-05,3.0,272.2359305131381,90.74531017104603,2.1698686576478723e-05
ML201800000209,0.0,0.0,0.0,0.0,0.0,0.0,0.0,0.0,0.0,0.0,0.0,0.0,0.0,0.0,0.0,0.0,0.0,0.0,0.0,0.0,0.0,0.0,0.0,0.0,1.0,49.08951802502367,49.08951802502367,3.912701985397787e-06,0.0,0.0,0.0,0.0,1.0,386.91960094450485,386.91960094450485,3.083959981096501e-05,10.0,276.95923349984105,27.695923349984106,2.207515955313873e-05,12.0,712.9683524693696,59.414029372447466,5.682746134950153e-05
ML201800000210,0.0,0.0,0.0,0.0,0.0,0.0,0.0,0.0,7.0,1385.1353894499603,197.87648420713717,0.00011040283560297241,0.0,0.0,0.0,0.0,0.0,0.0,0.0,0.0,0.0,0.0,0.0,0.0,2.0,447.5756081761689,223.78780408808444,3.567421399073213e-05,0.0,0.0,0.0,0.0,0.0,0.0,0.0,0.0,0.0,0.0,0.0,0.0,9.0,1832.710997626129,203.6345552917921,0.00014607704959370454
ML201800000211,0.0,0.0,0.0,0.0,0.0,0.0,0.0,0.0,2.0,761.9439550598229,380.97197752991144,9.71697338468001e-06,0.0,0.0,0.0,0.0,0.0,0.0,0.0,0.0,0.0,0.0,0.0,0.0,1.0,266.75597717002483,266.75597717002483,3.4019047111699015e-06,0.0,0.0,0.0,0.0,0.0,0.0,0.0,0.0,1.0,64.25304177937595,64.25304177937595,8.194107882986081e-07,4.0,1092.9529740092237,273.2382435023059,1.3938288884148519e-05
ML201800000212,0.0,0.0,0.0,0.0,0.0,0.0,0.0,0.0,0.0,0.0,0.0,0.0,0.0,0.0,0.0,0.0,0.0,0.0,0.0,0.0,0.0,0.0,0.0,0.0,0.0,0.0,0.0,0.0,0.0,0.0,0.0,0.0,0.0,0.0,0.0,0.0,0.0,0.0,0.0,0.0,0.0,0.0,0.0,0.0
ML201800000213,0.0,0.0,0.0,0.0,0.0,0.0,0.0,0.0,0.0,0.0,0.0,0.0,0.0,0.0,0.0,0.0,0.0,0.0,0.0,0.0,0.0,0.0,0.0,0.0,0.0,0.0,0.0,0.0,0.0,0.0,0.0,0.0,0.0,0.0,0.0,0.0,0.0,0.0,0.0,0.0,0.0,0.0,0.0,0.0
ML201800000214,0.0,0.0,0.0,0.0,0.0,0.0,0.0,0.0,0.0,0.0,0.0,0.0,0.0,0.0,0.0,0.0,0.0,0.0,0.0,0.0,0.0,0.0,0.0,0.0,0.0,0.0,0.0,0.0,0.0,0.0,0.0,0.0,0.0,0.0,0.0,0.0,0.0,0.0,0.0,0.0,0.0,0.0,0.0,0.0
ML201800000215,0.0,0.0,0.0,0.0,0.0,0.0,0.0,0.0,0.0,0.0,0.0,0.0,0.0,0.0,0.0,0.0,0.0,0.0,0.0,0.0,0.0,0.0,0.0,0.0,0.0,0.0,0.0,0.0,0.0,0.0,0.0,0.0,0.0,0.0,0.0,0.0,0.0,0.0,0.0,0.0,0.0,0.0,0.0,0.0
ML201800000216,0.0,0.0,0.0,0.0,0.0,0.0,0.0,0.0,0.0,0.0,0.0,0.0,0.0,0.0,0.0,0.0,0.0,0.0,0.0,0.0,0.0,0.0,0.0,0.0,0.0,0.0,0.0,0.0,0.0,0.0,0.0,0.0,0.0,0.0,0.0,0.0,0.0,0.0,0.0,0.0,0.0,0.0,0.0,0.0
ML201800000217,0.0,0.0,0.0,0.0,0.0,0.0,0.0,0.0,0.0,0.0,0.0,0.0,0.0,0.0,0.0,0.0,0.0,0.0,0.0,0.0,1.0,341.65738688567814,341.65738688567814,4.357112767942122e-06,0.0,0.0,0.0,0.0,0.0,0.0,0.0,0.0,1.0,422.5625941866707,422.5625941866707,5.388886484112682e-06,3.0,366.1107019970185,122.03690066567283,4.668962754448588e-06,5.0,1130.3306830693673,226.06613661387345,1.4414962006503391e-05
ML201800000218,0.0,0.0,0.0,0.0,0.0,0.0,0.0,0.0,0.0,0.0,0.0,0.0,0.0,0.0,0.0,0.0,0.0,0.0,0.0,0.0,0.0,0.0,0.0,0.0,0.0,0.0,0.0,0.0,0.0,0.0,0.0,0.0,0.0,0.0,0.0,0.0,0.0,0.0,0.0,0.0,0.0,0.0,0.0,0.0
ML201800000219,0.0,0.0,0.0,0.0,0.0,0.0,0.0,0.0,0.0,0.0,0.0,0.0,0.0,0.0,0.0,0.0,0.0,0.0,0.0,0.0,0.0,0.0,0.0,0.0,0.0,0.0,0.0,0.0,0.0,0.0,0.0,0.0,0.0,0.0,0.0,0.0,5.0,153.1807021672909,30.636140433458177,1.9534938181763e-06,5.0,153.1807021672909,30.636140433458177,1.9534938181763e-06
ML201800000221,0.0,0.0,0.0,0.0,0.0,0.0,0.0,0.0,0.0,0.0,0.0,0.0,0.0,0.0,0.0,0.0,0.0,0.0,0.0,0.0,0.0,0.0,0.0,0.0,0.0,0.0,0.0,0.0,0.0,0.0,0.0,0.0,0.0,0.0,0.0,0.0,0.0,0.0,0.0,0.0,0.0,0.0,0.0,0.0
ML201800000222,0.0,0.0,0.0,0.0,0.0,0.0,0.0,0.0,0.0,0.0,0.0,0.0,0.0,0.0,0.0,0.0,0.0,0.0,0.0,0.0,0.0,0.0,0.0,0.0,0.0,0.0,0.0,0.0,0.0,0.0,0.0,0.0,0.0,0.0,0.0,0.0,0.0,0.0,0.0,0.0,0.0,0.0,0.0,0.0
ML201800000223,0.0,0.0,0.0,0.0,0.0,0.0,0.0,0.0,0.0,0.0,0.0,0.0,0.0,0.0,0.0,0.0,0.0,0.0,0.0,0.0,0.0,0.0,0.0,0.0,2.0,129.3011316187429,64.65056580937144,1.6489607223797397e-06,0.0,0.0,0.0,0.0,0.0,0.0,0.0,0.0,0.0,0.0,0.0,0.0,2.0,129.3011316187429,64.65056580937144,1.6489607223797397e-06
ML201800000224,0.0,0.0,0.0,0.0,0.0,0.0,0.0,0.0,0.0,0.0,0.0,0.0,0.0,0.0,0.0,0.0,0.0,0.0,0.0,0.0,0.0,0.0,0.0,0.0,0.0,0.0,0.0,0.0,0.0,0.0,0.0,0.0,0.0,0.0,0.0,0.0,0.0,0.0,0.0,0.0,0.0,0.0,0.0,0.0
ML201800000226,0.0,0.0,0.0,0.0,0.0,0.0,0.0,0.0,0.0,0.0,0.0,0.0,0.0,0.0,0.0,0.0,0.0,0.0,0.0,0.0,0.0,0.0,0.0,0.0,4.0,102.38638657926239,25.596596644815598,8.16075272611529e-06,0.0,0.0,0.0,0.0,1.0,1842.856087101262,1842.856087101262,0.00014688566848686732,0.0,0.0,0.0,0.0,5.0,1945.2424736805242,389.04849473610483,0.00015504642121298262
ML201800000227,0.0,0.0,0.0,0.0,0.0,0.0,0.0,0.0,0.0,0.0,0.0,0.0,0.0,0.0,0.0,0.0,0.0,0.0,0.0,0.0,0.0,0.0,0.0,0.0,0.0,0.0,0.0,0.0,0.0,0.0,0.0,0.0,0.0,0.0,0.0,0.0,0.0,0.0,0.0,0.0,0.0,0.0,0.0,0.0
ML201800000229,0.0,0.0,0.0,0.0,0.0,0.0,0.0,0.0,0.0,0.0,0.0,0.0,0.0,0.0,0.0,0.0,0.0,0.0,0.0,0.0,0.0,0.0,0.0,0.0,0.0,0.0,0.0,0.0,0.0,0.0,0.0,0.0,0.0,0.0,0.0,0.0,0.0,0.0,0.0,0.0,0.0,0.0,0.0,0.0
ML201800000230,0.0,0.0,0.0,0.0,0.0,0.0,0.0,0.0,0.0,0.0,0.0,0.0,0.0,0.0,0.0,0.0,0.0,0.0,0.0,0.0,0.0,0.0,0.0,0.0,34.0,2601.385723668217,76.51134481377109,3.317513797742004e-05,0.0,0.0,0.0,0.0,0.0,0.0,0.0,0.0,3.0,125.76058683915596,41.92019561305199,1.6038086096002694e-06,37.0,2727.146310507373,73.70665704073981,3.4778946587020306e-05
ML201800000238,0.0,0.0,0.0,0.0,0.0,0.0,0.0,0.0,0.0,0.0,0.0,0.0,0.0,0.0,0.0,0.0,0.0,0.0,0.0,0.0,0.0,0.0,0.0,0.0,0.0,0.0,0.0,0.0,0.0,0.0,0.0,0.0,0.0,0.0,0.0,0.0,4.0,158.94439369942768,39.73609842485692,2.0269974359205693e-06,4.0,158.94439369942768,39.73609842485692,2.0269974359205693e-06
ML201800000239,0.0,0.0,0.0,0.0,0.0,0.0,0.0,0.0,0.0,0.0,0.0,0.0,0.0,0.0,0.0,0.0,0.0,0.0,0.0,0.0,0.0,0.0,0.0,0.0,0.0,0.0,0.0,0.0,0.0,0.0,0.0,0.0,0.0,0.0,0.0,0.0,0.0,0.0,0.0,0.0,0.0,0.0,0.0,0.0
ML201800000243,0.0,0.0,0.0,0.0,0.0,0.0,0.0,0.0,0.0,0.0,0.0,0.0,0.0,0.0,0.0,0.0,0.0,0.0,0.0,0.0,0.0,0.0,0.0,0.0,0.0,0.0,0.0,0.0,0.0,0.0,0.0,0.0,0.0,0.0,0.0,0.0,0.0,0.0,0.0,0.0,0.0,0.0,0.0,0.0
ML201800000245,0.0,0.0,0.0,0.0,0.0,0.0,0.0,0.0,0.0,0.0,0.0,0.0,0.0,0.0,0.0,0.0,0.0,0.0,0.0,0.0,0.0,0.0,0.0,0.0,0.0,0.0,0.0,0.0,0.0,0.0,0.0,0.0,0.0,0.0,0.0,0.0,0.0,0.0,0.0,0.0,0.0,0.0,0.0,0.0
ML201800000253,0.0,0.0,0.0,0.0,0.0,0.0,0.0,0.0,0.0,0.0,0.0,0.0,0.0,0.0,0.0,0.0,0.0,0.0,0.0,0.0,0.0,0.0,0.0,0.0,0.0,0.0,0.0,0.0,0.0,0.0,0.0,0.0,0.0,0.0,0.0,0.0,0.0,0.0,0.0,0.0,0.0,0.0,0.0,0.0
ML201800000254,0.0,0.0,0.0,0.0,0.0,0.0,0.0,0.0,4.0,804.9161667508668,201.2290416877167,1.0264992480454712e-05,0.0,0.0,0.0,0.0,0.0,0.0,0.0,0.0,0.0,0.0,0.0,0.0,0.0,0.0,0.0,0.0,0.0,0.0,0.0,0.0,0.0,0.0,0.0,0.0,0.0,0.0,0.0,0.0,4.0,804.9161667508668,201.2290416877167,1.0264992480454712e-05
ML201800000255,0.0,0.0,0.0,0.0,0.0,0.0,0.0,0.0,0.0,0.0,0.0,0.0,0.0,0.0,0.0,0.0,0.0,0.0,0.0,0.0,0.0,0.0,0.0,0.0,0.0,0.0,0.0,0.0,0.0,0.0,0.0,0.0,0.0,0.0,0.0,0.0,0.0,0.0,0.0,0.0,0.0,0.0,0.0,0.0
ML201800000256,2.0,1233.2330114731744,616.6165057365872,9.829538864060025e-05,0.0,0.0,0.0,0.0,13.0,7474.1700678119905,574.9361590624608,0.000595732067457312,0.0,0.0,0.0,0.0,0.0,0.0,0.0,0.0,0.0,0.0,0.0,0.0,1.0,415.60729790821387,415.60729790821387,3.312616552565114e-05,0.0,0.0,0.0,0.0,3.0,1268.6913711608086,422.8971237202695,0.00010112161305531216,214.0,21036.9114640339,98.30332459828925,0.0016767564352538342,233.0,31428.61321238809,134.88675198449823,0.00250503166993271
ML201800000257,2.0,1233.2330114731744,616.6165057365872,9.82953886406005e-05,0.0,0.0,0.0,0.0,7.0,5433.066241322459,776.1523201889228,0.0004330449742526491,0.0,0.0,0.0,0.0,0.0,0.0,0.0,0.0,0.0,0.0,0.0,0.0,1.0,415.60729790821387,415.60729790821387,3.312616552565123e-05,0.0,0.0,0.0,0.0,4.0,3659.1260680951937,914.7815170237984,0.0002916522794980284,219.0,21451.643536555388,97.95271021258168,0.001709812840548669,233.0,32192.676155354427,138.16599208306621,0.002565931648465598
ML201800000258,0.0,0.0,0.0,0.0,0.0,0.0,0.0,0.0,0.0,0.0,0.0,0.0,0.0,0.0,0.0,0.0,0.0,0.0,0.0,0.0,0.0,0.0,0.0,0.0,0.0,0.0,0.0,0.0,0.0,0.0,0.0,0.0,0.0,0.0,0.0,0.0,37.0,5201.9769178234865,140.59397075198612,0.0004146258963876326,37.0,5201.9769178234865,140.59397075198612,0.0004146258963876326
ML201800000259,0.0,0.0,0.0,0.0,0.0,0.0,0.0,0.0,0.0,0.0,0.0,0.0,0.0,0.0,0.0,0.0,0.0,0.0,0.0,0.0,0.0,0.0,0.0,0.0,0.0,0.0,0.0,0.0,0.0,0.0,0.0,0.0,0.0,0.0,0.0,0.0,0.0,0.0,0.0,0.0,0.0,0.0,0.0,0.0
ML201800000260,0.0,0.0,0.0,0.0,0.0,0.0,0.0,0.0,0.0,0.0,0.0,0.0,0.0,0.0,0.0,0.0,0.0,0.0,0.0,0.0,0.0,0.0,0.0,0.0,0.0,0.0,0.0,0.0,0.0,0.0,0.0,0.0,0.0,0.0,0.0,0.0,5.0,1374.7814334593497,274.95628669186993,1.7532411025726635e-05,5.0,1374.7814334593497,274.95628669186993,1.7532411025726635e-05
ML201800000261,0.0,0.0,0.0,0.0,0.0,0.0,0.0,0.0,0.0,0.0,0.0,0.0,0.0,0.0,0.0,0.0,0.0,0.0,0.0,0.0,0.0,0.0,0.0,0.0,0.0,0.0,0.0,0.0,0.0,0.0,0.0,0.0,0.0,0.0,0.0,0.0,1.0,1565.638514187751,1565.638514187751,1.9966386860038685e-05,1.0,1565.638514187751,1565.638514187751,1.9966386860038685e-05
ML201800000262,0.0,0.0,0.0,0.0,0.0,0.0,0.0,0.0,0.0,0.0,0.0,0.0,0.0,0.0,0.0,0.0,0.0,0.0,0.0,0.0,0.0,0.0,0.0,0.0,0.0,0.0,0.0,0.0,0.0,0.0,0.0,0.0,0.0,0.0,0.0,0.0,0.0,0.0,0.0,0.0,0.0,0.0,0.0,0.0
ML201800000263,0.0,0.0,0.0,0.0,0.0,0.0,0.0,0.0,0.0,0.0,0.0,0.0,0.0,0.0,0.0,0.0,0.0,0.0,0.0,0.0,0.0,0.0,0.0,0.0,0.0,0.0,0.0,0.0,0.0,0.0,0.0,0.0,0.0,0.0,0.0,0.0,0.0,0.0,0.0,0.0,0.0,0.0,0.0,0.0
ML201800000264,0.0,0.0,0.0,0.0,0.0,0.0,0.0,0.0,0.0,0.0,0.0,0.0,0.0,0.0,0.0,0.0,0.0,0.0,0.0,0.0,0.0,0.0,0.0,0.0,0.0,0.0,0.0,0.0,0.0,0.0,0.0,0.0,0.0,0.0,0.0,0.0,1.0,220.7214719140628,220.7214719140628,1.7592703618273085e-05,1.0,220.7214719140628,220.7214719140628,1.7592703618273085e-05
ML201800000265,0.0,0.0,0.0,0.0,0.0,0.0,0.0,0.0,0.0,0.0,0.0,0.0,0.0,0.0,0.0,0.0,0.0,0.0,0.0,0.0,0.0,0.0,0.0,0.0,0.0,0.0,0.0,0.0,0.0,0.0,0.0,0.0,0.0,0.0,0.0,0.0,0.0,0.0,0.0,0.0,0.0,0.0,0.0,0.0
ML201800000266,0.0,0.0,0.0,0.0,0.0,0.0,0.0,0.0,0.0,0.0,0.0,0.0,0.0,0.0,0.0,0.0,0.0,0.0,0.0,0.0,0.0,0.0,0.0,0.0,0.0,0.0,0.0,0.0,0.0,0.0,0.0,0.0,0.0,0.0,0.0,0.0,0.0,0.0,0.0,0.0,0.0,0.0,0.0,0.0
ML201800000269,0.0,0.0,0.0,0.0,0.0,0.0,0.0,0.0,1.0,578.0924693720851,578.0924693720851,7.372339004030244e-06,0.0,0.0,0.0,0.0,0.0,0.0,0.0,0.0,0.0,0.0,0.0,0.0,0.0,0.0,0.0,0.0,0.0,0.0,0.0,0.0,0.0,0.0,0.0,0.0,0.0,0.0,0.0,0.0,1.0,578.0924693720851,578.0924693720851,7.372339004030244e-06
ML201800000270,0.0,0.0,0.0,0.0,0.0,0.0,0.0,0.0,0.0,0.0,0.0,0.0,0.0,0.0,0.0,0.0,0.0,0.0,0.0,0.0,0.0,0.0,0.0,0.0,0.0,0.0,0.0,0.0,0.0,0.0,0.0,0.0,0.0,0.0,0.0,0.0,0.0,0.0,0.0,0.0,0.0,0.0,0.0,0.0
ML201800000271,0.0,0.0,0.0,0.0,0.0,0.0,0.0,0.0,0.0,0.0,0.0,0.0,0.0,0.0,0.0,0.0,0.0,0.0,0.0,0.0,0.0,0.0,0.0,0.0,0.0,0.0,0.0,0.0,0.0,0.0,0.0,0.0,0.0,0.0,0.0,0.0,0.0,0.0,0.0,0.0,0.0,0.0,0.0,0.0
ML201800000272,0.0,0.0,0.0,0.0,0.0,0.0,0.0,0.0,0.0,0.0,0.0,0.0,0.0,0.0,0.0,0.0,0.0,0.0,0.0,0.0,0.0,0.0,0.0,0.0,0.0,0.0,0.0,0.0,0.0,0.0,0.0,0.0,0.0,0.0,0.0,0.0,0.0,0.0,0.0,0.0,0.0,0.0,0.0,0.0
ML201800000273,0.0,0.0,0.0,0.0,0.0,0.0,0.0,0.0,0.0,0.0,0.0,0.0,0.0,0.0,0.0,0.0,0.0,0.0,0.0,0.0,0.0,0.0,0.0,0.0,0.0,0.0,0.0,0.0,0.0,0.0,0.0,0.0,0.0,0.0,0.0,0.0,0.0,0.0,0.0,0.0,0.0,0.0,0.0,0.0
ML201800000274,0.0,0.0,0.0,0.0,0.0,0.0,0.0,0.0,0.0,0.0,0.0,0.0,0.0,0.0,0.0,0.0,0.0,0.0,0.0,0.0,0.0,0.0,0.0,0.0,0.0,0.0,0.0,0.0,0.0,0.0,0.0,0.0,0.0,0.0,0.0,0.0,0.0,0.0,0.0,0.0,0.0,0.0,0.0,0.0
ML201800000275,0.0,0.0,0.0,0.0,0.0,0.0,0.0,0.0,0.0,0.0,0.0,0.0,0.0,0.0,0.0,0.0,0.0,0.0,0.0,0.0,0.0,0.0,0.0,0.0,0.0,0.0,0.0,0.0,0.0,0.0,0.0,0.0,0.0,0.0,0.0,0.0,0.0,0.0,0.0,0.0,0.0,0.0,0.0,0.0
ML201800000276,0.0,0.0,0.0,0.0,0.0,0.0,0.0,0.0,0.0,0.0,0.0,0.0,0.0,0.0,0.0,0.0,0.0,0.0,0.0,0.0,0.0,0.0,0.0,0.0,0.0,0.0,0.0,0.0,0.0,0.0,0.0,0.0,0.0,0.0,0.0,0.0,0.0,0.0,0.0,0.0,0.0,0.0,0.0,0.0
ML201800000277,0.0,0.0,0.0,0.0,0.0,0.0,0.0,0.0,0.0,0.0,0.0,0.0,0.0,0.0,0.0,0.0,0.0,0.0,0.0,0.0,0.0,0.0,0.0,0.0,0.0,0.0,0.0,0.0,0.0,0.0,0.0,0.0,0.0,0.0,0.0,0.0,0.0,0.0,0.0,0.0,0.0,0.0,0.0,0.0
ML201800000278,0.0,0.0,0.0,0.0,0.0,0.0,0.0,0.0,0.0,0.0,0.0,0.0,0.0,0.0,0.0,0.0,0.0,0.0,0.0,0.0,0.0,0.0,0.0,0.0,0.0,0.0,0.0,0.0,0.0,0.0,0.0,0.0,0.0,0.0,0.0,0.0,0.0,0.0,0.0,0.0,0.0,0.0,0.0,0.0
ML201800000279,0.0,0.0,0.0,0.0,0.0,0.0,0.0,0.0,0.0,0.0,0.0,0.0,0.0,0.0,0.0,0.0,0.0,0.0,0.0,0.0,0.0,0.0,0.0,0.0,0.0,0.0,0.0,0.0,0.0,0.0,0.0,0.0,0.0,0.0,0.0,0.0,0.0,0.0,0.0,0.0,0.0,0.0,0.0,0.0
ML201800000280,0.0,0.0,0.0,0.0,0.0,0.0,0.0,0.0,0.0,0.0,0.0,0.0,0.0,0.0,0.0,0.0,0.0,0.0,0.0,0.0,0.0,0.0,0.0,0.0,0.0,0.0,0.0,0.0,0.0,0.0,0.0,0.0,0.0,0.0,0.0,0.0,0.0,0.0,0.0,0.0,0.0,0.0,0.0,0.0
ML201800000281,0.0,0.0,0.0,0.0,0.0,0.0,0.0,0.0,0.0,0.0,0.0,0.0,0.0,0.0,0.0,0.0,0.0,0.0,0.0,0.0,0.0,0.0,0.0,0.0,0.0,0.0,0.0,0.0,0.0,0.0,0.0,0.0,0.0,0.0,0.0,0.0,0.0,0.0,0.0,0.0,0.0,0.0,0.0,0.0
ML201800000282,0.0,0.0,0.0,0.0,0.0,0.0,0.0,0.0,0.0,0.0,0.0,0.0,0.0,0.0,0.0,0.0,0.0,0.0,0.0,0.0,0.0,0.0,0.0,0.0,0.0,0.0,0.0,0.0,0.0,0.0,0.0,0.0,0.0,0.0,0.0,0.0,0.0,0.0,0.0,0.0,0.0,0.0,0.0,0.0
ML201800000283,0.0,0.0,0.0,0.0,0.0,0.0,0.0,0.0,0.0,0.0,0.0,0.0,0.0,0.0,0.0,0.0,0.0,0.0,0.0,0.0,0.0,0.0,0.0,0.0,0.0,0.0,0.0,0.0,0.0,0.0,0.0,0.0,0.0,0.0,0.0,0.0,0.0,0.0,0.0,0.0,0.0,0.0,0.0,0.0
ML201800000284,0.0,0.0,0.0,0.0,0.0,0.0,0.0,0.0,0.0,0.0,0.0,0.0,0.0,0.0,0.0,0.0,0.0,0.0,0.0,0.0,0.0,0.0,0.0,0.0,0.0,0.0,0.0,0.0,0.0,0.0,0.0,0.0,0.0,0.0,0.0,0.0,9.0,988.7658399620391,109.86287110689324,1.2609603746823686e-05,9.0,988.7658399620391,109.86287110689324,1.2609603746823686e-05
ML201800000285,36.0,27996.620928577613,777.6839146827115,0.000357037310444445,0.0,0.0,0.0,0.0,0.0,0.0,0.0,0.0,0.0,0.0,0.0,0.0,0.0,0.0,0.0,0.0,0.0,0.0,0.0,0.0,13.0,1625.735268012948,125.05655907791908,2.073279304194629e-05,0.0,0.0,0.0,0.0,0.0,0.0,0.0,0.0,18.0,1592.1440037176615,88.45244465098119,2.0304407963296484e-05,67.0,31214.500200308223,465.8880626911675,0.0003980745114496878
ML201800000286,0.0,0.0,0.0,0.0,0.0,0.0,0.0,0.0,0.0,0.0,0.0,0.0,0.0,0.0,0.0,0.0,0.0,0.0,0.0,0.0,0.0,0.0,0.0,0.0,0.0,0.0,0.0,0.0,0.0,0.0,0.0,0.0,0.0,0.0,0.0,0.0,0.0,0.0,0.0,0.0,0.0,0.0,0.0,0.0
ML201800000288,0.0,0.0,0.0,0.0,0.0,0.0,0.0,0.0,0.0,0.0,0.0,0.0,0.0,0.0,0.0,0.0,0.0,0.0,0.0,0.0,0.0,0.0,0.0,0.0,0.0,0.0,0.0,0.0,0.0,0.0,0.0,0.0,0.0,0.0,0.0,0.0,0.0,0.0,0.0,0.0,0.0,0.0,0.0,0.0
ML201800000290,0.0,0.0,0.0,0.0,0.0,0.0,0.0,0.0,0.0,0.0,0.0,0.0,0.0,0.0,0.0,0.0,0.0,0.0,0.0,0.0,0.0,0.0,0.0,0.0,0.0,0.0,0.0,0.0,0.0,0.0,0.0,0.0,0.0,0.0,0.0,0.0,15.0,728.5268635948221,48.56845757298814,5.806755943601083e-05,15.0,728.5268635948221,48.56845757298814,5.806755943601083e-05
ML201800000291,0.0,0.0,0.0,0.0,0.0,0.0,0.0,0.0,0.0,0.0,0.0,0.0,0.0,0.0,0.0,0.0,0.0,0.0,0.0,0.0,0.0,0.0,0.0,0.0,0.0,0.0,0.0,0.0,0.0,0.0,0.0,0.0,0.0,0.0,0.0,0.0,11.0,249.31316260140477,22.66483296376407,1.9871617109768793e-05,11.0,249.31316260140477,22.66483296376407,1.9871617109768793e-05
ML201800000292,0.0,0.0,0.0,0.0,0.0,0.0,0.0,0.0,0.0,0.0,0.0,0.0,0.0,0.0,0.0,0.0,0.0,0.0,0.0,0.0,0.0,0.0,0.0,0.0,4.0,628.4742809109446,157.11857022773614,5.00928235929767e-05,0.0,0.0,0.0,0.0,0.0,0.0,0.0,0.0,4.0,183.2613839524929,45.81534598812323,1.460693055637996e-05,8.0,811.7356648634375,101.46695810792968,6.469975414935666e-05
ML201800000293,0.0,0.0,0.0,0.0,0.0,0.0,0.0,0.0,0.0,0.0,0.0,0.0,0.0,0.0,0.0,0.0,0.0,0.0,0.0,0.0,0.0,0.0,0.0,0.0,1.0,141.13879917432578,141.13879917432578,1.1249531100805362e-05,0.0,0.0,0.0,0.0,0.0,0.0,0.0,0.0,14.0,1200.2846056438748,85.7346146888482,9.566922122053097e-05,15.0,1341.4234048182007,89.42822698788004,0.00010691875232133634
ML201800000294,0.0,0.0,0.0,0.0,0.0,0.0,0.0,0.0,0.0,0.0,0.0,0.0,0.0,0.0,0.0,0.0,0.0,0.0,0.0,0.0,0.0,0.0,0.0,0.0,0.0,0.0,0.0,0.0,0.0,0.0,0.0,0.0,0.0,0.0,0.0,0.0,0.0,0.0,0.0,0.0,0.0,0.0,0.0,0.0
ML201800000295,0.0,0.0,0.0,0.0,0.0,0.0,0.0,0.0,0.0,0.0,0.0,0.0,0.0,0.0,0.0,0.0,0.0,0.0,0.0,0.0,0.0,0.0,0.0,0.0,0.0,0.0,0.0,0.0,0.0,0.0,0.0,0.0,0.0,0.0,0.0,0.0,0.0,0.0,0.0,0.0,0.0,0.0,0.0,0.0
ML201800000296,0.0,0.0,0.0,0.0,0.0,0.0,0.0,0.0,0.0,0.0,0.0,0.0,0.0,0.0,0.0,0.0,0.0,0.0,0.0,0.0,0.0,0.0,0.0,0.0,2.0,150.08193913915107,75.04096956957554,1.9139756913247023e-06,0.0,0.0,0.0,0.0,0.0,0.0,0.0,0.0,2.0,108.60201129399373,54.30100564699686,1.3849874997480694e-06,4.0,258.6839504331448,64.6709876082862,3.2989631910727712e-06
ML201800000297,0.0,0.0,0.0,0.0,0.0,0.0,0.0,0.0,0.0,0.0,0.0,0.0,0.0,0.0,0.0,0.0,0.0,0.0,0.0,0.0,0.0,0.0,0.0,0.0,0.0,0.0,0.0,0.0,0.0,0.0,0.0,0.0,0.0,0.0,0.0,0.0,0.0,0.0,0.0,0.0,0.0,0.0,0.0,0.0
ML201800000298,0.0,0.0,0.0,0.0,0.0,0.0,0.0,0.0,0.0,0.0,0.0,0.0,0.0,0.0,0.0,0.0,0.0,0.0,0.0,0.0,0.0,0.0,0.0,0.0,0.0,0.0,0.0,0.0,0.0,0.0,0.0,0.0,0.0,0.0,0.0,0.0,0.0,0.0,0.0,0.0,0.0,0.0,0.0,0.0
ML201800000299,0.0,0.0,0.0,0.0,0.0,0.0,0.0,0.0,0.0,0.0,0.0,0.0,0.0,0.0,0.0,0.0,0.0,0.0,0.0,0.0,0.0,0.0,0.0,0.0,0.0,0.0,0.0,0.0,0.0,0.0,0.0,0.0,0.0,0.0,0.0,0.0,0.0,0.0,0.0,0.0,0.0,0.0,0.0,0.0
ML201800000300,0.0,0.0,0.0,0.0,0.0,0.0,0.0,0.0,0.0,0.0,0.0,0.0,0.0,0.0,0.0,0.0,0.0,0.0,0.0,0.0,0.0,0.0,0.0,0.0,0.0,0.0,0.0,0.0,0.0,0.0,0.0,0.0,0.0,0.0,0.0,0.0,0.0,0.0,0.0,0.0,0.0,0.0,0.0,0.0
ML201800000301,0.0,0.0,0.0,0.0,0.0,0.0,0.0,0.0,0.0,0.0,0.0,0.0,0.0,0.0,0.0,0.0,0.0,0.0,0.0,0.0,0.0,0.0,0.0,0.0,0.0,0.0,0.0,0.0,0.0,0.0,0.0,0.0,0.0,0.0,0.0,0.0,0.0,0.0,0.0,0.0,0.0,0.0,0.0,0.0
ML201800000302,0.0,0.0,0.0,0.0,0.0,0.0,0.0,0.0,0.0,0.0,0.0,0.0,0.0,0.0,0.0,0.0,0.0,0.0,0.0,0.0,0.0,0.0,0.0,0.0,0.0,0.0,0.0,0.0,0.0,0.0,0.0,0.0,0.0,0.0,0.0,0.0,0.0,0.0,0.0,0.0,0.0,0.0,0.0,0.0
ML201800000303,0.0,0.0,0.0,0.0,0.0,0.0,0.0,0.0,0.0,0.0,0.0,0.0,0.0,0.0,0.0,0.0,0.0,0.0,0.0,0.0,0.0,0.0,0.0,0.0,0.0,0.0,0.0,0.0,0.0,0.0,0.0,0.0,0.0,0.0,0.0,0.0,0.0,0.0,0.0,0.0,0.0,0.0,0.0,0.0
ML201800000305,0.0,0.0,0.0,0.0,0.0,0.0,0.0,0.0,0.0,0.0,0.0,0.0,0.0,0.0,0.0,0.0,0.0,0.0,0.0,0.0,0.0,0.0,0.0,0.0,0.0,0.0,0.0,0.0,0.0,0.0,0.0,0.0,0.0,0.0,0.0,0.0,0.0,0.0,0.0,0.0,0.0,0.0,0.0,0.0
ML201800000306,0.0,0.0,0.0,0.0,0.0,0.0,0.0,0.0,0.0,0.0,0.0,0.0,0.0,0.0,0.0,0.0,0.0,0.0,0.0,0.0,0.0,0.0,0.0,0.0,0.0,0.0,0.0,0.0,0.0,0.0,0.0,0.0,0.0,0.0,0.0,0.0,0.0,0.0,0.0,0.0,0.0,0.0,0.0,0.0
ML201800000307,0.0,0.0,0.0,0.0,0.0,0.0,0.0,0.0,0.0,0.0,0.0,0.0,0.0,0.0,0.0,0.0,0.0,0.0,0.0,0.0,0.0,0.0,0.0,0.0,0.0,0.0,0.0,0.0,0.0,0.0,0.0,0.0,0.0,0.0,0.0,0.0,0.0,0.0,0.0,0.0,0.0,0.0,0.0,0.0
ML201800000311,0.0,0.0,0.0,0.0,0.0,0.0,0.0,0.0,0.0,0.0,0.0,0.0,0.0,0.0,0.0,0.0,0.0,0.0,0.0,0.0,0.0,0.0,0.0,0.0,0.0,0.0,0.0,0.0,0.0,0.0,0.0,0.0,0.0,0.0,0.0,0.0,0.0,0.0,0.0,0.0,0.0,0.0,0.0,0.0
ML201800000312,0.0,0.0,0.0,0.0,0.0,0.0,0.0,0.0,0.0,0.0,0.0,0.0,0.0,0.0,0.0,0.0,0.0,0.0,0.0,0.0,0.0,0.0,0.0,0.0,0.0,0.0,0.0,0.0,0.0,0.0,0.0,0.0,0.0,0.0,0.0,0.0,0.0,0.0,0.0,0.0,0.0,0.0,0.0,0.0
ML201800000313,0.0,0.0,0.0,0.0,0.0,0.0,0.0,0.0,0.0,0.0,0.0,0.0,0.0,0.0,0.0,0.0,0.0,0.0,0.0,0.0,0.0,0.0,0.0,0.0,0.0,0.0,0.0,0.0,0.0,0.0,0.0,0.0,0.0,0.0,0.0,0.0,0.0,0.0,0.0,0.0,0.0,0.0,0.0,0.0
ML201800000314,0.0,0.0,0.0,0.0,0.0,0.0,0.0,0.0,0.0,0.0,0.0,0.0,0.0,0.0,0.0,0.0,0.0,0.0,0.0,0.0,0.0,0.0,0.0,0.0,0.0,0.0,0.0,0.0,0.0,0.0,0.0,0.0,0.0,0.0,0.0,0.0,0.0,0.0,0.0,0.0,0.0,0.0,0.0,0.0
ML201800000315,0.0,0.0,0.0,0.0,0.0,0.0,0.0,0.0,0.0,0.0,0.0,0.0,0.0,0.0,0.0,0.0,0.0,0.0,0.0,0.0,0.0,0.0,0.0,0.0,0.0,0.0,0.0,0.0,0.0,0.0,0.0,0.0,0.0,0.0,0.0,0.0,0.0,0.0,0.0,0.0,0.0,0.0,0.0,0.0
ML201800000316,0.0,0.0,0.0,0.0,0.0,0.0,0.0,0.0,0.0,0.0,0.0,0.0,0.0,0.0,0.0,0.0,0.0,0.0,0.0,0.0,0.0,0.0,0.0,0.0,0.0,0.0,0.0,0.0,0.0,0.0,0.0,0.0,0.0,0.0,0.0,0.0,0.0,0.0,0.0,0.0,0.0,0.0,0.0,0.0
ML201800000317,0.0,0.0,0.0,0.0,0.0,0.0,0.0,0.0,0.0,0.0,0.0,0.0,0.0,0.0,0.0,0.0,0.0,0.0,0.0,0.0,0.0,0.0,0.0,0.0,0.0,0.0,0.0,0.0,0.0,0.0,0.0,0.0,0.0,0.0,0.0,0.0,0.0,0.0,0.0,0.0,0.0,0.0,0.0,0.0
ML201800000318,0.0,0.0,0.0,0.0,0.0,0.0,0.0,0.0,0.0,0.0,0.0,0.0,0.0,0.0,0.0,0.0,0.0,0.0,0.0,0.0,0.0,0.0,0.0,0.0,0.0,0.0,0.0,0.0,0.0,0.0,0.0,0.0,0.0,0.0,0.0,0.0,0.0,0.0,0.0,0.0,0.0,0.0,0.0,0.0
ML201800000319,0.0,0.0,0.0,0.0,0.0,0.0,0.0,0.0,0.0,0.0,0.0,0.0,0.0,0.0,0.0,0.0,0.0,0.0,0.0,0.0,0.0,0.0,0.0,0.0,0.0,0.0,0.0,0.0,0.0,0.0,0.0,0.0,0.0,0.0,0.0,0.0,0.0,0.0,0.0,0.0,0.0,0.0,0.0,0.0
ML201800000320,0.0,0.0,0.0,0.0,0.0,0.0,0.0,0.0,0.0,0.0,0.0,0.0,0.0,0.0,0.0,0.0,0.0,0.0,0.0,0.0,0.0,0.0,0.0,0.0,0.0,0.0,0.0,0.0,0.0,0.0,0.0,0.0,0.0,0.0,0.0,0.0,0.0,0.0,0.0,0.0,0.0,0.0,0.0,0.0
ML201800000321,7.0,1899.2892952138468,271.3270421734067,0.00015138370257454406,0.0,0.0,0.0,0.0,0.0,0.0,0.0,0.0,0.0,0.0,0.0,0.0,1.0,305.39875897177404,305.39875897177404,2.4341944648096623e-05,0.0,0.0,0.0,0.0,1.0,157.38573709641037,157.38573709641037,1.2544500552979618e-05,0.0,0.0,0.0,0.0,0.0,0.0,0.0,0.0,3.0,389.03090404716033,129.67696801572012,3.1007882168866944e-05,12.0,2751.1046953291916,229.25872461076597,0.00021927802994448723
ML201800000322,7.0,1899.2892952138468,271.3270421734067,0.0001513837025745503,0.0,0.0,0.0,0.0,0.0,0.0,0.0,0.0,0.0,0.0,0.0,0.0,1.0,305.39875897177404,305.39875897177404,2.434194464809763e-05,0.0,0.0,0.0,0.0,1.0,157.38573709641037,157.38573709641037,1.2544500552980137e-05,0.0,0.0,0.0,0.0,0.0,0.0,0.0,0.0,5.0,597.8885242618521,119.57770485237043,4.765497218231947e-05,14.0,2959.9623155438835,211.42587968170596,0.00023592511995794755
ML201800000323,7.0,1899.2892952138468,271.3270421734067,0.00015138370257455512,0.0,0.0,0.0,0.0,0.0,0.0,0.0,0.0,0.0,0.0,0.0,0.0,1.0,305.39875897177404,305.39875897177404,2.4341944648098405e-05,0.0,0.0,0.0,0.0,1.0,157.38573709641037,157.38573709641037,1.2544500552980537e-05,0.0,0.0,0.0,0.0,0.0,0.0,0.0,0.0,5.0,597.8885242618521,119.57770485237043,4.765497218232099e-05,14.0,2959.9623155438835,211.42587968170596,0.00023592511995795508
ML201800000324,7.0,1899.2892952138468,271.3270421734067,0.00015138370257455303,0.0,0.0,0.0,0.0,0.0,0.0,0.0,0.0,0.0,0.0,0.0,0.0,0.0,0.0,0.0,0.0,0.0,0.0,0.0,0.0,1.0,157.38573709641037,157.38573709641037,1.2544500552980364e-05,0.0,0.0,0.0,0.0,0.0,0.0,0.0,0.0,0.0,0.0,0.0,0.0,8.0,2056.675032310257,257.0843790387821,0.00016392820312753338
ML201800000325,7.0,1899.2892952138468,271.3270421734067,0.0001513837025745595,0.0,0.0,0.0,0.0,0.0,0.0,0.0,0.0,0.0,0.0,0.0,0.0,1.0,305.39875897177404,305.39875897177404,2.434194464809911e-05,0.0,0.0,0.0,0.0,1.0,157.38573709641037,157.38573709641037,1.2544500552980899e-05,0.0,0.0,0.0,0.0,0.0,0.0,0.0,0.0,3.0,389.03090404716033,129.67696801572012,3.100788216887011e-05,12.0,2751.1046953291916,229.25872461076597,0.00021927802994450962
ML201800000326,7.0,1899.2892952138468,271.3270421734067,0.0001513837025745572,0.0,0.0,0.0,0.0,0.0,0.0,0.0,0.0,0.0,0.0,0.0,0.0,1.0,305.39875897177404,305.39875897177404,2.434194464809874e-05,0.0,0.0,0.0,0.0,1.0,157.38573709641037,157.38573709641037,1.254450055298071e-05,0.0,0.0,0.0,0.0,0.0,0.0,0.0,0.0,5.0,597.8885242618521,119.57770485237043,4.765497218232165e-05,14.0,2959.9623155438835,211.42587968170596,0.00023592511995795834
ML201800000327,7.0,1899.2892952138468,271.3270421734067,0.00015138370257454867,0.0,0.0,0.0,0.0,0.0,0.0,0.0,0.0,0.0,0.0,0.0,0.0,1.0,305.39875897177404,305.39875897177404,2.4341944648097368e-05,0.0,0.0,0.0,0.0,1.0,157.38573709641037,157.38573709641037,1.2544500552980001e-05,0.0,0.0,0.0,0.0,0.0,0.0,0.0,0.0,5.0,597.8885242618521,119.57770485237043,4.765497218231896e-05,14.0,2959.9623155438835,211.42587968170596,0.00023592511995794503
ML201800000328,7.0,1899.2892952138468,271.3270421734067,0.00015138370257455504,0.0,0.0,0.0,0.0,0.0,0.0,0.0,0.0,0.0,0.0,0.0,0.0,1.0,305.39875897177404,305.39875897177404,2.434194464809839e-05,0.0,0.0,0.0,0.0,1.0,157.38573709641037,157.38573709641037,1.2544500552980528e-05,0.0,0.0,0.0,0.0,0.0,0.0,0.0,0.0,3.0,389.03090404716033,129.67696801572012,3.1007882168869194e-05,12.0,2751.1046953291916,229.25872461076597,0.00021927802994450315
ML201800000329,7.0,1899.2892952138468,271.3270421734067,0.0001513837025745559,0.0,0.0,0.0,0.0,0.0,0.0,0.0,0.0,0.0,0.0,0.0,0.0,1.0,305.39875897177404,305.39875897177404,2.4341944648098527e-05,0.0,0.0,0.0,0.0,1.0,157.38573709641037,157.38573709641037,1.25445005529806e-05,0.0,0.0,0.0,0.0,0.0,0.0,0.0,0.0,2.0,208.85762021469174,104.42881010734587,1.6647090013451857e-05,11.0,2570.9314114967233,233.72103740879302,0.0002049172377890869
ML201800000330,7.0,1899.2892952138468,271.3270421734067,0.0001513837025745458,0.0,0.0,0.0,0.0,0.0,0.0,0.0,0.0,0.0,0.0,0.0,0.0,0.0,0.0,0.0,0.0,0.0,0.0,0.0,0.0,1.0,157.38573709641037,157.38573709641037,1.2544500552979764e-05,0.0,0.0,0.0,0.0,0.0,0.0,0.0,0.0,0.0,0.0,0.0,0.0,8.0,2056.675032310257,257.0843790387821,0.00016392820312752555
ML201800000331,7.0,1899.2892952138468,271.3270421734067,0.00015138370257455485,0.0,0.0,0.0,0.0,0.0,0.0,0.0,0.0,0.0,0.0,0.0,0.0,1.0,305.39875897177404,305.39875897177404,2.4341944648098357e-05,0.0,0.0,0.0,0.0,1.0,157.38573709641037,157.38573709641037,1.2544500552980513e-05,0.0,0.0,0.0,0.0,0.0,0.0,0.0,0.0,2.0,208.85762021469174,104.42881010734587,1.664709001345174e-05,11.0,2570.9314114967233,233.72103740879302,0.00020491723778908548
ML201800000332,7.0,1899.2892952138468,271.3270421734067,0.00015138370257455178,0.0,0.0,0.0,0.0,0.0,0.0,0.0,0.0,0.0,0.0,0.0,0.0,1.0,305.39875897177404,305.39875897177404,2.4341944648097866e-05,0.0,0.0,0.0,0.0,1.0,157.38573709641037,157.38573709641037,1.2544500552980259e-05,0.0,0.0,0.0,0.0,0.0,0.0,0.0,0.0,2.0,208.85762021469174,104.42881010734587,1.6647090013451406e-05,11.0,2570.9314114967233,233.72103740879302,0.00020491723778908133
ML201800000333,1.0,294.3437330889617,294.3437330889617,2.346079886666482e-05,0.0,0.0,0.0,0.0,58.0,19383.53141839348,334.19881755850827,0.0015449730393789776,0.0,0.0,0.0,0.0,0.0,0.0,0.0,0.0,0.0,0.0,0.0,0.0,4.0,305.29688536410697,76.32422134102674,2.4333824766643706e-05,0.0,0.0,0.0,0.0,12.0,6517.66402960182,543.138669133485,0.0005194933259637958,230.0,44971.78454903174,195.52949803926845,0.003584496197379326,305.0,71472.6206154801,234.336461034361,0.005696757186355407
ML201800000334,1.0,294.3437330889617,294.3437330889617,2.346079886666572e-05,0.0,0.0,0.0,0.0,19.0,6404.029617225519,337.0541903802905,0.0005104360443118009,0.0,0.0,0.0,0.0,0.0,0.0,0.0,0.0,6.0,6554.654236240675,1092.4423727067792,0.0005224416469247659,6.0,1775.9789542571318,295.99649237618866,0.00014155519670828152,0.0,0.0,0.0,0.0,12.0,5392.979047797512,449.4149206497927,0.00042984980656707127,101.0,22728.393476572724,225.03359877794776,0.0018115767654382127,145.0,43150.379065182526,297.5888211391898,0.0034393202588167983
ML201800000335,1.0,294.3437330889617,294.3437330889617,2.3460798866664862e-05,0.0,0.0,0.0,0.0,57.0,18706.765544577618,328.1888692031161,0.00149103111277911,0.0,0.0,0.0,0.0,0.0,0.0,0.0,0.0,0.0,0.0,0.0,0.0,4.0,305.29688536410697,76.32422134102674,2.4333824766643747e-05,0.0,0.0,0.0,0.0,14.0,7300.825945504822,521.4875675360587,0.0005819155966750233,225.0,45762.87592128779,203.39055965016797,0.0036475504889549697,301.0,72370.1080298233,240.43225259077508,0.005768291822042411
ML201800000336,1.0,294.3437330889617,294.3437330889617,2.346079886666543e-05,0.0,0.0,0.0,0.0,57.0,18706.765544577618,328.1888692031161,0.0014910311127791461,0.0,0.0,0.0,0.0,0.0,0.0,0.0,0.0,14.0,33468.092457339815,2390.5780326671297,0.002667589275139412,3.0,274.9753007954691,91.6584335984897,2.191702930978847e-05,0.0,0.0,0.0,0.0,9.0,5209.884808601592,578.8760898446213,0.00041525619835825004,75.0,21509.081681636257,286.7877557551501,0.0017143909735867588,159.0,79463.14352603973,499.76819827697943,0.006333645388040022
ML201800000337,0.0,0.0,0.0,0.0,0.0,0.0,0.0,0.0,28.0,9524.19441560433,340.1498005572975,0.0007591301748013903,0.0,0.0,0.0,0.0,0.0,0.0,0.0,0.0,0.0,0.0,0.0,0.0,1.0,30.32158456863791,30.32158456863791,2.4167954568559373e-06,0.0,0.0,0.0,0.0,11.0,5859.716538665144,532.7015035150131,0.0004670513269862956,211.0,39903.84458832215,189.11774686408603,0.00318055377659554,251.0,55318.07712716026,220.3907455265349,0.004409152073840081
ML201800000338,0.0,0.0,0.0,0.0,0.0,0.0,0.0,0.0,20.0,5911.4249002149745,295.5712450107487,0.00047117276506588587,0.0,0.0,0.0,0.0,0.0,0.0,0.0,0.0,0.0,0.0,0.0,0.0,0.0,0.0,0.0,0.0,0.0,0.0,0.0,0.0,10.0,4115.513656560559,411.5513656560559,0.0003280288563181333,169.0,14794.788449275284,87.54312691878866,0.0011792252290909358,199.0,24821.727006050816,124.73229651281817,0.001978426850474955
ML201800000339,5.0,9149.816915026684,1829.9633830053367,0.0007292902487085444,0.0,0.0,0.0,0.0,24.0,9368.689723526677,390.3620718136115,0.0007467356037827373,0.0,0.0,0.0,0.0,0.0,0.0,0.0,0.0,51.0,78360.15343061711,1536.4735966787669,0.0062457310692634535,5.0,937.2457049922409,187.44914099844817,7.470358802177333e-05,0.0,0.0,0.0,0.0,6.0,3894.8004224056626,649.1334037342771,0.00031043680929413283,191.0,19930.847220262956,104.34998544640291,0.001588597090108571,282.0,121641.55341683133,431.3530263008203,0.009695494409179212
ML201800000340,0.0,0.0,0.0,0.0,0.0,0.0,0.0,0.0,1.0,676.7658738158594,676.7658738158594,5.3941926599871576e-05,0.0,0.0,0.0,0.0,0.0,0.0,0.0,0.0,1.0,567.4809662049472,567.4809662049472,4.523132417013744e-05,2.0,116.63912037013426,58.31956018506713,9.296773246269332e-06,0.0,0.0,0.0,0.0,11.0,4705.913139799574,427.81028543632493,0.0003750869111368765,220.0,17886.202577310472,81.3009208059567,0.0014256277745444228,235.0,23953.001677500986,101.92766671277015,0.0019091847096975776
ML201800000341,3.0,617.8100958551523,205.9366986183841,4.924282995443361e-05,0.0,0.0,0.0,0.0,7.0,4326.864065475826,618.123437925118,0.0003448746351696552,0.0,0.0,0.0,0.0,0.0,0.0,0.0,0.0,1.0,567.4809662049472,567.4809662049472,4.5231324170137146e-05,195.0,10450.787269884122,53.59378087120063,0.0008329846725935006,2.0,10723.326512869828,5361.663256434914,0.000854707534826237,7.0,4781.48937889842,683.0699112712028,0.0003811107490694491,201.0,17820.973533045835,88.66155986589968,0.0014204286644030235,416.0,49288.73182223413,118.48252841883203,0.003928580410186436
ML201800000342,4.0,8602.731961349707,2150.682990337427,0.0006856845978373765,0.0,0.0,0.0,0.0,7.0,3829.6863905087853,547.0980557869693,0.00030524686626494596,0.0,0.0,0.0,0.0,0.0,0.0,0.0,0.0,9.0,2620.3157451261436,291.1461939029048,0.00020885343818405732,5.0,935.8426501967124,187.16853003934247,7.45917569118962e-05,0.0,0.0,0.0,0.0,9.0,5803.63921288871,644.8488014320789,0.0004625816586593352,231.0,21568.425832144203,93.36980879716106,0.0017191210256397168,265.0,43360.64179221426,163.62506336684626,0.0034560793434973277
ML201800000343,11.0,3798.7390075349745,345.3399097759068,0.0003027801912663821,0.0,0.0,0.0,0.0,1.0,1997.9759849913908,1997.9759849913908,0.0001592495693127088,0.0,0.0,0.0,0.0,0.0,0.0,0.0,0.0,3.0,3209.6804527408444,1069.8934842469482,0.00025582901574895667,3.0,3531.3792918693434,1177.1264306231144,0.00028147016557480536,2.0,10739.438000247728,5369.719000123864,0.000855991708132247,2.0,6913.511971370553,3456.7559856852763,0.0005510445631726454,14.0,7197.366868564392,514.0976334688851,0.0005736693446840292,36.0,37388.091577319225,1038.5580993699784,0.0029800345578917748
ML201800000344,6.0,3392.64797830378,565.4413297172966,0.0002704125241909833,0.0,0.0,0.0,0.0,6.0,4531.2894097624585,755.2149016270764,0.0003611684486482911,0.0,0.0,0.0,0.0,0.0,0.0,0.0,0.0,5.0,1275.642086067748,255.12841721354962,0.00010167562289509788,5.0,3871.5007294033267,774.3001458806654,0.0003085796968445296,2.0,10739.438000247728,5369.719000123864,0.0008559917081322137,5.0,8655.268494209582,1731.0536988419165,0.0006898720456815797,28.0,22317.078317903626,797.038511353701,0.0017787927067898768,57.0,54782.86501589825,961.1028950157588,0.004366492753182572
ML201800000345,4.0,3285.3114785393323,821.3278696348331,0.00026185722047992197,0.0,0.0,0.0,0.0,2.0,2172.049133318982,1086.024566659491,0.0001731241474399283,0.0,0.0,0.0,0.0,0.0,0.0,0.0,0.0,7.0,1698.2689885499194,242.60985550713136,0.00013536128914225457,3.0,3515.4645341455644,1171.8215113818549,0.0002802016726938728,0.0,0.0,0.0,0.0,3.0,7201.240677383208,2400.413559127736,0.0005739781083481646,19.0,20221.988449091703,1064.3151815311423,0.0016118026319411729,38.0,38094.32326102871,1002.4821910797028,0.003036325070045315
ML201800000346,2.0,614.106537234705,307.0532686173525,4.894763615848199e-05,0.0,0.0,0.0,0.0,1.0,160.19713195499355,160.19713195499355,1.2768584037346766e-05,0.0,0.0,0.0,0.0,2.0,750.454587577671,375.2272937888355,5.9815318481419353e-05,8.0,1720.7049841727928,215.0881230215991,0.00013714956020601142,46.0,19263.543548435788,418.7726858355606,0.0015354093525494254,0.0,0.0,0.0,0.0,5.0,2586.7329496034286,517.3465899206857,0.00020617670644980423,123.0,13089.304901721845,106.41711302212883,0.001043288900297198,187.0,38185.04464070122,204.19809968289422,0.003043556058179687
ML201800000347,13.0,5893.865199907668,453.3742461467437,0.0004697731613007645,0.0,0.0,0.0,0.0,0.0,0.0,0.0,0.0,0.0,0.0,0.0,0.0,0.0,0.0,0.0,0.0,3.0,3209.6804527408444,1069.8934842469482,0.00025582901574894464,2.0,3409.8782792403126,1704.9391396201563,0.00027178587303194977,4.0,12462.231939583471,3115.557984895868,0.0009933077694435901,4.0,8064.505763418494,2016.1264408546235,0.0006427850380542621,16.0,5969.53738245038,373.0960864031488,0.0004758046464484356,42.0,39009.699017341176,928.8023575557423,0.0031092855040279472
ML201800000348,7.0,5114.073835256354,730.5819764651934,0.00040761954188426225,0.0,0.0,0.0,0.0,1.0,306.5258070920281,306.5258070920281,2.4431776522501665e-05,0.0,0.0,0.0,0.0,0.0,0.0,0.0,0.0,3.0,3209.6804527408444,1069.8934842469482,0.0002558290157489507,2.0,3409.8782792403126,1704.9391396201563,0.00027178587303195616,0.0,0.0,0.0,0.0,3.0,7201.240677383208,2400.413559127736,0.0005739781083481592,9.0,7706.115450566951,856.2350500629946,0.000614219377908117,25.0,26947.514502279697,1077.900580091188,0.0021478636934439467
ML201800000349,0.0,0.0,0.0,0.0,0.0,0.0,0.0,0.0,24.0,7076.651159413497,294.86046497556237,0.0005640476451060523,1.0,654.3361809906748,654.3361809906748,5.2154157903420844e-05,7.0,3430.717322764803,490.10247468068616,0.00027344685831460493,2.0,1225.2710259036248,612.6355129518124,9.766077502043984e-05,0.0,0.0,0.0,0.0,0.0,0.0,0.0,0.0,5.0,2502.7096557463874,500.5419311492775,0.00019947959224048058,6.0,1597.6037362319253,266.26728937198754,0.00012733772019206497,45.0,16487.289081050913,366.3842018011314,0.0013141267487770635
ML201800000350,0.0,0.0,0.0,0.0,0.0,0.0,0.0,0.0,18.0,5604.388383204647,311.35491017803594,0.0004467002821809649,1.0,654.3361809906748,654.3361809906748,5.2154157903420275e-05,7.0,3430.717322764803,490.10247468068616,0.00027344685831460195,2.0,1225.2710259036248,612.6355129518124,9.766077502043877e-05,0.0,0.0,0.0,0.0,1.0,226.95052877322158,226.95052877322158,1.808919338066071e-05,6.0,3095.9589887944485,515.9931647990747,0.000246764795612609,0.0,0.0,0.0,0.0,35.0,14237.62243043142,406.7892122980406,0.0011348160624126958
ML201800000351,0.0,0.0,0.0,0.0,0.0,0.0,0.0,0.0,0.0,0.0,0.0,0.0,1.0,654.3361809906748,654.3361809906748,5.215415790342279e-05,7.0,3430.717322764803,490.10247468068616,0.0002734468583146151,2.0,7748.598063691191,3874.2990318455954,0.0006176054735840226,1.0,25.379600194341783,25.379600194341783,2.0228923824102353e-06,1.0,226.95052877322158,226.95052877322158,1.8089193380661584e-05,10.0,5321.832558184495,532.1832558184494,0.0004241790437981086,2.0,295.7025761327856,147.8512880663928,2.356910605910387e-05,24.0,17703.51683073151,737.646534613813,0.0014110667254223447
ML201800000352,4.0,3000.5041071660316,750.1260267915079,0.00023915652158814553,0.0,0.0,0.0,0.0,1.0,160.19713195499355,160.19713195499355,1.2768584037346702e-05,0.0,0.0,0.0,0.0,0.0,0.0,0.0,0.0,9.0,8627.920279265529,958.657808807281,0.00068769224398025,22.0,21424.942606633733,973.8610275742606,0.0017076846309894585,0.0,0.0,0.0,0.0,14.0,6625.035917999988,473.2168512857134,0.000528051450341751,19.0,3217.7307974106307,169.35425249529635,0.0002564706720707028,69.0,43056.33084043091,624.0047947888537,0.0034318241030076545
ML201800000353,13.0,8206.138135319885,631.2413950246065,0.0006540739095900079,0.0,0.0,0.0,0.0,1.0,481.5867394113566,481.5867394113566,3.838508641448936e-05,0.0,0.0,0.0,0.0,0.0,0.0,0.0,0.0,8.0,1720.7049841727928,215.0881230215991,0.0001371495602060127,17.0,24309.921005955668,1429.99535329151,0.0019376331243746317,0.0,0.0,0.0,0.0,10.0,5198.266844759246,519.8266844759246,0.00041433018335503035,16.0,3892.425775956729,243.27661099729556,0.0003102475370370663,65.0,43809.043485575676,673.9852843934719,0.003491819400977238
ML201800000354,5.0,5783.181232206405,1156.636246441281,0.00046095104616092645,0.0,0.0,0.0,0.0,2.0,641.7838713663501,320.89193568317506,5.1153670451835864e-05,0.0,0.0,0.0,0.0,2.0,750.454587577671,375.2272937888355,5.981531848141947e-05,8.0,1720.7049841727928,215.0881230215991,0.0001371495602060117,9.0,23321.919431664955,2591.3243812961064,0.0018588840170940567,0.0,0.0,0.0,0.0,7.0,3981.941233823109,568.8487476890156,0.0003173824066346643,132.0,13182.204306628573,99.86518414112555,0.001050693488906841,165.0,49382.18964743985,299.28599786327186,0.003936029507935755
ML201800000355,7.0,6316.801720367548,902.4002457667926,0.0005034835057873079,0.0,0.0,0.0,0.0,2.0,641.7838713663501,320.89193568317506,5.115367045183732e-05,0.0,0.0,0.0,0.0,0.0,0.0,0.0,0.0,8.0,1720.7049841727928,215.0881230215991,0.00013714956020601557,10.0,23441.5160128211,2344.15160128211,0.001868416516074807,0.0,0.0,0.0,0.0,16.0,8165.838416064666,510.3649010040416,0.000650861802446079,17.0,2990.9249360199524,175.93676094235013,0.0002383930094684663,60.0,43277.56994081241,721.2928323468735,0.003449458064434513
ML201800000356,0.0,0.0,0.0,0.0,0.0,0.0,0.0,0.0,0.0,0.0,0.0,0.0,0.0,0.0,0.0,0.0,0.0,0.0,0.0,0.0,0.0,0.0,0.0,0.0,88.0,5195.406552924389,59.03871082868624,0.0004141022025153129,0.0,0.0,0.0,0.0,4.0,2397.601488223898,599.4003720559745,0.00019110189874720236,12.0,428.43422792555583,35.702852327129655,3.41485417184641e-05,104.0,8021.442269073843,77.12925258724849,0.0006393526429809794
ML201800000357,0.0,0.0,0.0,0.0,0.0,0.0,0.0,0.0,24.0,7076.651159413497,294.86046497556237,0.0005640476451060584,0.0,0.0,0.0,0.0,7.0,3430.717322764803,490.10247468068616,0.00027344685831460797,2.0,1225.2710259036248,612.6355129518124,9.766077502044091e-05,2.0,480.5700842979107,240.28504214895534,3.8304053464057134e-05,0.0,0.0,0.0,0.0,7.0,3165.366143399232,452.19516334274743,0.00025229692390697913,1.0,226.0584633903025,226.0584633903025,1.8018090910413325e-05,43.0,15604.63419916937,362.89846974812485,0.001243774346722557
ML201800000358,0.0,0.0,0.0,0.0,0.0,0.0,0.0,0.0,1.0,326.2709218315225,326.2709218315225,2.6005569722175936e-05,0.0,0.0,0.0,0.0,0.0,0.0,0.0,0.0,0.0,0.0,0.0,0.0,2.0,262.9092523766356,131.4546261883178,2.0955299525025532e-05,0.0,0.0,0.0,0.0,5.0,3633.252157611608,726.6504315223216,0.0002895899878929579,3.0,423.35410507117456,141.11803502372484,3.3743628254689726e-05,11.0,4645.78643689094,422.34422153554004,0.0003702944853948491
ML201800000359,0.0,0.0,0.0,0.0,0.0,0.0,0.0,0.0,1.0,535.7333670995447,535.7333670995447,4.270086758696131e-05,0.0,0.0,0.0,0.0,0.0,0.0,0.0,0.0,0.0,0.0,0.0,0.0,27.0,2852.9677826077996,105.6654734299185,0.0002273970728658499,0.0,0.0,0.0,0.0,4.0,2162.8982183740677,540.7245545935169,0.00017239476967225117,6.0,1001.5944834907568,166.93241391512615,7.9832536186649e-05,38.0,6553.193851572169,172.45246977821498,0.0005223252463117114
ML201800000360,2.0,819.2929901403112,409.6464950701556,6.530211413993701e-05,0.0,0.0,0.0,0.0,2.0,1706.1202537630459,853.0601268815229,0.0001359870777468903,0.0,0.0,0.0,0.0,0.0,0.0,0.0,0.0,0.0,0.0,0.0,0.0,48.0,8119.374528175359,169.1536360036533,0.0006471583774847151,0.0,0.0,0.0,0.0,6.0,4618.140992424843,769.6901654041404,0.00036809099288155975,7.0,2252.080243612039,321.7257490874341,0.00017950306287310504,65.0,17515.009008115598,269.46167704793226,0.0013960416251262073
ML201800000361,4.0,25523.062408102356,6380.765602025589,0.002034327102309526,0.0,0.0,0.0,0.0,3.0,2289.997847010991,763.3326156703303,0.00018252530240752134,0.0,0.0,0.0,0.0,0.0,0.0,0.0,0.0,1.0,1469.629873365122,1469.629873365122,0.00011713750622657626,40.0,8266.99991388863,206.67499784721576,0.0006589249248661992,0.0,0.0,0.0,0.0,14.0,9661.160689465178,690.0829063903699,0.0007700471329062456,108.0,16189.956353194368,149.90700327031823,0.001290427710745874,170.0,63400.80708502665,372.9459240295685,0.0050533896794619435
ML201800000362,1.0,502.8554778165159,502.8554778165159,4.008032071974985e-05,0.0,0.0,0.0,0.0,37.0,30714.710463404925,830.1273098217547,0.0024481297320911736,0.0,0.0,0.0,0.0,15.0,3870.743613168153,258.0495742112102,0.0003085193505564462,0.0,0.0,0.0,0.0,28.0,4525.666866754306,161.6309595269395,0.00036072030134360884,0.0,0.0,0.0,0.0,6.0,3102.277911033141,517.0463185055236,0.00024726844813525875,1.0,310.1921417849974,310.1921417849974,2.4724003368668238e-05,88.0,43026.44647396203,488.93689174956853,0.0034294421562149047
ML201800000363,1.0,502.8554778165159,502.8554778165159,4.0080320719751364e-05,0.0,0.0,0.0,0.0,20.0,13418.916222810323,670.9458111405162,0.0010695607180358881,0.0,0.0,0.0,0.0,15.0,3870.743613168153,258.0495742112102,0.0003085193505564579,0.0,0.0,0.0,0.0,21.0,3942.385206599788,187.7326288857042,0.0003142295757966843,0.0,0.0,0.0,0.0,8.0,3883.678701356806,485.45983766960074,0.0003095503475446793,11.0,1552.6672569351867,141.1515688122897,0.00012375603801561083,76.0,27171.246478686775,357.5164010353523,0.002165696350669072
ML201800000364,1.0,316.4375123237953,316.4375123237953,2.5221793420186794e-05,0.0,0.0,0.0,0.0,3.0,2241.8536208625906,747.2845402875301,0.00017868794533385066,0.0,0.0,0.0,0.0,0.0,0.0,0.0,0.0,0.0,0.0,0.0,0.0,33.0,5987.416997503894,181.4368787122392,0.00047722974916145067,0.0,0.0,0.0,0.0,6.0,2626.955598800627,437.8259331334378,0.00020938267069030484,4.0,1588.8114371528334,397.20285928820834,0.0001266369260623387,47.0,12761.47516664374,271.52074822646256,0.0010171590846681318
ML201800000365,3.0,1497.176422944902,499.0588076483007,0.00011933311627874007,0.0,0.0,0.0,0.0,22.0,8729.461102059773,396.7936864572624,0.0006957856006667651,0.0,0.0,0.0,0.0,0.0,0.0,0.0,0.0,0.0,0.0,0.0,0.0,67.0,12205.444312701653,182.1708106373381,0.0009728403968160235,0.0,0.0,0.0,0.0,11.0,9417.371069770095,856.1246427063724,0.0007506157722537653,14.0,8349.13815841536,596.3670113153829,0.0006654717903757106,117.0,40198.591065891786,343.57770141787853,0.0032040466763910047
ML201800000366,1.0,648.9053657861974,648.9053657861974,5.1721292349068444e-05,0.0,0.0,0.0,0.0,10.0,5404.5034035800745,540.4503403580075,0.00043076836049803886,0.0,0.0,0.0,0.0,0.0,0.0,0.0,0.0,0.0,0.0,0.0,0.0,18.0,2640.809462312977,146.7116367951654,0.00021048689907655712,0.0,0.0,0.0,0.0,14.0,8551.442741839212,610.8173387028008,0.0006815965676614737,58.0,12702.224241909913,219.0038662398261,0.0010124364632172088,101.0,29947.885215428374,296.5137150042413,0.002387009582802347
ML201800000367,5.0,4050.810036732719,810.1620073465438,0.00032287162536641986,0.0,0.0,0.0,0.0,38.0,34573.879940488056,909.8389458023172,0.002755726560955342,0.0,0.0,0.0,0.0,15.0,3870.743613168153,258.0495742112102,0.00030851935055644075,0.0,0.0,0.0,0.0,13.0,1804.862233901706,138.8355564539774,0.0001438573514279958,0.0,0.0,0.0,0.0,8.0,4862.413943392765,607.8017429240956,0.00038756087766925635,20.0,5798.139262304744,289.9069631152372,0.00046214328263863476,99.0,54960.849029988145,555.1600912120015,0.0043806790486140895
ML201800000368,3.0,520.6677097649163,173.5559032549721,4.1500052632240016e-05,0.0,0.0,0.0,0.0,0.0,0.0,0.0,0.0,0.0,0.0,0.0,0.0,2.0,4324.5926755576875,2162.2963377788437,0.0003446935930205381,1.0,746.6627955295774,746.6627955295774,5.951309200066101e-05,49.0,7554.183364126933,154.1670074311619,0.0006021095630193888,0.0,0.0,0.0,0.0,6.0,1886.9022219404787,314.48370365674646,0.0001503963853602065,18.0,2001.2960386618633,111.1831132589924,0.00015951419567512642,79.0,17034.304805581458,215.62411146305644,0.001357726881708161
ML201800000369,0.0,0.0,0.0,0.0,0.0,0.0,0.0,0.0,2.0,789.5938792903208,394.7969396451604,6.293493322917634e-05,0.0,0.0,0.0,0.0,0.0,0.0,0.0,0.0,0.0,0.0,0.0,0.0,25.0,4885.439719301605,195.4175887720642,0.0003893961574344508,1.0,19189.28939353385,19189.28939353385,0.0015294908919289527,8.0,3139.2474617148746,392.4059327143593,0.00025021512270391385,23.0,3926.045393338595,170.69762579733023,0.00031292720367406823,59.0,31929.615847179244,541.1799296132075,0.0025449643089705616
ML201800000370,2.0,221.15198951480954,110.57599475740477,1.7627018216153774e-05,0.0,0.0,0.0,0.0,1.0,560.6634544301307,560.6634544301307,4.4687931345559106e-05,0.0,0.0,0.0,0.0,0.0,0.0,0.0,0.0,0.0,0.0,0.0,0.0,68.0,12584.53639892921,185.06671174895897,0.0010030561010662786,1.0,19189.28939353385,19189.28939353385,0.001529490891928949,6.0,2379.5353810852116,396.5892301808686,0.00018966193159913956,137.0,25065.144766260913,182.9572610675979,0.00199782857190089,215.0,60000.321383754126,279.0712622500192,0.00478235244605697
ML201800000371,4.0,23765.868464958865,5941.467116239716,0.0018942691733121054,0.0,0.0,0.0,0.0,2.0,2198.697238876361,1099.3486194381805,0.0001752481466095307,0.0,0.0,0.0,0.0,0.0,0.0,0.0,0.0,3.0,1700.838536710737,566.9461789035789,0.00013556609612742782,38.0,7471.543920310958,196.61957685028838,0.0005955227491964083,0.0,0.0,0.0,0.0,10.0,6729.743392457598,672.9743392457598,0.0005363972064151253,145.0,24809.663091083705,171.10112476609453,0.0019774652907379175,202.0,66676.35464439822,330.0809635861298,0.005314468662398515
ML201800000372,3.0,24627.23438451077,8209.078128170257,0.001962924729104441,0.0,0.0,0.0,0.0,2.0,2198.697238876361,1099.3486194381805,0.00017524814660953248,0.0,0.0,0.0,0.0,0.0,0.0,0.0,0.0,1.0,1469.629873365122,1469.629873365122,0.00011713750622657798,30.0,6533.33928437888,217.77797614596267,0.0005207427291552769,0.0,0.0,0.0,0.0,13.0,9110.796185815992,700.8304758319994,0.0007261800840380437,148.0,24354.92105660604,164.56027740950026,0.001941219873534255,197.0,68294.61802355316,346.67318793681807,0.005443453068668127
ML201800000373,4.0,25523.062408102356,6380.765602025589,0.0020343271023095313,0.0,0.0,0.0,0.0,3.0,2530.3378390240314,843.4459463413438,0.000201681708943039,0.0,0.0,0.0,0.0,0.0,0.0,0.0,0.0,1.0,1469.629873365122,1469.629873365122,0.00011713750622657658,37.0,6406.358332449277,173.14481979592642,0.0005106216556000279,0.0,0.0,0.0,0.0,8.0,4975.260828256418,621.9076035320522,0.00039655538908873116,66.0,11011.903329623752,166.84702014581444,0.0008777086790476467,119.0,51916.55261082096,436.27355135143665,0.004138032041215553
ML201800000374,0.0,0.0,0.0,0.0,0.0,0.0,0.0,0.0,1.0,535.7333670995447,535.7333670995447,4.270086758696265e-05,0.0,0.0,0.0,0.0,0.0,0.0,0.0,0.0,0.0,0.0,0.0,0.0,17.0,1542.987444742707,90.7639673378063,0.0001229845042563155,0.0,0.0,0.0,0.0,4.0,2941.3570295872405,735.3392573968101,0.00023444217732110955,4.0,696.5714023252083,174.14285058130207,5.552053510608913e-05,26.0,5716.649243754701,219.8711247597962,0.00045564808427047684
ML201800000375,2.0,991.9802426430156,495.9901213215078,7.90662288207108e-05,0.0,0.0,0.0,0.0,1.0,91.30060813462971,91.30060813462971,7.277155797991548e-06,0.0,0.0,0.0,0.0,0.0,0.0,0.0,0.0,0.0,0.0,0.0,0.0,36.0,5575.228735894214,154.8674648859504,0.00044437609945286935,0.0,0.0,0.0,0.0,4.0,3387.476163407591,846.8690408518977,0.0002700003023720242,79.0,12344.171560197869,156.25533620503631,0.0009838977141119851,122.0,22390.157310277318,183.52587959243704,0.001784617500555581
ML201800000376,0.0,0.0,0.0,0.0,0.0,0.0,0.0,0.0,1.0,91.30060813462971,91.30060813462971,7.2771557979915216e-06,0.0,0.0,0.0,0.0,0.0,0.0,0.0,0.0,3.0,2323.2106847840346,774.4035615946782,0.00018517254649391012,25.0,4430.244850307145,177.20979401228578,0.0003531146468531184,0.0,0.0,0.0,0.0,13.0,5474.223572058065,421.09412092754343,0.0004363254377031294,71.0,10444.015897731691,147.09881546100974,0.0008324449573481699,113.0,22762.995613015562,201.44243905323506,0.001814334744196319
ML201800000377,0.0,0.0,0.0,0.0,0.0,0.0,0.0,0.0,2.0,789.5938792903208,394.7969396451604,6.293493322917599e-05,0.0,0.0,0.0,0.0,0.0,0.0,0.0,0.0,0.0,0.0,0.0,0.0,26.0,4841.943390174832,186.2285919298012,0.00038592926307127535,1.0,19189.28939353385,19189.28939353385,0.0015294908919289442,10.0,3947.3108988238214,394.73108988238215,0.0003146221802979991,57.0,8883.990673148277,155.85948549382942,0.0007081024492309067,96.0,37652.1282349711,392.20966911428224,0.0030010797177583005
ML201800000378,0.0,0.0,0.0,0.0,0.0,0.0,0.0,0.0,3.0,3662.1631220662957,1220.7210406887652,0.0002918943492428617,0.0,0.0,0.0,0.0,0.0,0.0,0.0,0.0,2.0,2192.3271333286875,1096.1635666643438,0.00017474041449835266,56.0,9895.450551874685,176.70447414061937,0.0007887213111563,1.0,19189.28939353385,19189.28939353385,0.0015294908919289568,13.0,4773.728689932788,367.2098992255991,0.0003804921798851223,24.0,3944.140305144509,164.3391793810212,0.0003143694667110072,99.0,43657.099195880815,440.9807999583921,0.0034797086134226007
ML201800000379,0.0,0.0,0.0,0.0,0.0,0.0,0.0,0.0,0.0,0.0,0.0,0.0,0.0,0.0,0.0,0.0,0.0,0.0,0.0,0.0,0.0,0.0,0.0,0.0,7.0,1748.9489423675086,249.8498489096441,0.0001394007575236877,0.0,0.0,0.0,0.0,3.0,1006.0153099593233,335.33843665310775,8.018490013717537e-05,7.0,295.8109558851043,42.258707983586326,2.3577744515725656e-05,17.0,3050.7752082119364,179.45736518893744,0.00024316340217658876
