DHSID,landmark_pois_count,other_pois_count,education_pois_count,food_pois_count,retail_pois_count,services_pois_count,health_pois_count,lodging_pois_count,entertainment_pois_count,all_pois_count
LB201900000001,0.0,0.0,0.0,0.0,0.0,0.0,0.0,0.0,0.0,0.0
LB201900000003,2.0,0.0,2.0,0.0,0.0,0.0,0.0,0.0,3.0,7.0
LB201900000004,0.0,0.0,6.0,0.0,0.0,0.0,0.0,0.0,0.0,6.0
LB201900000005,0.0,0.0,0.0,0.0,0.0,0.0,0.0,0.0,0.0,0.0
LB201900000006,7.0,0.0,0.0,5.0,3.0,8.0,4.0,3.0,14.0,44.0
LB201900000007,0.0,0.0,0.0,0.0,0.0,1.0,1.0,0.0,0.0,2.0
LB201900000008,0.0,0.0,0.0,0.0,0.0,0.0,0.0,0.0,0.0,0.0
LB201900000009,0.0,0.0,0.0,0.0,0.0,1.0,0.0,0.0,0.0,1.0
LB201900000010,0.0,0.0,0.0,0.0,1.0,0.0,0.0,1.0,1.0,3.0
LB201900000011,0.0,0.0,3.0,3.0,2.0,14.0,1.0,0.0,0.0,23.0
LB201900000012,0.0,0.0,0.0,0.0,0.0,0.0,0.0,0.0,0.0,0.0
LB201900000013,0.0,0.0,0.0,0.0,0.0,0.0,0.0,0.0,0.0,0.0
LB201900000014,0.0,0.0,0.0,0.0,0.0,0.0,0.0,0.0,0.0,0.0
LB201900000015,0.0,0.0,0.0,0.0,0.0,0.0,0.0,0.0,0.0,0.0
LB201900000016,0.0,0.0,0.0,0.0,0.0,0.0,0.0,0.0,0.0,0.0
LB201900000017,0.0,0.0,3.0,0.0,1.0,9.0,0.0,0.0,0.0,13.0
LB201900000018,0.0,0.0,0.0,0.0,0.0,0.0,2.0,0.0,1.0,3.0
LB201900000019,1.0,0.0,5.0,5.0,1.0,3.0,2.0,4.0,4.0,25.0
LB201900000020,0.0,0.0,0.0,0.0,0.0,0.0,0.0,0.0,0.0,0.0
LB201900000021,0.0,0.0,0.0,0.0,0.0,0.0,0.0,0.0,0.0,0.0
LB201900000022,0.0,0.0,0.0,0.0,0.0,0.0,0.0,0.0,0.0,0.0
LB201900000023,0.0,0.0,0.0,0.0,0.0,0.0,0.0,0.0,1.0,1.0
LB201900000024,0.0,0.0,0.0,0.0,0.0,0.0,0.0,0.0,0.0,0.0
LB201900000025,0.0,0.0,1.0,0.0,0.0,0.0,0.0,0.0,0.0,1.0
LB201900000026,0.0,0.0,7.0,0.0,0.0,4.0,2.0,0.0,5.0,18.0
LB201900000027,0.0,0.0,0.0,0.0,0.0,0.0,0.0,0.0,0.0,0.0
LB201900000028,0.0,0.0,3.0,3.0,2.0,14.0,1.0,0.0,0.0,23.0
LB201900000029,0.0,0.0,6.0,0.0,1.0,2.0,0.0,0.0,0.0,9.0
LB201900000030,0.0,0.0,1.0,0.0,1.0,0.0,2.0,0.0,6.0,10.0
LB201900000031,0.0,0.0,0.0,0.0,0.0,0.0,0.0,0.0,0.0,0.0
LB201900000032,0.0,0.0,0.0,0.0,0.0,2.0,0.0,0.0,1.0,3.0
LB201900000033,0.0,0.0,5.0,0.0,0.0,3.0,0.0,0.0,0.0,8.0
LB201900000034,6.0,26.0,9.0,36.0,120.0,38.0,9.0,0.0,14.0,258.0
LB201900000035,0.0,0.0,0.0,0.0,0.0,1.0,0.0,0.0,0.0,1.0
LB201900000036,0.0,0.0,0.0,0.0,0.0,0.0,0.0,0.0,0.0,0.0
LB201900000037,0.0,0.0,0.0,0.0,0.0,0.0,0.0,0.0,0.0,0.0
LB201900000038,0.0,0.0,2.0,0.0,0.0,1.0,0.0,0.0,1.0,4.0
LB201900000039,0.0,0.0,0.0,0.0,0.0,0.0,0.0,0.0,0.0,0.0
LB201900000040,0.0,0.0,7.0,0.0,0.0,5.0,0.0,0.0,2.0,14.0
LB201900000041,0.0,0.0,0.0,0.0,0.0,0.0,0.0,0.0,0.0,0.0
LB201900000042,0.0,0.0,3.0,0.0,1.0,0.0,2.0,0.0,6.0,12.0
LB201900000043,0.0,0.0,0.0,0.0,0.0,1.0,0.0,0.0,0.0,1.0
LB201900000044,0.0,0.0,0.0,0.0,0.0,0.0,0.0,0.0,0.0,0.0
LB201900000045,0.0,0.0,0.0,0.0,0.0,0.0,0.0,0.0,0.0,0.0
LB201900000046,3.0,0.0,2.0,0.0,0.0,1.0,2.0,0.0,0.0,8.0
LB201900000047,0.0,0.0,0.0,0.0,0.0,0.0,0.0,0.0,1.0,1.0
LB201900000048,0.0,0.0,2.0,0.0,0.0,0.0,0.0,0.0,2.0,4.0
LB201900000049,0.0,0.0,6.0,0.0,1.0,2.0,0.0,0.0,0.0,9.0
LB201900000050,0.0,0.0,0.0,0.0,0.0,0.0,0.0,0.0,0.0,0.0
LB201900000051,0.0,0.0,0.0,0.0,0.0,0.0,0.0,0.0,0.0,0.0
LB201900000052,0.0,0.0,0.0,0.0,0.0,0.0,0.0,0.0,0.0,0.0
LB201900000053,2.0,0.0,2.0,3.0,7.0,3.0,3.0,0.0,0.0,20.0
LB201900000054,0.0,0.0,0.0,0.0,0.0,0.0,0.0,0.0,0.0,0.0
LB201900000055,11.0,0.0,43.0,125.0,412.0,1807.0,31.0,26.0,21.0,2476.0
LB201900000056,0.0,0.0,0.0,0.0,0.0,0.0,0.0,0.0,0.0,0.0
LB201900000057,0.0,0.0,0.0,0.0,0.0,0.0,0.0,0.0,0.0,0.0
LB201900000058,0.0,0.0,1.0,0.0,0.0,3.0,0.0,0.0,1.0,5.0
LB201900000059,0.0,0.0,0.0,0.0,0.0,0.0,2.0,0.0,0.0,2.0
LB201900000060,1.0,0.0,2.0,0.0,0.0,0.0,3.0,0.0,2.0,8.0
LB201900000061,0.0,0.0,1.0,0.0,1.0,0.0,1.0,0.0,4.0,7.0
LB201900000062,0.0,0.0,0.0,0.0,1.0,1.0,0.0,0.0,0.0,2.0
LB201900000063,0.0,0.0,0.0,0.0,0.0,0.0,0.0,0.0,0.0,0.0
LB201900000064,0.0,0.0,0.0,0.0,0.0,0.0,0.0,0.0,0.0,0.0
LB201900000065,0.0,0.0,0.0,0.0,0.0,0.0,0.0,0.0,0.0,0.0
LB201900000066,0.0,0.0,0.0,0.0,0.0,2.0,0.0,0.0,1.0,3.0
LB201900000067,0.0,0.0,1.0,0.0,0.0,0.0,0.0,0.0,3.0,4.0
LB201900000068,0.0,0.0,0.0,0.0,0.0,0.0,0.0,0.0,0.0,0.0
LB201900000069,0.0,0.0,0.0,0.0,0.0,0.0,0.0,0.0,0.0,0.0
LB201900000070,0.0,0.0,0.0,0.0,0.0,0.0,0.0,0.0,0.0,0.0
LB201900000071,0.0,0.0,2.0,1.0,3.0,0.0,3.0,0.0,1.0,10.0
LB201900000072,0.0,67.0,2.0,54.0,208.0,75.0,17.0,0.0,5.0,428.0
LB201900000073,0.0,0.0,0.0,0.0,0.0,0.0,0.0,0.0,0.0,0.0
LB201900000074,0.0,0.0,3.0,0.0,1.0,2.0,0.0,0.0,5.0,11.0
LB201900000075,0.0,0.0,3.0,0.0,0.0,0.0,0.0,0.0,5.0,8.0
LB201900000076,0.0,0.0,0.0,0.0,0.0,0.0,0.0,0.0,0.0,0.0
LB201900000077,1.0,0.0,12.0,11.0,32.0,63.0,4.0,7.0,4.0,134.0
LB201900000078,0.0,0.0,0.0,0.0,0.0,0.0,0.0,0.0,1.0,1.0
LB201900000079,2.0,0.0,31.0,22.0,104.0,158.0,17.0,6.0,20.0,360.0
LB201900000080,1.0,0.0,1.0,4.0,4.0,4.0,3.0,1.0,4.0,22.0
LB201900000081,0.0,0.0,7.0,0.0,0.0,0.0,0.0,0.0,5.0,12.0
LB201900000082,0.0,0.0,0.0,0.0,0.0,0.0,0.0,0.0,2.0,2.0
LB201900000083,0.0,0.0,0.0,0.0,0.0,0.0,0.0,0.0,0.0,0.0
LB201900000084,3.0,0.0,4.0,0.0,0.0,5.0,0.0,0.0,0.0,12.0
LB201900000085,0.0,0.0,2.0,0.0,0.0,2.0,0.0,0.0,0.0,4.0
LB201900000086,0.0,0.0,0.0,0.0,0.0,2.0,0.0,0.0,2.0,4.0
LB201900000087,1.0,0.0,12.0,11.0,32.0,62.0,4.0,7.0,4.0,133.0
LB201900000088,0.0,0.0,0.0,0.0,0.0,0.0,0.0,0.0,4.0,4.0
LB201900000089,0.0,0.0,0.0,0.0,2.0,0.0,0.0,0.0,3.0,5.0
LB201900000090,0.0,0.0,0.0,0.0,0.0,0.0,0.0,0.0,2.0,2.0
LB201900000091,2.0,0.0,4.0,0.0,0.0,1.0,0.0,0.0,2.0,9.0
LB201900000092,0.0,0.0,0.0,0.0,0.0,0.0,0.0,0.0,0.0,0.0
LB201900000093,0.0,0.0,0.0,0.0,0.0,0.0,0.0,0.0,0.0,0.0
LB201900000094,0.0,0.0,4.0,0.0,0.0,0.0,0.0,0.0,2.0,6.0
LB201900000095,0.0,0.0,0.0,0.0,0.0,0.0,0.0,0.0,0.0,0.0
LB201900000096,11.0,0.0,99.0,250.0,643.0,6554.0,59.0,24.0,17.0,7657.0
LB201900000097,0.0,0.0,0.0,0.0,0.0,0.0,0.0,0.0,0.0,0.0
LB201900000098,0.0,0.0,4.0,0.0,0.0,0.0,0.0,0.0,2.0,6.0
LB201900000099,0.0,0.0,0.0,0.0,0.0,0.0,0.0,0.0,0.0,0.0
LB201900000100,2.0,0.0,4.0,1.0,0.0,0.0,1.0,1.0,0.0,9.0
LB201900000101,1.0,0.0,4.0,8.0,2.0,6.0,3.0,5.0,9.0,38.0
LB201900000102,0.0,0.0,0.0,0.0,0.0,0.0,0.0,0.0,0.0,0.0
LB201900000103,0.0,0.0,0.0,0.0,0.0,0.0,0.0,0.0,0.0,0.0
LB201900000104,0.0,0.0,0.0,0.0,0.0,0.0,0.0,0.0,1.0,1.0
LB201900000105,1.0,0.0,0.0,0.0,0.0,2.0,2.0,0.0,1.0,6.0
LB201900000106,0.0,0.0,0.0,0.0,0.0,0.0,0.0,0.0,0.0,0.0
LB201900000107,0.0,0.0,0.0,0.0,0.0,0.0,0.0,0.0,0.0,0.0
LB201900000108,0.0,0.0,1.0,0.0,2.0,1.0,0.0,0.0,1.0,5.0
LB201900000109,0.0,0.0,0.0,0.0,0.0,0.0,0.0,0.0,0.0,0.0
LB201900000110,0.0,0.0,0.0,0.0,0.0,0.0,0.0,0.0,0.0,0.0
LB201900000111,0.0,0.0,1.0,0.0,1.0,0.0,0.0,0.0,1.0,3.0
LB201900000112,3.0,0.0,21.0,22.0,113.0,1033.0,7.0,16.0,11.0,1226.0
LB201900000113,0.0,0.0,0.0,0.0,0.0,0.0,0.0,0.0,0.0,0.0
LB201900000114,0.0,0.0,0.0,0.0,0.0,0.0,0.0,0.0,0.0,0.0
LB201900000115,0.0,0.0,0.0,0.0,0.0,0.0,0.0,0.0,0.0,0.0
LB201900000116,0.0,0.0,0.0,0.0,0.0,0.0,0.0,0.0,0.0,0.0
LB201900000117,2.0,0.0,27.0,13.0,99.0,160.0,15.0,4.0,13.0,333.0
LB201900000118,0.0,0.0,0.0,0.0,0.0,1.0,1.0,0.0,2.0,4.0
LB201900000119,1.0,0.0,1.0,1.0,0.0,6.0,2.0,0.0,2.0,13.0
LB201900000120,0.0,0.0,0.0,0.0,0.0,0.0,0.0,0.0,0.0,0.0
LB201900000121,0.0,0.0,0.0,0.0,0.0,0.0,0.0,0.0,0.0,0.0
LB201900000122,0.0,0.0,0.0,0.0,0.0,0.0,0.0,0.0,0.0,0.0
LB201900000123,0.0,0.0,0.0,0.0,0.0,0.0,0.0,0.0,0.0,0.0
LB201900000124,0.0,0.0,0.0,0.0,0.0,0.0,0.0,0.0,0.0,0.0
LB201900000125,0.0,0.0,1.0,0.0,0.0,0.0,0.0,0.0,1.0,2.0
LB201900000126,0.0,0.0,0.0,0.0,0.0,0.0,0.0,0.0,0.0,0.0
LB201900000127,0.0,0.0,0.0,0.0,0.0,0.0,0.0,0.0,1.0,1.0
LB201900000128,0.0,0.0,0.0,0.0,0.0,0.0,0.0,0.0,0.0,0.0
LB201900000129,0.0,0.0,0.0,0.0,0.0,0.0,2.0,0.0,0.0,2.0
LB201900000130,2.0,80.0,2.0,76.0,261.0,85.0,20.0,0.0,6.0,532.0
LB201900000131,0.0,0.0,3.0,0.0,0.0,0.0,0.0,0.0,0.0,3.0
LB201900000132,2.0,0.0,4.0,1.0,0.0,0.0,1.0,1.0,0.0,9.0
LB201900000133,0.0,0.0,0.0,0.0,0.0,0.0,0.0,0.0,0.0,0.0
LB201900000134,0.0,0.0,0.0,0.0,0.0,0.0,0.0,0.0,0.0,0.0
LB201900000135,0.0,0.0,0.0,0.0,0.0,0.0,0.0,0.0,0.0,0.0
LB201900000136,0.0,0.0,0.0,0.0,0.0,0.0,0.0,0.0,0.0,0.0
LB201900000137,0.0,0.0,0.0,2.0,1.0,2.0,0.0,2.0,1.0,8.0
LB201900000138,0.0,0.0,0.0,0.0,0.0,0.0,0.0,0.0,0.0,0.0
LB201900000139,3.0,0.0,5.0,14.0,2.0,7.0,2.0,2.0,14.0,49.0
LB201900000141,0.0,0.0,0.0,0.0,0.0,2.0,1.0,0.0,0.0,3.0
LB201900000142,3.0,0.0,26.0,24.0,71.0,55.0,14.0,9.0,27.0,229.0
LB201900000143,0.0,0.0,0.0,0.0,0.0,0.0,1.0,0.0,0.0,1.0
LB201900000144,0.0,0.0,1.0,0.0,0.0,0.0,0.0,0.0,0.0,1.0
LB201900000145,0.0,0.0,1.0,0.0,0.0,2.0,2.0,0.0,0.0,5.0
LB201900000146,0.0,0.0,0.0,0.0,0.0,0.0,0.0,0.0,0.0,0.0
LB201900000147,0.0,0.0,0.0,0.0,0.0,0.0,0.0,0.0,0.0,0.0
LB201900000148,0.0,0.0,0.0,0.0,0.0,2.0,0.0,0.0,1.0,3.0
LB201900000149,0.0,0.0,4.0,1.0,0.0,1.0,0.0,0.0,8.0,14.0
LB201900000150,0.0,0.0,0.0,0.0,0.0,0.0,0.0,0.0,0.0,0.0
LB201900000151,5.0,0.0,39.0,124.0,370.0,1368.0,27.0,22.0,16.0,1971.0
LB201900000152,1.0,0.0,4.0,4.0,1.0,4.0,1.0,4.0,7.0,26.0
LB201900000153,0.0,0.0,0.0,0.0,0.0,1.0,2.0,0.0,1.0,4.0
LB201900000154,0.0,0.0,0.0,0.0,0.0,0.0,0.0,0.0,0.0,0.0
LB201900000155,0.0,0.0,1.0,0.0,1.0,0.0,2.0,0.0,6.0,10.0
LB201900000156,0.0,0.0,0.0,0.0,0.0,1.0,0.0,0.0,2.0,3.0
LB201900000157,0.0,0.0,0.0,0.0,0.0,0.0,0.0,0.0,0.0,0.0
LB201900000158,0.0,0.0,0.0,0.0,0.0,1.0,0.0,0.0,0.0,1.0
LB201900000159,0.0,0.0,2.0,0.0,0.0,0.0,3.0,0.0,0.0,5.0
LB201900000160,0.0,0.0,0.0,0.0,0.0,0.0,0.0,0.0,0.0,0.0
LB201900000161,0.0,0.0,1.0,4.0,1.0,2.0,2.0,4.0,2.0,16.0
LB201900000162,3.0,0.0,5.0,14.0,3.0,7.0,2.0,2.0,14.0,50.0
LB201900000163,0.0,0.0,0.0,0.0,0.0,0.0,0.0,0.0,1.0,1.0
LB201900000164,0.0,0.0,0.0,0.0,0.0,0.0,0.0,0.0,0.0,0.0
LB201900000165,0.0,0.0,0.0,0.0,0.0,0.0,0.0,0.0,0.0,0.0
LB201900000166,0.0,0.0,0.0,0.0,0.0,0.0,0.0,0.0,0.0,0.0
LB201900000167,2.0,0.0,5.0,1.0,0.0,0.0,1.0,1.0,0.0,10.0
LB201900000168,4.0,0.0,1.0,3.0,7.0,5.0,3.0,0.0,2.0,25.0
LB201900000169,2.0,0.0,4.0,1.0,0.0,0.0,0.0,1.0,0.0,8.0
LB201900000170,0.0,0.0,1.0,0.0,0.0,0.0,0.0,0.0,1.0,2.0
LB201900000171,0.0,0.0,0.0,0.0,0.0,0.0,0.0,0.0,0.0,0.0
LB201900000172,3.0,0.0,26.0,23.0,71.0,60.0,14.0,9.0,25.0,231.0
LB201900000174,0.0,0.0,1.0,11.0,5.0,12.0,7.0,2.0,7.0,45.0
LB201900000175,0.0,0.0,2.0,0.0,0.0,4.0,0.0,0.0,2.0,8.0
LB201900000176,2.0,0.0,5.0,1.0,0.0,0.0,1.0,1.0,0.0,10.0
LB201900000177,0.0,0.0,1.0,0.0,0.0,0.0,0.0,0.0,0.0,1.0
LB201900000178,0.0,0.0,0.0,0.0,0.0,2.0,0.0,0.0,1.0,3.0
LB201900000179,3.0,0.0,0.0,0.0,0.0,0.0,0.0,1.0,0.0,4.0
LB201900000180,1.0,10.0,0.0,17.0,33.0,5.0,3.0,0.0,10.0,79.0
LB201900000181,3.0,0.0,3.0,0.0,0.0,0.0,0.0,0.0,2.0,8.0
LB201900000182,0.0,0.0,0.0,0.0,0.0,0.0,0.0,0.0,0.0,0.0
LB201900000183,0.0,0.0,5.0,1.0,9.0,108.0,0.0,0.0,2.0,125.0
LB201900000184,2.0,80.0,2.0,76.0,261.0,85.0,20.0,0.0,8.0,534.0
LB201900000185,0.0,0.0,0.0,0.0,0.0,0.0,0.0,0.0,0.0,0.0
LB201900000186,0.0,0.0,0.0,0.0,0.0,0.0,0.0,0.0,0.0,0.0
LB201900000187,0.0,0.0,0.0,0.0,0.0,0.0,0.0,0.0,0.0,0.0
LB201900000188,0.0,0.0,0.0,0.0,0.0,0.0,1.0,0.0,0.0,1.0
LB201900000189,0.0,0.0,0.0,0.0,0.0,0.0,0.0,0.0,0.0,0.0
LB201900000190,0.0,0.0,0.0,0.0,0.0,0.0,0.0,0.0,1.0,1.0
LB201900000191,0.0,0.0,0.0,0.0,0.0,0.0,0.0,0.0,0.0,0.0
LB201900000192,2.0,0.0,3.0,0.0,0.0,0.0,0.0,0.0,2.0,7.0
LB201900000193,0.0,0.0,5.0,0.0,0.0,2.0,2.0,0.0,5.0,14.0
LB201900000194,0.0,0.0,0.0,0.0,0.0,0.0,0.0,0.0,0.0,0.0
LB201900000195,9.0,0.0,37.0,123.0,354.0,1155.0,28.0,21.0,16.0,1743.0
LB201900000196,0.0,0.0,0.0,0.0,0.0,0.0,0.0,0.0,1.0,1.0
LB201900000197,0.0,0.0,0.0,0.0,0.0,0.0,0.0,0.0,0.0,0.0
LB201900000198,0.0,0.0,4.0,0.0,0.0,1.0,0.0,0.0,5.0,10.0
LB201900000199,0.0,0.0,6.0,0.0,0.0,0.0,0.0,0.0,3.0,9.0
LB201900000200,0.0,0.0,0.0,0.0,0.0,0.0,0.0,0.0,0.0,0.0
LB201900000201,0.0,0.0,0.0,0.0,0.0,0.0,1.0,0.0,1.0,2.0
LB201900000202,4.0,0.0,16.0,13.0,139.0,913.0,6.0,3.0,4.0,1098.0
LB201900000203,0.0,0.0,0.0,0.0,0.0,0.0,0.0,0.0,0.0,0.0
LB201900000204,0.0,0.0,0.0,0.0,0.0,0.0,0.0,0.0,6.0,6.0
LB201900000205,8.0,0.0,57.0,74.0,361.0,2926.0,31.0,8.0,14.0,3479.0
LB201900000206,2.0,0.0,3.0,2.0,2.0,5.0,1.0,0.0,2.0,17.0
LB201900000207,5.0,0.0,2.0,1.0,3.0,1.0,1.0,0.0,0.0,13.0
LB201900000208,0.0,0.0,0.0,0.0,0.0,0.0,0.0,0.0,0.0,0.0
LB201900000209,0.0,0.0,0.0,0.0,0.0,0.0,0.0,0.0,0.0,0.0
LB201900000210,1.0,0.0,2.0,0.0,0.0,0.0,0.0,0.0,1.0,4.0
LB201900000211,0.0,0.0,0.0,0.0,0.0,0.0,0.0,0.0,0.0,0.0
LB201900000212,0.0,0.0,2.0,0.0,0.0,0.0,0.0,0.0,7.0,9.0
LB201900000213,0.0,0.0,0.0,0.0,0.0,0.0,0.0,0.0,0.0,0.0
LB201900000214,0.0,0.0,0.0,0.0,0.0,0.0,0.0,0.0,0.0,0.0
LB201900000215,0.0,0.0,2.0,0.0,0.0,0.0,0.0,0.0,0.0,2.0
LB201900000216,0.0,0.0,0.0,0.0,0.0,0.0,0.0,0.0,0.0,0.0
LB201900000217,0.0,0.0,1.0,0.0,0.0,0.0,0.0,0.0,2.0,3.0
LB201900000218,0.0,0.0,0.0,0.0,0.0,0.0,0.0,0.0,0.0,0.0
LB201900000219,0.0,0.0,1.0,0.0,0.0,0.0,0.0,0.0,0.0,1.0
LB201900000220,1.0,0.0,6.0,0.0,5.0,9.0,1.0,0.0,4.0,26.0
LB201900000221,0.0,0.0,1.0,0.0,0.0,0.0,0.0,0.0,1.0,2.0
LB201900000222,0.0,0.0,0.0,0.0,0.0,0.0,0.0,0.0,0.0,0.0
LB201900000223,10.0,0.0,2.0,4.0,4.0,13.0,3.0,2.0,16.0,54.0
LB201900000224,1.0,80.0,2.0,76.0,261.0,85.0,20.0,0.0,5.0,530.0
LB201900000225,0.0,0.0,0.0,0.0,0.0,0.0,0.0,0.0,0.0,0.0
LB201900000226,0.0,0.0,0.0,0.0,0.0,0.0,1.0,0.0,1.0,2.0
LB201900000227,0.0,0.0,3.0,1.0,0.0,1.0,0.0,0.0,3.0,8.0
LB201900000228,6.0,0.0,2.0,4.0,9.0,3.0,2.0,0.0,2.0,28.0
LB201900000229,0.0,0.0,0.0,0.0,0.0,0.0,0.0,0.0,0.0,0.0
LB201900000230,1.0,0.0,2.0,0.0,0.0,0.0,0.0,0.0,0.0,3.0
LB201900000231,0.0,0.0,0.0,0.0,0.0,0.0,0.0,0.0,0.0,0.0
LB201900000232,0.0,0.0,0.0,0.0,0.0,0.0,0.0,0.0,0.0,0.0
LB201900000233,0.0,0.0,0.0,0.0,0.0,0.0,0.0,0.0,0.0,0.0
LB201900000234,0.0,0.0,0.0,0.0,0.0,0.0,0.0,0.0,0.0,0.0
LB201900000235,0.0,0.0,0.0,0.0,0.0,0.0,0.0,0.0,0.0,0.0
LB201900000236,0.0,0.0,0.0,0.0,0.0,0.0,0.0,0.0,0.0,0.0
LB201900000237,0.0,0.0,0.0,0.0,0.0,0.0,0.0,0.0,0.0,0.0
LB201900000238,0.0,0.0,0.0,0.0,0.0,0.0,0.0,0.0,0.0,0.0
LB201900000239,0.0,0.0,0.0,0.0,0.0,0.0,0.0,0.0,0.0,0.0
LB201900000240,3.0,0.0,1.0,0.0,0.0,0.0,0.0,1.0,1.0,6.0
LB201900000241,0.0,0.0,0.0,0.0,0.0,0.0,0.0,0.0,0.0,0.0
LB201900000242,0.0,0.0,0.0,0.0,0.0,0.0,0.0,0.0,0.0,0.0
LB201900000243,4.0,0.0,1.0,5.0,9.0,4.0,3.0,0.0,2.0,28.0
LB201900000244,0.0,0.0,0.0,0.0,0.0,0.0,0.0,0.0,0.0,0.0
LB201900000245,0.0,0.0,0.0,0.0,0.0,0.0,0.0,0.0,0.0,0.0
LB201900000246,0.0,0.0,0.0,0.0,0.0,0.0,0.0,0.0,1.0,1.0
LB201900000247,1.0,0.0,5.0,1.0,0.0,0.0,0.0,1.0,0.0,8.0
LB201900000248,0.0,0.0,1.0,0.0,0.0,0.0,0.0,0.0,0.0,1.0
LB201900000249,0.0,0.0,0.0,0.0,0.0,0.0,0.0,0.0,0.0,0.0
LB201900000250,0.0,0.0,1.0,0.0,0.0,1.0,0.0,0.0,5.0,7.0
LB201900000251,0.0,0.0,1.0,0.0,0.0,0.0,0.0,0.0,0.0,1.0
LB201900000252,0.0,0.0,0.0,0.0,0.0,0.0,0.0,0.0,0.0,0.0
LB201900000253,0.0,0.0,0.0,0.0,0.0,0.0,0.0,0.0,0.0,0.0
LB201900000254,3.0,0.0,29.0,23.0,85.0,110.0,15.0,10.0,28.0,303.0
LB201900000255,0.0,0.0,0.0,0.0,0.0,0.0,0.0,0.0,0.0,0.0
LB201900000256,0.0,0.0,1.0,0.0,2.0,0.0,0.0,0.0,7.0,10.0
LB201900000257,0.0,0.0,0.0,0.0,0.0,0.0,0.0,0.0,0.0,0.0
LB201900000258,0.0,0.0,0.0,0.0,0.0,0.0,0.0,0.0,0.0,0.0
LB201900000259,1.0,0.0,6.0,22.0,10.0,24.0,6.0,11.0,14.0,94.0
LB201900000260,8.0,0.0,4.0,0.0,0.0,5.0,0.0,1.0,2.0,20.0
LB201900000261,0.0,0.0,0.0,0.0,0.0,0.0,0.0,0.0,0.0,0.0
LB201900000262,0.0,0.0,0.0,0.0,0.0,0.0,0.0,0.0,0.0,0.0
LB201900000263,0.0,0.0,0.0,0.0,0.0,0.0,0.0,0.0,0.0,0.0
LB201900000264,0.0,0.0,0.0,0.0,0.0,0.0,0.0,0.0,0.0,0.0
LB201900000265,0.0,0.0,0.0,0.0,0.0,0.0,0.0,0.0,0.0,0.0
LB201900000266,2.0,0.0,5.0,3.0,1.0,4.0,2.0,1.0,10.0,28.0
LB201900000267,5.0,0.0,0.0,4.0,2.0,4.0,3.0,4.0,6.0,28.0
LB201900000268,0.0,0.0,0.0,0.0,0.0,0.0,0.0,0.0,0.0,0.0
LB201900000269,2.0,0.0,1.0,1.0,12.0,42.0,0.0,0.0,3.0,61.0
LB201900000270,0.0,0.0,0.0,0.0,0.0,0.0,0.0,0.0,0.0,0.0
LB201900000271,0.0,0.0,3.0,0.0,1.0,0.0,0.0,0.0,5.0,9.0
LB201900000272,0.0,0.0,0.0,0.0,0.0,0.0,1.0,0.0,0.0,1.0
LB201900000273,0.0,0.0,0.0,0.0,0.0,0.0,0.0,0.0,1.0,1.0
LB201900000274,0.0,0.0,0.0,0.0,0.0,0.0,0.0,0.0,0.0,0.0
LB201900000275,1.0,0.0,2.0,1.0,0.0,0.0,0.0,0.0,0.0,4.0
LB201900000276,2.0,0.0,1.0,0.0,0.0,3.0,0.0,0.0,0.0,6.0
LB201900000277,0.0,0.0,0.0,0.0,0.0,0.0,0.0,0.0,0.0,0.0
LB201900000278,0.0,0.0,0.0,0.0,0.0,0.0,0.0,0.0,1.0,1.0
LB201900000279,2.0,0.0,1.0,0.0,0.0,0.0,0.0,0.0,1.0,4.0
LB201900000280,3.0,0.0,32.0,24.0,104.0,163.0,17.0,9.0,27.0,379.0
LB201900000281,0.0,0.0,0.0,0.0,0.0,0.0,0.0,0.0,0.0,0.0
LB201900000282,0.0,0.0,0.0,0.0,0.0,0.0,0.0,0.0,0.0,0.0
LB201900000283,0.0,0.0,2.0,0.0,0.0,0.0,0.0,0.0,3.0,5.0
LB201900000284,0.0,0.0,1.0,0.0,3.0,4.0,0.0,0.0,4.0,12.0
LB201900000285,0.0,0.0,0.0,0.0,0.0,0.0,0.0,0.0,0.0,0.0
LB201900000286,0.0,0.0,0.0,0.0,1.0,0.0,0.0,2.0,1.0,4.0
LB201900000287,0.0,0.0,1.0,0.0,0.0,0.0,0.0,0.0,1.0,2.0
LB201900000288,0.0,0.0,0.0,0.0,0.0,0.0,0.0,0.0,0.0,0.0
LB201900000289,0.0,0.0,1.0,6.0,5.0,6.0,2.0,1.0,6.0,27.0
LB201900000290,0.0,0.0,0.0,0.0,0.0,0.0,0.0,0.0,0.0,0.0
LB201900000291,1.0,80.0,2.0,77.0,261.0,85.0,20.0,0.0,10.0,536.0
LB201900000292,0.0,0.0,1.0,0.0,0.0,2.0,0.0,0.0,0.0,3.0
LB201900000293,0.0,0.0,0.0,0.0,0.0,0.0,0.0,0.0,1.0,1.0
LB201900000294,0.0,0.0,0.0,0.0,0.0,0.0,0.0,0.0,0.0,0.0
LB201900000295,0.0,0.0,0.0,0.0,0.0,0.0,0.0,0.0,0.0,0.0
LB201900000296,0.0,0.0,2.0,0.0,0.0,0.0,0.0,0.0,4.0,6.0
LB201900000297,0.0,0.0,0.0,0.0,0.0,0.0,0.0,0.0,0.0,0.0
LB201900000298,0.0,0.0,0.0,0.0,0.0,3.0,0.0,1.0,1.0,5.0
LB201900000299,1.0,0.0,6.0,20.0,7.0,25.0,6.0,11.0,14.0,90.0
LB201900000300,0.0,0.0,0.0,0.0,0.0,0.0,0.0,0.0,3.0,3.0
LB201900000301,3.0,0.0,14.0,23.0,21.0,25.0,7.0,9.0,24.0,126.0
LB201900000302,0.0,0.0,0.0,0.0,0.0,0.0,0.0,0.0,0.0,0.0
LB201900000303,1.0,0.0,2.0,2.0,2.0,2.0,3.0,1.0,4.0,17.0
LB201900000304,0.0,0.0,1.0,0.0,0.0,1.0,0.0,0.0,0.0,2.0
LB201900000305,0.0,0.0,0.0,0.0,0.0,0.0,0.0,0.0,0.0,0.0
LB201900000306,0.0,0.0,0.0,0.0,0.0,0.0,0.0,0.0,0.0,0.0
LB201900000307,0.0,0.0,0.0,0.0,0.0,0.0,0.0,0.0,0.0,0.0
LB201900000308,0.0,0.0,0.0,0.0,0.0,2.0,1.0,0.0,0.0,3.0
LB201900000309,0.0,0.0,0.0,0.0,0.0,0.0,0.0,0.0,0.0,0.0
LB201900000310,0.0,0.0,2.0,0.0,0.0,0.0,0.0,0.0,0.0,2.0
LB201900000311,0.0,0.0,0.0,0.0,0.0,0.0,0.0,0.0,0.0,0.0
LB201900000313,0.0,0.0,1.0,1.0,0.0,1.0,0.0,0.0,0.0,3.0
LB201900000314,0.0,0.0,0.0,0.0,0.0,0.0,0.0,0.0,0.0,0.0
LB201900000315,0.0,0.0,2.0,0.0,1.0,0.0,2.0,0.0,6.0,11.0
LB201900000316,0.0,0.0,0.0,0.0,0.0,0.0,0.0,0.0,0.0,0.0
LB201900000317,0.0,0.0,1.0,5.0,0.0,2.0,2.0,1.0,3.0,14.0
LB201900000318,0.0,0.0,0.0,0.0,0.0,2.0,0.0,0.0,0.0,2.0
LB201900000319,3.0,0.0,3.0,14.0,3.0,7.0,2.0,2.0,14.0,48.0
LB201900000320,0.0,0.0,2.0,0.0,0.0,0.0,0.0,0.0,0.0,2.0
LB201900000321,0.0,0.0,0.0,0.0,0.0,0.0,0.0,0.0,0.0,0.0
LB201900000322,0.0,0.0,0.0,0.0,0.0,0.0,0.0,0.0,1.0,1.0
LB201900000323,0.0,0.0,1.0,0.0,1.0,0.0,0.0,1.0,2.0,5.0
LB201900000324,0.0,0.0,0.0,0.0,0.0,0.0,0.0,0.0,1.0,1.0
LB201900000325,0.0,0.0,1.0,0.0,0.0,0.0,0.0,0.0,0.0,1.0
