DHSID,air_transport_count,water_transport_count,ground_transport_count,all_transport_count
GU201500000001,0.0,0.0,33.0,33.0
GU201500000002,0.0,0.0,59.0,59.0
GU201500000003,1.0,0.0,19.0,20.0
GU201500000004,0.0,0.0,31.0,31.0
GU201500000005,0.0,0.0,3.0,3.0
GU201500000006,1.0,0.0,87.0,88.0
GU201500000007,0.0,0.0,7.0,7.0
GU201500000008,1.0,0.0,45.0,46.0
GU201500000009,1.0,0.0,2.0,3.0
GU201500000010,2.0,0.0,34.0,36.0
GU201500000011,0.0,0.0,28.0,28.0
GU201500000012,0.0,0.0,49.0,49.0
GU201500000013,0.0,0.0,30.0,30.0
GU201500000014,0.0,0.0,33.0,33.0
GU201500000015,0.0,0.0,27.0,27.0
GU201500000016,0.0,0.0,40.0,40.0
GU201500000017,0.0,0.0,20.0,20.0
GU201500000018,0.0,0.0,21.0,21.0
GU201500000019,0.0,0.0,51.0,51.0
GU201500000020,0.0,0.0,27.0,27.0
GU201500000021,0.0,0.0,29.0,29.0
GU201500000022,3.0,0.0,98.0,101.0
GU201500000023,0.0,0.0,37.0,37.0
GU201500000024,4.0,0.0,83.0,87.0
GU201500000025,0.0,0.0,49.0,49.0
GU201500000026,3.0,0.0,91.0,94.0
GU201500000027,0.0,0.0,42.0,42.0
GU201500000028,7.0,0.0,45.0,52.0
GU201500000029,8.0,0.0,23.0,31.0
GU201500000031,0.0,0.0,2.0,2.0
GU201500000032,1.0,0.0,2.0,3.0
GU201500000033,0.0,0.0,7.0,7.0
GU201500000034,0.0,0.0,21.0,21.0
GU201500000035,0.0,0.0,10.0,10.0
GU201500000036,0.0,0.0,7.0,7.0
GU201500000037,0.0,0.0,8.0,8.0
GU201500000038,0.0,0.0,0.0,0.0
GU201500000039,0.0,0.0,0.0,0.0
GU201500000040,0.0,0.0,10.0,10.0
GU201500000041,0.0,0.0,6.0,6.0
GU201500000042,0.0,0.0,9.0,9.0
GU201500000043,0.0,0.0,1.0,1.0
GU201500000044,0.0,0.0,23.0,23.0
GU201500000045,0.0,0.0,11.0,11.0
GU201500000046,0.0,0.0,37.0,37.0
GU201500000047,0.0,0.0,38.0,38.0
GU201500000048,1.0,0.0,0.0,1.0
GU201500000049,0.0,0.0,1.0,1.0
GU201500000050,0.0,0.0,2.0,2.0
GU201500000051,0.0,0.0,20.0,20.0
GU201500000052,0.0,0.0,0.0,0.0
GU201500000053,0.0,0.0,0.0,0.0
GU201500000054,0.0,0.0,0.0,0.0
GU201500000055,0.0,0.0,1.0,1.0
GU201500000056,0.0,0.0,0.0,0.0
GU201500000057,0.0,0.0,0.0,0.0
GU201500000058,0.0,0.0,1.0,1.0
GU201500000059,0.0,0.0,0.0,0.0
GU201500000060,0.0,0.0,0.0,0.0
GU201500000061,0.0,0.0,0.0,0.0
GU201500000062,0.0,0.0,0.0,0.0
GU201500000063,0.0,0.0,1.0,1.0
GU201500000064,0.0,0.0,11.0,11.0
GU201500000065,0.0,0.0,0.0,0.0
GU201500000066,0.0,0.0,0.0,0.0
GU201500000067,0.0,0.0,5.0,5.0
GU201500000068,0.0,0.0,8.0,8.0
GU201500000069,0.0,0.0,0.0,0.0
GU201500000070,0.0,0.0,10.0,10.0
GU201500000071,0.0,0.0,13.0,13.0
GU201500000072,0.0,0.0,6.0,6.0
GU201500000073,0.0,0.0,2.0,2.0
GU201500000074,0.0,0.0,2.0,2.0
GU201500000075,0.0,0.0,1.0,1.0
GU201500000076,0.0,0.0,1.0,1.0
GU201500000077,0.0,0.0,0.0,0.0
GU201500000078,0.0,0.0,3.0,3.0
GU201500000079,0.0,0.0,0.0,0.0
GU201500000080,0.0,0.0,0.0,0.0
GU201500000081,0.0,0.0,0.0,0.0
GU201500000082,0.0,0.0,0.0,0.0
GU201500000083,0.0,0.0,0.0,0.0
GU201500000084,0.0,0.0,0.0,0.0
GU201500000085,0.0,0.0,0.0,0.0
GU201500000086,0.0,0.0,9.0,9.0
GU201500000087,0.0,0.0,0.0,0.0
GU201500000088,0.0,0.0,0.0,0.0
GU201500000089,0.0,0.0,10.0,10.0
GU201500000090,0.0,0.0,9.0,9.0
GU201500000091,0.0,0.0,17.0,17.0
GU201500000092,0.0,0.0,12.0,12.0
GU201500000093,0.0,0.0,31.0,31.0
GU201500000094,0.0,0.0,2.0,2.0
GU201500000095,0.0,0.0,9.0,9.0
GU201500000096,0.0,0.0,3.0,3.0
GU201500000098,0.0,0.0,21.0,21.0
GU201500000099,0.0,0.0,16.0,16.0
GU201500000100,0.0,0.0,29.0,29.0
GU201500000101,0.0,0.0,34.0,34.0
GU201500000102,8.0,0.0,105.0,113.0
GU201500000103,0.0,0.0,6.0,6.0
GU201500000104,0.0,0.0,0.0,0.0
GU201500000105,0.0,0.0,8.0,8.0
GU201500000106,0.0,0.0,7.0,7.0
GU201500000107,0.0,0.0,26.0,26.0
GU201500000108,0.0,0.0,5.0,5.0
GU201500000109,0.0,0.0,0.0,0.0
GU201500000110,0.0,0.0,0.0,0.0
GU201500000111,0.0,0.0,0.0,0.0
GU201500000112,0.0,0.0,0.0,0.0
GU201500000113,0.0,0.0,0.0,0.0
GU201500000114,0.0,0.0,0.0,0.0
GU201500000115,0.0,0.0,0.0,0.0
GU201500000116,0.0,0.0,0.0,0.0
GU201500000117,0.0,0.0,0.0,0.0
GU201500000118,0.0,0.0,3.0,3.0
GU201500000119,0.0,0.0,3.0,3.0
GU201500000120,0.0,0.0,2.0,2.0
GU201500000121,0.0,0.0,1.0,1.0
GU201500000122,0.0,0.0,0.0,0.0
GU201500000123,0.0,0.0,0.0,0.0
GU201500000124,0.0,0.0,0.0,0.0
GU201500000125,0.0,0.0,0.0,0.0
GU201500000126,0.0,0.0,0.0,0.0
GU201500000127,0.0,0.0,1.0,1.0
GU201500000128,0.0,0.0,0.0,0.0
GU201500000129,0.0,0.0,1.0,1.0
GU201500000130,0.0,0.0,0.0,0.0
GU201500000131,0.0,0.0,0.0,0.0
GU201500000132,0.0,0.0,0.0,0.0
GU201500000133,0.0,0.0,0.0,0.0
GU201500000134,0.0,0.0,0.0,0.0
GU201500000135,0.0,0.0,0.0,0.0
GU201500000136,0.0,0.0,0.0,0.0
GU201500000137,0.0,0.0,0.0,0.0
GU201500000138,0.0,0.0,0.0,0.0
GU201500000139,0.0,0.0,0.0,0.0
GU201500000140,0.0,0.0,0.0,0.0
GU201500000141,0.0,0.0,0.0,0.0
GU201500000142,0.0,0.0,0.0,0.0
GU201500000143,0.0,0.0,0.0,0.0
GU201500000144,0.0,0.0,0.0,0.0
GU201500000145,0.0,0.0,11.0,11.0
GU201500000146,0.0,0.0,4.0,4.0
GU201500000147,0.0,0.0,11.0,11.0
GU201500000148,0.0,0.0,12.0,12.0
GU201500000149,0.0,0.0,2.0,2.0
GU201500000150,0.0,0.0,12.0,12.0
GU201500000151,0.0,0.0,10.0,10.0
GU201500000152,0.0,0.0,3.0,3.0
GU201500000153,0.0,0.0,2.0,2.0
GU201500000154,0.0,0.0,1.0,1.0
GU201500000155,0.0,0.0,0.0,0.0
GU201500000156,0.0,0.0,0.0,0.0
GU201500000157,0.0,0.0,0.0,0.0
GU201500000158,0.0,0.0,0.0,0.0
GU201500000159,0.0,0.0,0.0,0.0
GU201500000160,0.0,0.0,1.0,1.0
GU201500000161,0.0,0.0,1.0,1.0
GU201500000162,0.0,0.0,11.0,11.0
GU201500000163,0.0,0.0,0.0,0.0
GU201500000164,0.0,0.0,5.0,5.0
GU201500000166,0.0,0.0,0.0,0.0
GU201500000167,0.0,0.0,0.0,0.0
GU201500000168,0.0,0.0,0.0,0.0
GU201500000169,0.0,0.0,0.0,0.0
GU201500000170,0.0,0.0,0.0,0.0
GU201500000171,0.0,0.0,1.0,1.0
GU201500000172,0.0,0.0,0.0,0.0
GU201500000173,0.0,0.0,0.0,0.0
GU201500000174,0.0,0.0,0.0,0.0
GU201500000175,0.0,0.0,0.0,0.0
GU201500000176,0.0,0.0,0.0,0.0
GU201500000177,0.0,0.0,0.0,0.0
GU201500000178,0.0,0.0,0.0,0.0
GU201500000179,0.0,0.0,0.0,0.0
GU201500000180,0.0,0.0,0.0,0.0
GU201500000181,0.0,0.0,0.0,0.0
GU201500000182,0.0,0.0,6.0,6.0
GU201500000183,0.0,0.0,0.0,0.0
GU201500000184,0.0,0.0,6.0,6.0
GU201500000185,0.0,0.0,7.0,7.0
GU201500000186,0.0,0.0,6.0,6.0
GU201500000187,0.0,0.0,6.0,6.0
GU201500000188,0.0,0.0,0.0,0.0
GU201500000189,0.0,0.0,6.0,6.0
GU201500000190,0.0,0.0,0.0,0.0
GU201500000191,0.0,0.0,0.0,0.0
GU201500000192,0.0,0.0,0.0,0.0
GU201500000193,0.0,0.0,0.0,0.0
GU201500000194,0.0,0.0,2.0,2.0
GU201500000195,0.0,0.0,2.0,2.0
GU201500000196,0.0,0.0,2.0,2.0
GU201500000197,0.0,0.0,2.0,2.0
GU201500000198,0.0,0.0,0.0,0.0
GU201500000199,0.0,0.0,1.0,1.0
GU201500000200,0.0,0.0,0.0,0.0
GU201500000201,0.0,0.0,0.0,0.0
GU201500000202,0.0,0.0,0.0,0.0
GU201500000203,0.0,0.0,3.0,3.0
GU201500000204,0.0,0.0,0.0,0.0
GU201500000205,0.0,0.0,0.0,0.0
GU201500000206,0.0,0.0,0.0,0.0
GU201500000207,0.0,0.0,0.0,0.0
GU201500000208,0.0,0.0,0.0,0.0
GU201500000209,0.0,0.0,1.0,1.0
GU201500000210,0.0,0.0,1.0,1.0
GU201500000211,0.0,0.0,1.0,1.0
GU201500000212,0.0,0.0,0.0,0.0
GU201500000213,0.0,0.0,0.0,0.0
GU201500000214,0.0,0.0,1.0,1.0
GU201500000215,0.0,0.0,1.0,1.0
GU201500000216,0.0,0.0,0.0,0.0
GU201500000217,1.0,0.0,3.0,4.0
GU201500000218,1.0,0.0,6.0,7.0
GU201500000219,1.0,0.0,5.0,6.0
GU201500000220,1.0,0.0,6.0,7.0
GU201500000221,1.0,0.0,3.0,4.0
GU201500000222,0.0,0.0,0.0,0.0
GU201500000223,1.0,0.0,6.0,7.0
GU201500000224,0.0,0.0,0.0,0.0
GU201500000225,0.0,0.0,1.0,1.0
GU201500000226,0.0,0.0,1.0,1.0
GU201500000227,0.0,0.0,0.0,0.0
GU201500000228,0.0,0.0,0.0,0.0
GU201500000229,0.0,0.0,0.0,0.0
GU201500000230,0.0,0.0,0.0,0.0
GU201500000231,0.0,0.0,0.0,0.0
GU201500000232,0.0,0.0,0.0,0.0
GU201500000233,0.0,0.0,0.0,0.0
GU201500000234,0.0,0.0,0.0,0.0
GU201500000235,0.0,0.0,0.0,0.0
GU201500000236,0.0,0.0,0.0,0.0
GU201500000237,0.0,0.0,0.0,0.0
GU201500000238,0.0,0.0,0.0,0.0
GU201500000239,0.0,0.0,0.0,0.0
GU201500000240,0.0,0.0,0.0,0.0
GU201500000241,0.0,0.0,0.0,0.0
GU201500000242,0.0,0.0,0.0,0.0
GU201500000243,2.0,0.0,0.0,2.0
GU201500000244,6.0,0.0,0.0,6.0
GU201500000245,0.0,0.0,0.0,0.0
GU201500000246,1.0,0.0,6.0,7.0
GU201500000247,0.0,0.0,1.0,1.0
GU201500000248,0.0,0.0,0.0,0.0
GU201500000249,0.0,0.0,0.0,0.0
GU201500000250,0.0,0.0,0.0,0.0
GU201500000251,0.0,0.0,0.0,0.0
GU201500000252,0.0,0.0,0.0,0.0
GU201500000253,0.0,0.0,0.0,0.0
GU201500000254,0.0,0.0,0.0,0.0
GU201500000255,0.0,0.0,0.0,0.0
GU201500000256,0.0,0.0,0.0,0.0
GU201500000257,0.0,0.0,1.0,1.0
GU201500000258,0.0,0.0,0.0,0.0
GU201500000259,0.0,0.0,0.0,0.0
GU201500000260,0.0,0.0,0.0,0.0
GU201500000261,0.0,0.0,0.0,0.0
GU201500000262,0.0,0.0,0.0,0.0
GU201500000265,0.0,0.0,0.0,0.0
GU201500000266,0.0,0.0,0.0,0.0
GU201500000267,0.0,0.0,0.0,0.0
GU201500000268,0.0,0.0,0.0,0.0
GU201500000269,0.0,0.0,0.0,0.0
GU201500000270,0.0,0.0,1.0,1.0
GU201500000271,0.0,0.0,1.0,1.0
GU201500000272,0.0,0.0,0.0,0.0
GU201500000273,0.0,0.0,1.0,1.0
GU201500000274,0.0,0.0,0.0,0.0
GU201500000275,0.0,0.0,0.0,0.0
GU201500000276,0.0,0.0,1.0,1.0
GU201500000277,0.0,0.0,0.0,0.0
GU201500000278,0.0,0.0,0.0,0.0
GU201500000279,0.0,2.0,1.0,3.0
GU201500000280,0.0,0.0,1.0,1.0
GU201500000281,0.0,0.0,1.0,1.0
GU201500000282,0.0,0.0,1.0,1.0
GU201500000283,0.0,0.0,1.0,1.0
GU201500000284,0.0,0.0,1.0,1.0
GU201500000285,0.0,0.0,1.0,1.0
GU201500000286,0.0,0.0,0.0,0.0
GU201500000287,0.0,0.0,0.0,0.0
GU201500000288,0.0,0.0,0.0,0.0
GU201500000289,0.0,0.0,5.0,5.0
GU201500000290,0.0,0.0,3.0,3.0
GU201500000291,0.0,0.0,2.0,2.0
GU201500000292,0.0,0.0,2.0,2.0
GU201500000293,0.0,0.0,0.0,0.0
GU201500000294,0.0,0.0,5.0,5.0
GU201500000295,0.0,4.0,19.0,23.0
GU201500000296,0.0,0.0,3.0,3.0
GU201500000297,0.0,0.0,5.0,5.0
GU201500000298,0.0,0.0,5.0,5.0
GU201500000299,0.0,0.0,0.0,0.0
GU201500000300,0.0,0.0,0.0,0.0
GU201500000301,0.0,0.0,3.0,3.0
GU201500000302,0.0,0.0,0.0,0.0
GU201500000303,0.0,0.0,0.0,0.0
GU201500000304,0.0,0.0,0.0,0.0
GU201500000305,0.0,0.0,0.0,0.0
GU201500000306,0.0,0.0,0.0,0.0
GU201500000307,0.0,0.0,3.0,3.0
GU201500000308,0.0,0.0,0.0,0.0
GU201500000309,0.0,0.0,0.0,0.0
GU201500000310,0.0,1.0,5.0,6.0
GU201500000311,0.0,2.0,14.0,16.0
GU201500000312,1.0,0.0,2.0,3.0
GU201500000313,0.0,1.0,2.0,3.0
GU201500000314,1.0,0.0,1.0,2.0
GU201500000315,1.0,0.0,2.0,3.0
GU201500000316,1.0,0.0,0.0,1.0
GU201500000317,0.0,8.0,7.0,15.0
GU201500000318,0.0,0.0,3.0,3.0
GU201500000319,0.0,2.0,7.0,9.0
GU201500000320,0.0,2.0,7.0,9.0
GU201500000321,0.0,1.0,2.0,3.0
GU201500000322,0.0,1.0,2.0,3.0
GU201500000323,0.0,1.0,2.0,3.0
GU201500000324,0.0,1.0,1.0,2.0
GU201500000325,0.0,0.0,1.0,1.0
GU201500000326,0.0,0.0,1.0,1.0
GU201500000327,0.0,0.0,2.0,2.0
GU201500000328,0.0,0.0,0.0,0.0
GU201500000329,0.0,0.0,1.0,1.0
GU201500000330,0.0,0.0,3.0,3.0
GU201500000331,0.0,0.0,0.0,0.0
GU201500000332,0.0,0.0,0.0,0.0
GU201500000333,0.0,0.0,0.0,0.0
GU201500000334,0.0,0.0,1.0,1.0
GU201500000335,0.0,0.0,3.0,3.0
GU201500000336,0.0,0.0,4.0,4.0
GU201500000337,0.0,0.0,3.0,3.0
GU201500000338,0.0,0.0,0.0,0.0
GU201500000339,0.0,0.0,0.0,0.0
GU201500000340,0.0,0.0,0.0,0.0
GU201500000341,0.0,0.0,0.0,0.0
GU201500000342,0.0,0.0,0.0,0.0
GU201500000343,0.0,0.0,0.0,0.0
GU201500000344,0.0,0.0,1.0,1.0
GU201500000345,0.0,0.0,1.0,1.0
GU201500000346,0.0,0.0,0.0,0.0
GU201500000347,0.0,0.0,1.0,1.0
GU201500000348,0.0,0.0,1.0,1.0
GU201500000349,0.0,0.0,1.0,1.0
GU201500000350,0.0,0.0,1.0,1.0
GU201500000351,0.0,0.0,1.0,1.0
GU201500000352,0.0,0.0,1.0,1.0
GU201500000353,0.0,0.0,1.0,1.0
GU201500000354,0.0,0.0,1.0,1.0
GU201500000355,0.0,0.0,0.0,0.0
GU201500000356,0.0,0.0,0.0,0.0
GU201500000357,0.0,0.0,0.0,0.0
GU201500000358,0.0,0.0,0.0,0.0
GU201500000359,0.0,0.0,0.0,0.0
GU201500000360,0.0,0.0,0.0,0.0
GU201500000361,0.0,0.0,1.0,1.0
GU201500000362,2.0,0.0,1.0,3.0
GU201500000363,2.0,0.0,5.0,7.0
GU201500000364,0.0,0.0,20.0,20.0
GU201500000365,2.0,0.0,10.0,12.0
GU201500000366,0.0,0.0,20.0,20.0
GU201500000367,1.0,0.0,0.0,1.0
GU201500000368,0.0,0.0,2.0,2.0
GU201500000369,1.0,0.0,0.0,1.0
GU201500000370,0.0,0.0,0.0,0.0
GU201500000371,0.0,0.0,0.0,0.0
GU201500000372,0.0,0.0,0.0,0.0
GU201500000373,0.0,0.0,0.0,0.0
GU201500000374,0.0,0.0,0.0,0.0
GU201500000375,0.0,0.0,0.0,0.0
GU201500000376,0.0,0.0,0.0,0.0
GU201500000377,0.0,0.0,0.0,0.0
GU201500000378,0.0,0.0,0.0,0.0
GU201500000379,0.0,0.0,0.0,0.0
GU201500000380,0.0,0.0,0.0,0.0
GU201500000381,1.0,0.0,3.0,4.0
GU201500000382,0.0,0.0,1.0,1.0
GU201500000383,0.0,0.0,0.0,0.0
GU201500000384,0.0,0.0,0.0,0.0
GU201500000385,0.0,0.0,5.0,5.0
GU201500000386,1.0,0.0,5.0,6.0
GU201500000387,1.0,0.0,5.0,6.0
GU201500000388,1.0,0.0,2.0,3.0
GU201500000389,0.0,0.0,0.0,0.0
GU201500000390,0.0,0.0,0.0,0.0
GU201500000391,0.0,0.0,0.0,0.0
GU201500000392,1.0,0.0,5.0,6.0
GU201500000393,0.0,0.0,0.0,0.0
GU201500000394,0.0,0.0,0.0,0.0
GU201500000395,0.0,0.0,0.0,0.0
GU201500000396,0.0,0.0,0.0,0.0
GU201500000397,0.0,0.0,2.0,2.0
GU201500000398,0.0,0.0,1.0,1.0
GU201500000399,0.0,0.0,1.0,1.0
GU201500000400,0.0,0.0,2.0,2.0
GU201500000401,0.0,0.0,1.0,1.0
GU201500000402,0.0,0.0,2.0,2.0
GU201500000404,0.0,0.0,0.0,0.0
GU201500000405,0.0,0.0,2.0,2.0
GU201500000406,0.0,0.0,1.0,1.0
GU201500000407,0.0,0.0,1.0,1.0
GU201500000408,0.0,0.0,0.0,0.0
GU201500000409,0.0,0.0,1.0,1.0
GU201500000410,0.0,0.0,1.0,1.0
GU201500000411,0.0,0.0,0.0,0.0
GU201500000412,0.0,0.0,0.0,0.0
GU201500000413,0.0,0.0,0.0,0.0
GU201500000414,0.0,0.0,0.0,0.0
GU201500000415,0.0,0.0,0.0,0.0
GU201500000416,0.0,0.0,2.0,2.0
GU201500000417,0.0,0.0,0.0,0.0
GU201500000418,0.0,0.0,0.0,0.0
GU201500000419,0.0,0.0,0.0,0.0
GU201500000420,0.0,0.0,0.0,0.0
GU201500000421,0.0,0.0,0.0,0.0
GU201500000422,0.0,0.0,0.0,0.0
GU201500000423,0.0,0.0,0.0,0.0
GU201500000424,0.0,0.0,0.0,0.0
GU201500000425,0.0,0.0,0.0,0.0
GU201500000426,0.0,0.0,0.0,0.0
GU201500000427,0.0,0.0,1.0,1.0
GU201500000428,0.0,0.0,0.0,0.0
GU201500000429,0.0,0.0,0.0,0.0
GU201500000430,0.0,0.0,0.0,0.0
GU201500000431,0.0,0.0,0.0,0.0
GU201500000432,0.0,0.0,1.0,1.0
GU201500000433,1.0,0.0,1.0,2.0
GU201500000434,1.0,0.0,1.0,2.0
GU201500000435,1.0,0.0,1.0,2.0
GU201500000436,1.0,0.0,1.0,2.0
GU201500000437,0.0,0.0,1.0,1.0
GU201500000438,1.0,0.0,1.0,2.0
GU201500000439,1.0,0.0,1.0,2.0
GU201500000440,0.0,0.0,0.0,0.0
GU201500000441,0.0,0.0,0.0,0.0
GU201500000442,0.0,0.0,0.0,0.0
GU201500000443,0.0,0.0,0.0,0.0
GU201500000444,0.0,0.0,0.0,0.0
GU201500000445,0.0,0.0,0.0,0.0
GU201500000446,1.0,0.0,1.0,2.0
GU201500000447,0.0,0.0,1.0,1.0
GU201500000448,0.0,0.0,0.0,0.0
GU201500000449,0.0,0.0,0.0,0.0
GU201500000450,1.0,0.0,1.0,2.0
GU201500000451,1.0,0.0,1.0,2.0
GU201500000452,0.0,0.0,0.0,0.0
GU201500000453,0.0,0.0,0.0,0.0
GU201500000454,0.0,0.0,0.0,0.0
GU201500000455,0.0,0.0,0.0,0.0
GU201500000456,1.0,0.0,0.0,1.0
GU201500000457,0.0,0.0,0.0,0.0
GU201500000458,0.0,0.0,0.0,0.0
GU201500000459,1.0,0.0,0.0,1.0
GU201500000460,0.0,0.0,2.0,2.0
GU201500000461,0.0,0.0,0.0,0.0
GU201500000462,0.0,0.0,1.0,1.0
GU201500000463,0.0,0.0,0.0,0.0
GU201500000464,0.0,0.0,2.0,2.0
GU201500000465,0.0,0.0,2.0,2.0
GU201500000466,0.0,0.0,2.0,2.0
GU201500000467,1.0,0.0,2.0,3.0
GU201500000468,0.0,0.0,0.0,0.0
GU201500000469,1.0,0.0,5.0,6.0
GU201500000470,0.0,0.0,2.0,2.0
GU201500000471,0.0,0.0,8.0,8.0
GU201500000472,0.0,0.0,0.0,0.0
GU201500000473,0.0,0.0,0.0,0.0
GU201500000474,0.0,0.0,0.0,0.0
GU201500000475,0.0,0.0,0.0,0.0
GU201500000476,0.0,0.0,0.0,0.0
GU201500000477,0.0,0.0,1.0,1.0
GU201500000478,0.0,0.0,0.0,0.0
GU201500000479,0.0,0.0,0.0,0.0
GU201500000480,0.0,0.0,0.0,0.0
GU201500000481,0.0,0.0,0.0,0.0
GU201500000482,0.0,0.0,4.0,4.0
GU201500000483,0.0,0.0,0.0,0.0
GU201500000484,0.0,0.0,0.0,0.0
GU201500000485,0.0,0.0,0.0,0.0
GU201500000486,0.0,0.0,0.0,0.0
GU201500000487,0.0,0.0,0.0,0.0
GU201500000488,1.0,0.0,1.0,2.0
GU201500000489,1.0,0.0,1.0,2.0
GU201500000490,1.0,0.0,1.0,2.0
GU201500000491,0.0,0.0,0.0,0.0
GU201500000492,0.0,0.0,0.0,0.0
GU201500000493,0.0,0.0,0.0,0.0
GU201500000494,0.0,0.0,2.0,2.0
GU201500000495,0.0,0.0,0.0,0.0
GU201500000496,0.0,0.0,0.0,0.0
GU201500000497,0.0,0.0,0.0,0.0
GU201500000498,0.0,0.0,3.0,3.0
GU201500000499,0.0,0.0,0.0,0.0
GU201500000500,0.0,0.0,0.0,0.0
GU201500000501,0.0,0.0,0.0,0.0
GU201500000502,1.0,0.0,1.0,2.0
GU201500000503,0.0,0.0,0.0,0.0
GU201500000504,0.0,0.0,0.0,0.0
GU201500000505,0.0,0.0,0.0,0.0
GU201500000506,0.0,0.0,8.0,8.0
GU201500000507,1.0,0.0,13.0,14.0
GU201500000508,1.0,0.0,7.0,8.0
GU201500000510,0.0,0.0,0.0,0.0
GU201500000511,0.0,0.0,1.0,1.0
GU201500000513,0.0,0.0,0.0,0.0
GU201500000514,0.0,0.0,0.0,0.0
GU201500000515,0.0,0.0,0.0,0.0
GU201500000516,0.0,0.0,0.0,0.0
GU201500000517,0.0,0.0,0.0,0.0
GU201500000518,0.0,0.0,0.0,0.0
GU201500000519,0.0,0.0,3.0,3.0
GU201500000520,0.0,0.0,0.0,0.0
GU201500000521,0.0,0.0,0.0,0.0
GU201500000522,0.0,0.0,0.0,0.0
GU201500000523,0.0,0.0,0.0,0.0
GU201500000524,0.0,0.0,2.0,2.0
GU201500000525,0.0,0.0,1.0,1.0
GU201500000526,0.0,0.0,0.0,0.0
GU201500000527,0.0,0.0,0.0,0.0
GU201500000528,0.0,0.0,0.0,0.0
GU201500000530,0.0,0.0,0.0,0.0
GU201500000531,0.0,0.0,0.0,0.0
GU201500000532,0.0,0.0,0.0,0.0
GU201500000533,0.0,0.0,1.0,1.0
GU201500000534,0.0,0.0,0.0,0.0
GU201500000535,0.0,0.0,0.0,0.0
GU201500000536,0.0,0.0,4.0,4.0
GU201500000537,1.0,0.0,4.0,5.0
GU201500000538,0.0,0.0,1.0,1.0
GU201500000539,0.0,0.0,0.0,0.0
GU201500000540,0.0,0.0,0.0,0.0
GU201500000541,1.0,0.0,2.0,3.0
GU201500000542,0.0,0.0,2.0,2.0
GU201500000543,0.0,0.0,0.0,0.0
GU201500000544,1.0,0.0,2.0,3.0
GU201500000545,1.0,0.0,2.0,3.0
GU201500000546,0.0,0.0,0.0,0.0
GU201500000547,0.0,0.0,2.0,2.0
GU201500000548,0.0,0.0,0.0,0.0
GU201500000549,1.0,0.0,0.0,1.0
GU201500000550,0.0,0.0,0.0,0.0
GU201500000551,0.0,0.0,2.0,2.0
GU201500000552,0.0,0.0,0.0,0.0
GU201500000553,0.0,0.0,2.0,2.0
GU201500000554,0.0,0.0,0.0,0.0
GU201500000555,0.0,0.0,0.0,0.0
GU201500000556,0.0,0.0,0.0,0.0
GU201500000557,0.0,0.0,0.0,0.0
GU201500000558,0.0,0.0,0.0,0.0
GU201500000559,0.0,0.0,0.0,0.0
GU201500000560,0.0,0.0,0.0,0.0
GU201500000561,1.0,0.0,0.0,1.0
GU201500000562,0.0,0.0,0.0,0.0
GU201500000563,0.0,0.0,0.0,0.0
GU201500000564,0.0,0.0,0.0,0.0
GU201500000565,0.0,0.0,0.0,0.0
GU201500000566,0.0,0.0,0.0,0.0
GU201500000567,0.0,0.0,0.0,0.0
GU201500000568,0.0,0.0,0.0,0.0
GU201500000569,0.0,0.0,0.0,0.0
GU201500000570,1.0,0.0,1.0,2.0
GU201500000571,0.0,0.0,0.0,0.0
GU201500000572,0.0,0.0,0.0,0.0
GU201500000573,0.0,0.0,0.0,0.0
GU201500000574,0.0,0.0,0.0,0.0
GU201500000575,0.0,0.0,0.0,0.0
GU201500000576,0.0,0.0,0.0,0.0
GU201500000577,0.0,0.0,1.0,1.0
GU201500000578,0.0,0.0,1.0,1.0
GU201500000579,0.0,0.0,1.0,1.0
GU201500000580,0.0,0.0,1.0,1.0
GU201500000581,0.0,0.0,1.0,1.0
GU201500000582,0.0,0.0,1.0,1.0
GU201500000583,0.0,0.0,0.0,0.0
GU201500000584,0.0,0.0,0.0,0.0
GU201500000585,0.0,0.0,0.0,0.0
GU201500000586,0.0,0.0,0.0,0.0
GU201500000587,0.0,0.0,0.0,0.0
GU201500000588,0.0,0.0,0.0,0.0
GU201500000589,0.0,0.0,0.0,0.0
GU201500000590,0.0,0.0,0.0,0.0
GU201500000591,0.0,0.0,0.0,0.0
GU201500000592,0.0,0.0,0.0,0.0
GU201500000593,0.0,0.0,0.0,0.0
GU201500000594,0.0,0.0,0.0,0.0
GU201500000595,0.0,0.0,0.0,0.0
GU201500000596,0.0,0.0,0.0,0.0
GU201500000597,0.0,0.0,0.0,0.0
GU201500000598,0.0,0.0,0.0,0.0
GU201500000599,0.0,0.0,0.0,0.0
GU201500000600,0.0,0.0,0.0,0.0
GU201500000601,0.0,0.0,0.0,0.0
GU201500000602,0.0,0.0,0.0,0.0
GU201500000603,0.0,0.0,0.0,0.0
GU201500000604,0.0,0.0,0.0,0.0
GU201500000605,0.0,0.0,0.0,0.0
GU201500000606,0.0,0.0,0.0,0.0
GU201500000607,0.0,0.0,0.0,0.0
GU201500000608,0.0,0.0,0.0,0.0
GU201500000609,0.0,0.0,0.0,0.0
GU201500000610,0.0,0.0,0.0,0.0
GU201500000611,0.0,0.0,0.0,0.0
GU201500000612,0.0,0.0,0.0,0.0
GU201500000613,0.0,0.0,14.0,14.0
GU201500000614,0.0,0.0,16.0,16.0
GU201500000615,0.0,0.0,0.0,0.0
GU201500000616,0.0,0.0,0.0,0.0
GU201500000617,0.0,0.0,0.0,0.0
GU201500000618,0.0,0.0,0.0,0.0
GU201500000619,0.0,0.0,0.0,0.0
GU201500000620,0.0,0.0,2.0,2.0
GU201500000621,0.0,0.0,1.0,1.0
GU201500000622,0.0,0.0,1.0,1.0
GU201500000623,0.0,0.0,0.0,0.0
GU201500000624,0.0,0.0,0.0,0.0
GU201500000625,0.0,0.0,0.0,0.0
GU201500000626,0.0,0.0,0.0,0.0
GU201500000627,0.0,0.0,0.0,0.0
GU201500000628,0.0,0.0,0.0,0.0
GU201500000629,0.0,0.0,1.0,1.0
GU201500000630,0.0,0.0,3.0,3.0
GU201500000631,0.0,0.0,0.0,0.0
GU201500000632,0.0,0.0,1.0,1.0
GU201500000633,0.0,0.0,0.0,0.0
GU201500000634,0.0,0.0,0.0,0.0
GU201500000635,0.0,0.0,0.0,0.0
GU201500000636,0.0,0.0,2.0,2.0
GU201500000637,0.0,0.0,0.0,0.0
GU201500000638,0.0,0.0,0.0,0.0
GU201500000639,0.0,0.0,0.0,0.0
GU201500000641,0.0,0.0,0.0,0.0
GU201500000642,0.0,0.0,0.0,0.0
GU201500000643,0.0,0.0,0.0,0.0
GU201500000644,0.0,0.0,0.0,0.0
GU201500000645,0.0,0.0,0.0,0.0
GU201500000646,0.0,0.0,0.0,0.0
GU201500000647,0.0,0.0,0.0,0.0
GU201500000648,0.0,0.0,0.0,0.0
GU201500000649,0.0,0.0,1.0,1.0
GU201500000650,1.0,0.0,1.0,2.0
GU201500000651,1.0,6.0,6.0,13.0
GU201500000652,0.0,1.0,0.0,1.0
GU201500000653,0.0,0.0,0.0,0.0
GU201500000654,0.0,0.0,0.0,0.0
GU201500000655,0.0,0.0,0.0,0.0
GU201500000656,0.0,0.0,0.0,0.0
GU201500000657,0.0,0.0,0.0,0.0
GU201500000658,0.0,0.0,0.0,0.0
GU201500000659,0.0,0.0,0.0,0.0
GU201500000660,0.0,0.0,0.0,0.0
GU201500000661,1.0,2.0,0.0,3.0
GU201500000662,0.0,0.0,0.0,0.0
GU201500000663,0.0,0.0,0.0,0.0
GU201500000664,0.0,0.0,0.0,0.0
GU201500000665,0.0,0.0,0.0,0.0
GU201500000666,0.0,0.0,0.0,0.0
GU201500000667,0.0,0.0,0.0,0.0
GU201500000668,0.0,0.0,3.0,3.0
GU201500000669,0.0,0.0,0.0,0.0
GU201500000670,0.0,0.0,2.0,2.0
GU201500000671,0.0,0.0,0.0,0.0
GU201500000672,0.0,0.0,0.0,0.0
GU201500000673,0.0,0.0,0.0,0.0
GU201500000674,0.0,0.0,1.0,1.0
GU201500000675,0.0,0.0,0.0,0.0
GU201500000677,0.0,0.0,0.0,0.0
GU201500000678,0.0,0.0,0.0,0.0
GU201500000679,0.0,0.0,0.0,0.0
GU201500000680,0.0,0.0,3.0,3.0
GU201500000681,0.0,0.0,0.0,0.0
GU201500000682,1.0,0.0,2.0,3.0
GU201500000683,0.0,0.0,0.0,0.0
GU201500000684,1.0,0.0,2.0,3.0
GU201500000685,2.0,4.0,2.0,8.0
GU201500000686,4.0,3.0,2.0,9.0
GU201500000687,4.0,4.0,2.0,10.0
GU201500000688,2.0,4.0,2.0,8.0
GU201500000689,4.0,0.0,0.0,4.0
GU201500000690,0.0,0.0,0.0,0.0
GU201500000691,0.0,0.0,1.0,1.0
GU201500000692,0.0,0.0,0.0,0.0
GU201500000693,0.0,0.0,0.0,0.0
GU201500000694,0.0,0.0,0.0,0.0
GU201500000695,0.0,0.0,0.0,0.0
GU201500000696,0.0,0.0,0.0,0.0
GU201500000697,0.0,0.0,0.0,0.0
GU201500000698,0.0,0.0,0.0,0.0
GU201500000699,0.0,1.0,3.0,4.0
GU201500000700,0.0,0.0,0.0,0.0
GU201500000701,0.0,0.0,1.0,1.0
GU201500000702,1.0,0.0,0.0,1.0
GU201500000703,0.0,0.0,0.0,0.0
GU201500000704,0.0,0.0,0.0,0.0
GU201500000705,0.0,0.0,0.0,0.0
GU201500000706,0.0,0.0,0.0,0.0
GU201500000707,1.0,0.0,2.0,3.0
GU201500000708,0.0,0.0,0.0,0.0
GU201500000709,1.0,0.0,2.0,3.0
GU201500000710,1.0,0.0,2.0,3.0
GU201500000711,1.0,0.0,1.0,2.0
GU201500000712,0.0,0.0,0.0,0.0
GU201500000713,0.0,0.0,0.0,0.0
GU201500000714,0.0,0.0,0.0,0.0
GU201500000715,0.0,0.0,0.0,0.0
GU201500000716,0.0,0.0,1.0,1.0
GU201500000717,0.0,0.0,0.0,0.0
GU201500000718,0.0,0.0,1.0,1.0
GU201500000719,0.0,0.0,1.0,1.0
GU201500000720,0.0,0.0,0.0,0.0
GU201500000721,1.0,0.0,2.0,3.0
GU201500000722,1.0,0.0,1.0,2.0
GU201500000723,1.0,0.0,2.0,3.0
GU201500000724,1.0,0.0,2.0,3.0
GU201500000725,0.0,0.0,0.0,0.0
GU201500000726,0.0,0.0,1.0,1.0
GU201500000727,1.0,0.0,2.0,3.0
GU201500000728,1.0,0.0,2.0,3.0
GU201500000729,0.0,0.0,0.0,0.0
GU201500000730,0.0,0.0,0.0,0.0
GU201500000731,0.0,0.0,0.0,0.0
GU201500000732,1.0,0.0,1.0,2.0
GU201500000733,0.0,0.0,0.0,0.0
GU201500000734,0.0,0.0,0.0,0.0
GU201500000735,1.0,0.0,0.0,1.0
GU201500000736,0.0,0.0,1.0,1.0
GU201500000737,0.0,0.0,1.0,1.0
GU201500000738,0.0,0.0,2.0,2.0
GU201500000739,0.0,0.0,0.0,0.0
GU201500000740,0.0,0.0,0.0,0.0
GU201500000741,0.0,0.0,0.0,0.0
GU201500000742,0.0,0.0,1.0,1.0
GU201500000743,0.0,0.0,1.0,1.0
GU201500000744,0.0,0.0,1.0,1.0
GU201500000745,1.0,0.0,1.0,2.0
GU201500000746,0.0,0.0,1.0,1.0
GU201500000747,0.0,0.0,0.0,0.0
GU201500000748,0.0,0.0,0.0,0.0
GU201500000749,0.0,0.0,0.0,0.0
GU201500000750,0.0,0.0,0.0,0.0
GU201500000751,0.0,0.0,0.0,0.0
GU201500000752,0.0,0.0,0.0,0.0
GU201500000753,0.0,0.0,0.0,0.0
GU201500000754,0.0,0.0,0.0,0.0
GU201500000755,0.0,0.0,0.0,0.0
GU201500000756,0.0,0.0,0.0,0.0
GU201500000757,0.0,0.0,7.0,7.0
GU201500000758,0.0,0.0,7.0,7.0
GU201500000759,0.0,0.0,0.0,0.0
GU201500000760,0.0,0.0,7.0,7.0
GU201500000761,0.0,0.0,7.0,7.0
GU201500000762,0.0,0.0,0.0,0.0
GU201500000763,0.0,0.0,0.0,0.0
GU201500000764,0.0,0.0,0.0,0.0
GU201500000765,0.0,0.0,0.0,0.0
GU201500000766,0.0,0.0,0.0,0.0
GU201500000767,0.0,0.0,0.0,0.0
GU201500000768,0.0,0.0,0.0,0.0
GU201500000769,0.0,0.0,1.0,1.0
GU201500000770,0.0,0.0,0.0,0.0
GU201500000771,0.0,0.0,0.0,0.0
GU201500000772,0.0,0.0,0.0,0.0
GU201500000773,0.0,0.0,0.0,0.0
GU201500000774,0.0,0.0,2.0,2.0
GU201500000775,0.0,0.0,0.0,0.0
GU201500000776,0.0,0.0,0.0,0.0
GU201500000777,0.0,0.0,1.0,1.0
GU201500000778,0.0,0.0,0.0,0.0
GU201500000779,0.0,0.0,0.0,0.0
GU201500000780,1.0,0.0,0.0,1.0
GU201500000781,1.0,0.0,1.0,2.0
GU201500000782,1.0,0.0,1.0,2.0
GU201500000783,1.0,0.0,1.0,2.0
GU201500000784,0.0,0.0,0.0,0.0
GU201500000785,0.0,0.0,0.0,0.0
GU201500000786,0.0,0.0,0.0,0.0
GU201500000787,0.0,0.0,0.0,0.0
GU201500000788,0.0,0.0,0.0,0.0
GU201500000789,0.0,0.0,0.0,0.0
GU201500000790,0.0,0.0,0.0,0.0
GU201500000791,0.0,0.0,0.0,0.0
GU201500000792,0.0,0.0,0.0,0.0
GU201500000793,0.0,0.0,1.0,1.0
GU201500000794,0.0,0.0,1.0,1.0
GU201500000795,0.0,0.0,1.0,1.0
GU201500000796,0.0,0.0,1.0,1.0
GU201500000797,0.0,0.0,0.0,0.0
GU201500000798,0.0,0.0,1.0,1.0
GU201500000799,0.0,0.0,0.0,0.0
GU201500000800,0.0,0.0,1.0,1.0
GU201500000801,0.0,0.0,0.0,0.0
GU201500000802,0.0,0.0,0.0,0.0
GU201500000803,0.0,0.0,0.0,0.0
GU201500000804,0.0,0.0,0.0,0.0
GU201500000805,0.0,0.0,0.0,0.0
GU201500000806,0.0,0.0,0.0,0.0
GU201500000807,0.0,0.0,0.0,0.0
GU201500000808,0.0,0.0,0.0,0.0
GU201500000809,0.0,0.0,0.0,0.0
GU201500000810,0.0,0.0,0.0,0.0
GU201500000811,0.0,0.0,0.0,0.0
GU201500000812,0.0,0.0,0.0,0.0
GU201500000813,0.0,0.0,0.0,0.0
GU201500000814,0.0,0.0,0.0,0.0
GU201500000815,0.0,0.0,0.0,0.0
GU201500000816,0.0,0.0,0.0,0.0
GU201500000817,0.0,0.0,0.0,0.0
GU201500000818,0.0,0.0,0.0,0.0
GU201500000819,0.0,0.0,0.0,0.0
GU201500000820,0.0,0.0,0.0,0.0
GU201500000821,0.0,0.0,0.0,0.0
GU201500000822,0.0,0.0,0.0,0.0
GU201500000823,0.0,0.0,0.0,0.0
GU201500000824,0.0,0.0,0.0,0.0
GU201500000825,0.0,0.0,0.0,0.0
GU201500000826,0.0,0.0,0.0,0.0
GU201500000827,0.0,0.0,0.0,0.0
GU201500000828,0.0,0.0,0.0,0.0
GU201500000829,0.0,0.0,0.0,0.0
GU201500000830,0.0,0.0,1.0,1.0
GU201500000831,0.0,0.0,1.0,1.0
GU201500000832,0.0,0.0,0.0,0.0
GU201500000833,0.0,0.0,1.0,1.0
GU201500000834,0.0,0.0,0.0,0.0
GU201500000835,0.0,0.0,0.0,0.0
GU201500000836,0.0,0.0,0.0,0.0
GU201500000837,0.0,0.0,0.0,0.0
GU201500000838,0.0,0.0,0.0,0.0
GU201500000839,0.0,0.0,0.0,0.0
GU201500000840,0.0,0.0,0.0,0.0
GU201500000841,0.0,0.0,0.0,0.0
GU201500000842,0.0,0.0,0.0,0.0
GU201500000843,0.0,0.0,0.0,0.0
GU201500000844,0.0,0.0,0.0,0.0
GU201500000845,0.0,0.0,0.0,0.0
GU201500000846,0.0,0.0,0.0,0.0
GU201500000847,0.0,0.0,0.0,0.0
GU201500000848,0.0,0.0,0.0,0.0
GU201500000849,0.0,0.0,0.0,0.0
GU201500000850,0.0,0.0,0.0,0.0
GU201500000851,0.0,0.0,0.0,0.0
GU201500000852,0.0,0.0,0.0,0.0
GU201500000853,0.0,0.0,0.0,0.0
GU201500000854,0.0,0.0,0.0,0.0
GU201500000855,0.0,0.0,0.0,0.0
GU201500000856,0.0,0.0,0.0,0.0
GU201500000857,0.0,0.0,0.0,0.0
GU201500000858,0.0,0.0,0.0,0.0
GU201500000859,0.0,0.0,0.0,0.0
GU201500000860,0.0,0.0,0.0,0.0
GU201500000861,0.0,0.0,0.0,0.0
GU201500000862,0.0,0.0,0.0,0.0
GU201500000863,0.0,0.0,0.0,0.0
GU201500000864,0.0,0.0,1.0,1.0
