DHSID,entertainment_pois_count,other_pois_count,health_pois_count,education_pois_count,services_pois_count,retail_pois_count,food_pois_count,landmark_pois_count,lodging_pois_count,all_pois_count
GU201500000001,76.0,0.0,23.0,23.0,96.0,38.0,84.0,7.0,10.0,357.0
GU201500000002,73.0,0.0,54.0,35.0,215.0,74.0,151.0,11.0,35.0,648.0
GU201500000003,120.0,0.0,53.0,42.0,131.0,51.0,69.0,3.0,8.0,477.0
GU201500000004,68.0,0.0,31.0,37.0,112.0,44.0,99.0,5.0,18.0,414.0
GU201500000005,69.0,0.0,0.0,11.0,19.0,4.0,16.0,1.0,0.0,120.0
GU201500000006,128.0,0.0,112.0,62.0,339.0,229.0,299.0,16.0,62.0,1247.0
GU201500000007,108.0,0.0,30.0,40.0,115.0,41.0,61.0,3.0,2.0,400.0
GU201500000008,133.0,0.0,68.0,43.0,266.0,104.0,212.0,12.0,33.0,871.0
GU201500000009,65.0,0.0,11.0,14.0,78.0,24.0,44.0,2.0,0.0,238.0
GU201500000010,138.0,0.0,58.0,42.0,172.0,72.0,97.0,7.0,25.0,611.0
GU201500000011,70.0,0.0,39.0,33.0,146.0,52.0,109.0,8.0,25.0,482.0
GU201500000012,73.0,0.0,43.0,28.0,166.0,51.0,131.0,8.0,33.0,533.0
GU201500000013,55.0,0.0,20.0,12.0,59.0,22.0,43.0,6.0,3.0,220.0
GU201500000014,74.0,0.0,31.0,27.0,142.0,47.0,111.0,8.0,16.0,456.0
GU201500000015,71.0,0.0,35.0,25.0,120.0,44.0,97.0,6.0,19.0,417.0
GU201500000016,111.0,1.0,94.0,26.0,175.0,174.0,159.0,9.0,5.0,754.0
GU201500000017,98.0,0.0,38.0,36.0,84.0,95.0,85.0,9.0,1.0,446.0
GU201500000018,96.0,0.0,40.0,35.0,90.0,101.0,84.0,9.0,1.0,456.0
GU201500000019,78.0,0.0,54.0,43.0,155.0,72.0,127.0,6.0,37.0,572.0
GU201500000020,68.0,0.0,26.0,35.0,100.0,41.0,100.0,3.0,17.0,390.0
GU201500000021,64.0,0.0,39.0,31.0,97.0,73.0,83.0,6.0,17.0,410.0
GU201500000022,131.0,0.0,139.0,69.0,396.0,254.0,301.0,13.0,62.0,1365.0
GU201500000023,119.0,1.0,89.0,29.0,155.0,177.0,146.0,10.0,5.0,731.0
GU201500000024,88.0,0.0,76.0,35.0,203.0,144.0,132.0,4.0,14.0,696.0
GU201500000025,61.0,0.0,52.0,22.0,169.0,99.0,93.0,3.0,5.0,504.0
GU201500000026,80.0,0.0,89.0,31.0,220.0,184.0,165.0,3.0,16.0,788.0
GU201500000027,55.0,0.0,26.0,12.0,108.0,79.0,60.0,2.0,3.0,345.0
GU201500000028,36.0,0.0,26.0,7.0,79.0,70.0,47.0,2.0,7.0,274.0
GU201500000029,60.0,0.0,38.0,8.0,128.0,137.0,125.0,13.0,17.0,526.0
GU201500000031,70.0,0.0,0.0,14.0,57.0,11.0,25.0,1.0,1.0,179.0
GU201500000032,29.0,0.0,5.0,8.0,26.0,9.0,25.0,1.0,0.0,103.0
GU201500000033,29.0,0.0,4.0,15.0,11.0,17.0,11.0,4.0,1.0,92.0
GU201500000034,37.0,0.0,6.0,16.0,27.0,25.0,16.0,4.0,1.0,132.0
GU201500000035,32.0,0.0,5.0,7.0,28.0,28.0,24.0,0.0,2.0,126.0
GU201500000036,15.0,0.0,2.0,11.0,5.0,4.0,1.0,4.0,0.0,42.0
GU201500000037,18.0,0.0,2.0,15.0,3.0,5.0,4.0,4.0,0.0,51.0
GU201500000038,5.0,0.0,0.0,0.0,1.0,0.0,0.0,1.0,0.0,7.0
GU201500000039,5.0,0.0,0.0,0.0,1.0,0.0,0.0,1.0,0.0,7.0
GU201500000040,32.0,0.0,4.0,8.0,28.0,25.0,22.0,0.0,2.0,121.0
GU201500000041,28.0,0.0,3.0,7.0,17.0,11.0,12.0,0.0,0.0,78.0
GU201500000042,141.0,1.0,108.0,29.0,235.0,233.0,153.0,3.0,10.0,913.0
GU201500000043,35.0,0.0,59.0,10.0,122.0,110.0,61.0,1.0,5.0,403.0
GU201500000044,32.0,0.0,17.0,8.0,28.0,23.0,31.0,2.0,4.0,145.0
GU201500000045,131.0,0.0,15.0,13.0,51.0,39.0,39.0,3.0,0.0,291.0
GU201500000046,40.0,0.0,17.0,8.0,47.0,44.0,32.0,3.0,5.0,196.0
GU201500000047,38.0,0.0,17.0,9.0,47.0,45.0,31.0,3.0,5.0,195.0
GU201500000048,41.0,0.0,4.0,8.0,15.0,9.0,15.0,2.0,0.0,94.0
GU201500000049,4.0,0.0,3.0,1.0,7.0,1.0,5.0,0.0,1.0,22.0
GU201500000050,18.0,0.0,20.0,8.0,34.0,86.0,39.0,1.0,2.0,208.0
GU201500000051,81.0,0.0,41.0,27.0,97.0,143.0,103.0,5.0,5.0,502.0
GU201500000052,17.0,0.0,1.0,2.0,2.0,6.0,2.0,0.0,3.0,33.0
GU201500000053,2.0,0.0,0.0,0.0,0.0,0.0,0.0,0.0,2.0,4.0
GU201500000054,5.0,0.0,0.0,0.0,0.0,0.0,0.0,1.0,0.0,6.0
GU201500000055,47.0,0.0,0.0,9.0,5.0,3.0,7.0,0.0,0.0,71.0
GU201500000056,26.0,0.0,0.0,1.0,3.0,0.0,6.0,1.0,1.0,38.0
GU201500000057,47.0,0.0,3.0,11.0,9.0,9.0,11.0,2.0,1.0,93.0
GU201500000058,51.0,0.0,3.0,15.0,10.0,9.0,11.0,4.0,1.0,104.0
GU201500000059,3.0,0.0,0.0,1.0,1.0,0.0,1.0,1.0,0.0,7.0
GU201500000060,8.0,0.0,3.0,3.0,5.0,7.0,4.0,0.0,0.0,30.0
GU201500000061,27.0,0.0,43.0,19.0,87.0,129.0,32.0,5.0,1.0,343.0
GU201500000062,32.0,1.0,38.0,33.0,77.0,123.0,54.0,3.0,2.0,363.0
GU201500000063,57.0,0.0,80.0,14.0,145.0,133.0,84.0,2.0,5.0,520.0
GU201500000064,227.0,1.0,165.0,65.0,376.0,389.0,223.0,13.0,12.0,1471.0
GU201500000065,18.0,0.0,26.0,7.0,62.0,42.0,27.0,0.0,0.0,182.0
GU201500000066,19.0,0.0,19.0,6.0,49.0,31.0,12.0,0.0,0.0,136.0
GU201500000067,95.0,0.0,91.0,12.0,183.0,184.0,89.0,5.0,5.0,664.0
GU201500000068,134.0,1.0,113.0,23.0,239.0,240.0,120.0,5.0,10.0,885.0
GU201500000069,29.0,0.0,40.0,12.0,100.0,97.0,39.0,1.0,2.0,320.0
GU201500000070,132.0,0.0,83.0,26.0,182.0,157.0,103.0,3.0,5.0,691.0
GU201500000071,190.0,1.0,99.0,36.0,233.0,224.0,163.0,3.0,9.0,958.0
GU201500000072,131.0,1.0,65.0,31.0,144.0,161.0,67.0,8.0,4.0,612.0
GU201500000073,52.0,1.0,19.0,23.0,81.0,82.0,56.0,2.0,4.0,320.0
GU201500000074,61.0,0.0,9.0,15.0,49.0,45.0,57.0,0.0,2.0,238.0
GU201500000075,39.0,0.0,11.0,12.0,41.0,51.0,41.0,0.0,2.0,197.0
GU201500000076,21.0,0.0,7.0,7.0,25.0,38.0,28.0,0.0,0.0,126.0
GU201500000077,6.0,0.0,1.0,2.0,4.0,2.0,0.0,5.0,0.0,20.0
GU201500000078,117.0,0.0,92.0,25.0,194.0,198.0,94.0,11.0,7.0,738.0
GU201500000079,3.0,0.0,0.0,1.0,0.0,1.0,0.0,2.0,0.0,7.0
GU201500000080,0.0,0.0,0.0,0.0,0.0,0.0,0.0,1.0,0.0,1.0
GU201500000081,19.0,0.0,2.0,9.0,10.0,6.0,3.0,6.0,1.0,56.0
GU201500000082,2.0,0.0,0.0,0.0,1.0,0.0,0.0,0.0,0.0,3.0
GU201500000083,0.0,0.0,0.0,0.0,0.0,0.0,0.0,0.0,0.0,0.0
GU201500000084,30.0,1.0,6.0,22.0,20.0,8.0,14.0,3.0,6.0,110.0
GU201500000085,25.0,1.0,8.0,20.0,25.0,9.0,21.0,3.0,4.0,116.0
GU201500000086,108.0,1.0,47.0,54.0,98.0,88.0,52.0,8.0,8.0,464.0
GU201500000087,26.0,1.0,6.0,20.0,17.0,5.0,12.0,0.0,5.0,92.0
GU201500000088,15.0,0.0,1.0,3.0,5.0,2.0,1.0,9.0,0.0,36.0
GU201500000089,61.0,0.0,33.0,21.0,63.0,74.0,33.0,1.0,2.0,288.0
GU201500000090,64.0,0.0,34.0,24.0,68.0,90.0,40.0,2.0,2.0,324.0
GU201500000091,168.0,0.0,54.0,36.0,122.0,121.0,61.0,5.0,2.0,569.0
GU201500000092,142.0,0.0,62.0,37.0,136.0,155.0,68.0,5.0,2.0,607.0
GU201500000093,274.0,0.0,64.0,56.0,161.0,178.0,92.0,6.0,6.0,837.0
GU201500000094,37.0,0.0,1.0,4.0,13.0,10.0,12.0,0.0,1.0,78.0
GU201500000095,55.0,0.0,33.0,21.0,58.0,71.0,31.0,1.0,2.0,272.0
GU201500000096,16.0,0.0,4.0,3.0,9.0,16.0,7.0,0.0,0.0,55.0
GU201500000098,73.0,0.0,4.0,5.0,16.0,14.0,9.0,0.0,0.0,121.0
GU201500000099,137.0,0.0,22.0,24.0,82.0,62.0,48.0,4.0,0.0,379.0
GU201500000100,48.0,0.0,18.0,11.0,47.0,41.0,37.0,1.0,0.0,203.0
GU201500000101,55.0,0.0,14.0,8.0,50.0,42.0,29.0,1.0,2.0,201.0
GU201500000102,372.0,0.0,137.0,75.0,359.0,337.0,223.0,17.0,16.0,1536.0
GU201500000103,10.0,0.0,5.0,3.0,9.0,2.0,5.0,2.0,3.0,39.0
GU201500000104,0.0,0.0,0.0,0.0,1.0,0.0,0.0,0.0,0.0,1.0
GU201500000105,118.0,0.0,39.0,22.0,89.0,119.0,58.0,3.0,0.0,448.0
GU201500000106,131.0,0.0,45.0,27.0,96.0,134.0,53.0,3.0,0.0,489.0
GU201500000107,57.0,0.0,13.0,11.0,29.0,26.0,33.0,3.0,4.0,176.0
GU201500000108,69.0,0.0,16.0,12.0,31.0,45.0,36.0,2.0,1.0,212.0
GU201500000109,4.0,0.0,2.0,0.0,6.0,1.0,4.0,1.0,7.0,25.0
GU201500000110,4.0,0.0,2.0,0.0,6.0,1.0,4.0,1.0,7.0,25.0
GU201500000111,4.0,0.0,2.0,0.0,6.0,2.0,5.0,1.0,7.0,27.0
GU201500000112,5.0,0.0,2.0,0.0,6.0,1.0,5.0,1.0,8.0,28.0
GU201500000113,5.0,0.0,2.0,0.0,6.0,0.0,4.0,1.0,8.0,26.0
GU201500000114,0.0,0.0,0.0,0.0,0.0,0.0,0.0,0.0,1.0,1.0
GU201500000115,3.0,0.0,1.0,0.0,5.0,2.0,1.0,2.0,0.0,14.0
GU201500000116,3.0,0.0,1.0,0.0,5.0,2.0,1.0,2.0,0.0,14.0
GU201500000117,0.0,0.0,0.0,0.0,0.0,0.0,0.0,0.0,0.0,0.0
GU201500000118,5.0,0.0,0.0,0.0,6.0,4.0,4.0,0.0,4.0,23.0
GU201500000119,5.0,0.0,0.0,0.0,6.0,4.0,4.0,1.0,3.0,23.0
GU201500000120,3.0,0.0,0.0,0.0,4.0,4.0,4.0,0.0,2.0,17.0
GU201500000121,0.0,0.0,0.0,0.0,4.0,2.0,0.0,0.0,0.0,6.0
GU201500000122,0.0,0.0,0.0,0.0,0.0,0.0,0.0,0.0,0.0,0.0
GU201500000123,0.0,0.0,0.0,0.0,0.0,0.0,0.0,0.0,0.0,0.0
GU201500000124,0.0,0.0,0.0,0.0,1.0,1.0,0.0,0.0,0.0,2.0
GU201500000125,1.0,0.0,0.0,0.0,3.0,2.0,1.0,1.0,0.0,8.0
GU201500000126,1.0,0.0,0.0,0.0,2.0,1.0,1.0,1.0,0.0,6.0
GU201500000127,2.0,0.0,0.0,0.0,0.0,1.0,1.0,1.0,4.0,9.0
GU201500000128,1.0,0.0,0.0,0.0,3.0,2.0,1.0,1.0,0.0,8.0
GU201500000129,3.0,0.0,0.0,0.0,2.0,0.0,1.0,1.0,3.0,10.0
GU201500000130,0.0,0.0,0.0,0.0,0.0,0.0,0.0,0.0,1.0,1.0
GU201500000131,0.0,0.0,0.0,0.0,0.0,0.0,0.0,1.0,0.0,1.0
GU201500000132,0.0,0.0,0.0,0.0,0.0,0.0,0.0,1.0,0.0,1.0
GU201500000133,0.0,0.0,0.0,0.0,2.0,1.0,2.0,1.0,0.0,6.0
GU201500000134,4.0,0.0,1.0,0.0,9.0,1.0,3.0,2.0,3.0,23.0
GU201500000135,4.0,0.0,1.0,0.0,9.0,1.0,2.0,2.0,3.0,22.0
GU201500000136,4.0,0.0,1.0,0.0,9.0,1.0,3.0,2.0,3.0,23.0
GU201500000137,0.0,0.0,1.0,0.0,4.0,0.0,3.0,0.0,1.0,9.0
GU201500000138,2.0,0.0,1.0,0.0,9.0,1.0,4.0,2.0,4.0,23.0
GU201500000139,4.0,0.0,1.0,0.0,11.0,3.0,6.0,0.0,4.0,29.0
GU201500000140,4.0,0.0,1.0,0.0,11.0,3.0,8.0,2.0,6.0,35.0
GU201500000141,2.0,0.0,0.0,0.0,0.0,0.0,0.0,2.0,1.0,5.0
GU201500000142,1.0,0.0,0.0,0.0,0.0,0.0,0.0,0.0,2.0,3.0
GU201500000143,1.0,0.0,0.0,0.0,0.0,0.0,0.0,0.0,3.0,4.0
GU201500000144,1.0,0.0,0.0,0.0,0.0,0.0,0.0,0.0,2.0,3.0
GU201500000145,91.0,0.0,32.0,25.0,184.0,198.0,313.0,45.0,184.0,1072.0
GU201500000146,68.0,0.0,30.0,17.0,168.0,183.0,289.0,41.0,167.0,963.0
GU201500000147,82.0,0.0,31.0,25.0,180.0,192.0,311.0,44.0,184.0,1049.0
GU201500000148,98.0,0.0,31.0,21.0,188.0,203.0,321.0,45.0,174.0,1081.0
GU201500000149,7.0,0.0,0.0,0.0,1.0,1.0,3.0,0.0,0.0,12.0
GU201500000150,59.0,0.0,17.0,17.0,145.0,146.0,256.0,32.0,128.0,800.0
GU201500000151,86.0,0.0,32.0,24.0,182.0,197.0,313.0,44.0,184.0,1062.0
GU201500000152,48.0,0.0,17.0,10.0,75.0,80.0,115.0,16.0,87.0,448.0
GU201500000153,48.0,0.0,17.0,10.0,73.0,80.0,109.0,16.0,82.0,435.0
GU201500000154,25.0,0.0,5.0,7.0,10.0,11.0,10.0,8.0,11.0,87.0
GU201500000155,6.0,0.0,0.0,0.0,9.0,0.0,4.0,3.0,0.0,22.0
GU201500000156,6.0,0.0,0.0,0.0,9.0,0.0,4.0,3.0,0.0,22.0
GU201500000157,6.0,0.0,0.0,0.0,9.0,0.0,4.0,3.0,0.0,22.0
GU201500000158,7.0,0.0,1.0,1.0,0.0,0.0,2.0,2.0,0.0,13.0
GU201500000159,2.0,0.0,0.0,0.0,0.0,0.0,2.0,1.0,0.0,5.0
GU201500000160,2.0,0.0,19.0,6.0,41.0,47.0,9.0,0.0,0.0,124.0
GU201500000161,2.0,0.0,20.0,6.0,43.0,60.0,10.0,1.0,0.0,142.0
GU201500000162,72.0,0.0,26.0,19.0,174.0,181.0,298.0,36.0,159.0,965.0
GU201500000163,0.0,0.0,0.0,0.0,0.0,0.0,0.0,2.0,0.0,2.0
GU201500000164,5.0,0.0,3.0,2.0,8.0,21.0,23.0,1.0,1.0,64.0
GU201500000166,3.0,0.0,5.0,2.0,8.0,28.0,13.0,2.0,3.0,64.0
GU201500000167,3.0,0.0,5.0,1.0,8.0,31.0,13.0,2.0,2.0,65.0
GU201500000168,17.0,0.0,6.0,5.0,17.0,38.0,26.0,8.0,5.0,122.0
GU201500000169,1.0,0.0,0.0,0.0,0.0,0.0,0.0,1.0,0.0,2.0
GU201500000170,3.0,0.0,2.0,2.0,6.0,2.0,0.0,3.0,0.0,18.0
GU201500000171,15.0,0.0,2.0,0.0,4.0,14.0,14.0,0.0,1.0,50.0
GU201500000172,17.0,0.0,3.0,0.0,5.0,14.0,18.0,1.0,3.0,61.0
GU201500000173,17.0,0.0,2.0,0.0,3.0,13.0,12.0,1.0,3.0,51.0
GU201500000174,17.0,0.0,2.0,0.0,3.0,13.0,12.0,1.0,3.0,51.0
GU201500000175,13.0,0.0,0.0,1.0,0.0,2.0,6.0,3.0,2.0,27.0
GU201500000176,28.0,0.0,2.0,1.0,6.0,13.0,17.0,4.0,3.0,74.0
GU201500000177,5.0,0.0,0.0,0.0,2.0,0.0,2.0,1.0,0.0,10.0
GU201500000178,2.0,0.0,0.0,0.0,2.0,0.0,2.0,1.0,0.0,7.0
GU201500000179,8.0,0.0,0.0,0.0,1.0,0.0,2.0,1.0,0.0,12.0
GU201500000180,8.0,0.0,0.0,0.0,1.0,0.0,2.0,1.0,0.0,12.0
GU201500000181,14.0,0.0,0.0,9.0,6.0,7.0,7.0,5.0,2.0,50.0
GU201500000182,36.0,0.0,9.0,20.0,39.0,14.0,22.0,6.0,5.0,151.0
GU201500000183,17.0,0.0,1.0,2.0,2.0,2.0,0.0,3.0,0.0,27.0
GU201500000184,63.0,0.0,10.0,25.0,47.0,14.0,23.0,12.0,5.0,199.0
GU201500000185,69.0,0.0,21.0,41.0,77.0,140.0,30.0,9.0,6.0,393.0
GU201500000186,41.0,0.0,9.0,23.0,37.0,14.0,20.0,6.0,5.0,155.0
GU201500000187,45.0,0.0,9.0,21.0,44.0,14.0,22.0,6.0,4.0,165.0
GU201500000188,11.0,0.0,0.0,7.0,2.0,3.0,3.0,4.0,3.0,33.0
GU201500000189,38.0,0.0,9.0,20.0,42.0,14.0,21.0,5.0,4.0,153.0
GU201500000190,12.0,0.0,2.0,6.0,8.0,2.0,0.0,2.0,0.0,32.0
GU201500000191,9.0,0.0,0.0,4.0,2.0,2.0,0.0,1.0,0.0,18.0
GU201500000192,0.0,0.0,0.0,0.0,0.0,0.0,0.0,0.0,0.0,0.0
GU201500000193,1.0,0.0,0.0,0.0,0.0,0.0,0.0,0.0,0.0,1.0
GU201500000194,12.0,0.0,6.0,3.0,9.0,9.0,4.0,3.0,0.0,46.0
GU201500000195,12.0,0.0,7.0,4.0,11.0,12.0,4.0,3.0,0.0,53.0
GU201500000196,12.0,0.0,7.0,4.0,11.0,12.0,4.0,3.0,0.0,53.0
GU201500000197,12.0,0.0,8.0,4.0,15.0,12.0,4.0,3.0,0.0,58.0
GU201500000198,8.0,0.0,0.0,6.0,4.0,0.0,9.0,5.0,2.0,34.0
GU201500000199,18.0,0.0,6.0,7.0,15.0,7.0,12.0,7.0,4.0,76.0
GU201500000200,5.0,0.0,0.0,2.0,1.0,0.0,1.0,2.0,0.0,11.0
GU201500000201,0.0,0.0,0.0,0.0,0.0,0.0,0.0,0.0,0.0,0.0
GU201500000202,0.0,0.0,0.0,0.0,0.0,0.0,2.0,0.0,0.0,2.0
GU201500000203,28.0,0.0,6.0,10.0,18.0,7.0,29.0,18.0,4.0,120.0
GU201500000204,2.0,0.0,0.0,3.0,2.0,1.0,0.0,1.0,2.0,11.0
GU201500000205,2.0,0.0,0.0,3.0,2.0,1.0,0.0,1.0,3.0,12.0
GU201500000206,4.0,0.0,0.0,3.0,5.0,1.0,0.0,2.0,3.0,18.0
GU201500000207,0.0,0.0,0.0,0.0,1.0,0.0,0.0,0.0,1.0,2.0
GU201500000208,1.0,0.0,0.0,1.0,0.0,0.0,1.0,1.0,0.0,4.0
GU201500000209,25.0,0.0,0.0,0.0,6.0,2.0,0.0,7.0,10.0,50.0
GU201500000210,4.0,0.0,1.0,3.0,3.0,3.0,1.0,1.0,3.0,19.0
GU201500000211,6.0,0.0,1.0,3.0,3.0,3.0,1.0,2.0,3.0,22.0
GU201500000212,5.0,0.0,0.0,1.0,3.0,1.0,0.0,1.0,0.0,11.0
GU201500000213,6.0,0.0,0.0,1.0,3.0,1.0,0.0,1.0,0.0,12.0
GU201500000214,4.0,0.0,0.0,0.0,1.0,0.0,2.0,0.0,0.0,7.0
GU201500000215,22.0,0.0,12.0,23.0,37.0,129.0,9.0,7.0,2.0,241.0
GU201500000216,9.0,0.0,0.0,0.0,4.0,0.0,1.0,3.0,1.0,18.0
GU201500000217,8.0,0.0,29.0,3.0,45.0,72.0,36.0,0.0,3.0,196.0
GU201500000218,12.0,0.0,36.0,1.0,59.0,91.0,56.0,1.0,5.0,261.0
GU201500000219,8.0,0.0,36.0,3.0,57.0,90.0,53.0,0.0,5.0,252.0
GU201500000220,14.0,0.0,39.0,3.0,63.0,101.0,57.0,1.0,5.0,283.0
GU201500000221,12.0,0.0,26.0,3.0,31.0,61.0,36.0,0.0,1.0,170.0
GU201500000222,1.0,0.0,0.0,0.0,0.0,0.0,0.0,0.0,0.0,1.0
GU201500000223,15.0,0.0,39.0,4.0,59.0,101.0,58.0,1.0,7.0,284.0
GU201500000224,1.0,0.0,0.0,0.0,1.0,1.0,0.0,0.0,0.0,3.0
GU201500000225,4.0,0.0,15.0,1.0,9.0,14.0,15.0,2.0,3.0,63.0
GU201500000226,4.0,0.0,15.0,1.0,9.0,14.0,15.0,2.0,3.0,63.0
GU201500000227,2.0,0.0,0.0,0.0,0.0,1.0,3.0,0.0,0.0,6.0
GU201500000228,1.0,0.0,0.0,0.0,3.0,0.0,0.0,0.0,0.0,4.0
GU201500000229,0.0,0.0,0.0,0.0,1.0,0.0,0.0,2.0,0.0,3.0
GU201500000230,8.0,0.0,0.0,0.0,1.0,1.0,1.0,1.0,0.0,12.0
GU201500000231,2.0,0.0,3.0,0.0,3.0,4.0,6.0,1.0,0.0,19.0
GU201500000232,3.0,0.0,0.0,0.0,3.0,0.0,0.0,2.0,0.0,8.0
GU201500000233,0.0,0.0,0.0,0.0,0.0,0.0,0.0,0.0,0.0,0.0
GU201500000234,2.0,0.0,0.0,0.0,2.0,2.0,0.0,1.0,0.0,7.0
GU201500000235,2.0,0.0,0.0,0.0,0.0,0.0,0.0,1.0,0.0,3.0
GU201500000236,0.0,0.0,0.0,0.0,0.0,2.0,0.0,1.0,0.0,3.0
GU201500000237,0.0,0.0,0.0,0.0,2.0,0.0,0.0,0.0,0.0,2.0
GU201500000238,0.0,0.0,0.0,0.0,2.0,2.0,0.0,1.0,0.0,5.0
GU201500000239,0.0,0.0,0.0,0.0,0.0,0.0,0.0,0.0,0.0,0.0
GU201500000240,3.0,0.0,0.0,0.0,2.0,0.0,0.0,0.0,0.0,5.0
GU201500000241,1.0,0.0,0.0,0.0,0.0,1.0,0.0,0.0,0.0,2.0
GU201500000242,0.0,0.0,0.0,0.0,0.0,1.0,0.0,0.0,0.0,1.0
GU201500000243,5.0,0.0,6.0,2.0,11.0,25.0,40.0,2.0,4.0,95.0
GU201500000244,4.0,0.0,6.0,2.0,11.0,24.0,27.0,2.0,1.0,77.0
GU201500000245,2.0,0.0,6.0,4.0,20.0,37.0,26.0,0.0,4.0,99.0
GU201500000246,17.0,0.0,39.0,4.0,59.0,101.0,58.0,1.0,7.0,286.0
GU201500000247,2.0,0.0,0.0,0.0,0.0,0.0,1.0,1.0,0.0,4.0
GU201500000248,0.0,0.0,0.0,0.0,0.0,0.0,0.0,0.0,0.0,0.0
GU201500000249,4.0,0.0,0.0,0.0,4.0,1.0,0.0,0.0,0.0,9.0
GU201500000250,0.0,0.0,0.0,0.0,0.0,0.0,0.0,0.0,0.0,0.0
GU201500000251,0.0,0.0,0.0,0.0,1.0,0.0,0.0,0.0,0.0,1.0
GU201500000252,1.0,0.0,0.0,0.0,0.0,0.0,1.0,0.0,1.0,3.0
GU201500000253,3.0,0.0,2.0,2.0,2.0,0.0,1.0,1.0,1.0,12.0
GU201500000254,3.0,0.0,2.0,2.0,3.0,0.0,1.0,1.0,1.0,13.0
GU201500000255,3.0,0.0,2.0,2.0,4.0,1.0,4.0,1.0,2.0,19.0
GU201500000256,0.0,0.0,0.0,0.0,0.0,0.0,0.0,0.0,0.0,0.0
GU201500000257,1.0,0.0,0.0,1.0,0.0,0.0,0.0,1.0,0.0,3.0
GU201500000258,2.0,1.0,0.0,0.0,3.0,0.0,1.0,0.0,0.0,7.0
GU201500000259,0.0,0.0,0.0,0.0,1.0,0.0,1.0,0.0,0.0,2.0
GU201500000260,1.0,0.0,0.0,0.0,0.0,0.0,0.0,0.0,1.0,2.0
GU201500000261,3.0,0.0,0.0,0.0,0.0,0.0,0.0,0.0,0.0,3.0
GU201500000262,1.0,0.0,0.0,0.0,0.0,0.0,0.0,1.0,0.0,2.0
GU201500000265,0.0,0.0,0.0,0.0,0.0,0.0,0.0,0.0,0.0,0.0
GU201500000266,0.0,0.0,0.0,0.0,0.0,0.0,0.0,1.0,0.0,1.0
GU201500000267,0.0,0.0,0.0,0.0,0.0,0.0,0.0,0.0,0.0,0.0
GU201500000268,0.0,0.0,0.0,0.0,0.0,0.0,0.0,0.0,0.0,0.0
GU201500000269,1.0,0.0,0.0,0.0,0.0,0.0,0.0,0.0,1.0,2.0
GU201500000270,2.0,0.0,0.0,1.0,3.0,1.0,3.0,0.0,1.0,11.0
GU201500000271,4.0,0.0,0.0,3.0,4.0,2.0,3.0,0.0,1.0,17.0
GU201500000272,0.0,0.0,0.0,0.0,1.0,0.0,0.0,0.0,0.0,1.0
GU201500000273,3.0,0.0,0.0,3.0,3.0,2.0,4.0,1.0,7.0,23.0
GU201500000274,0.0,0.0,0.0,1.0,0.0,0.0,0.0,0.0,4.0,5.0
GU201500000275,3.0,0.0,0.0,0.0,0.0,0.0,0.0,0.0,0.0,3.0
GU201500000276,2.0,0.0,0.0,0.0,0.0,0.0,2.0,0.0,3.0,7.0
GU201500000277,0.0,0.0,0.0,0.0,0.0,0.0,0.0,0.0,0.0,0.0
GU201500000278,0.0,0.0,0.0,0.0,0.0,0.0,0.0,0.0,0.0,0.0
GU201500000279,5.0,0.0,5.0,2.0,27.0,36.0,34.0,0.0,29.0,138.0
GU201500000280,1.0,0.0,0.0,1.0,2.0,0.0,1.0,2.0,1.0,8.0
GU201500000281,1.0,0.0,0.0,1.0,0.0,0.0,0.0,1.0,0.0,3.0
GU201500000282,3.0,0.0,1.0,0.0,3.0,1.0,0.0,1.0,0.0,9.0
GU201500000283,4.0,0.0,1.0,0.0,3.0,1.0,0.0,1.0,1.0,11.0
GU201500000284,3.0,0.0,1.0,0.0,3.0,1.0,0.0,1.0,1.0,10.0
GU201500000285,0.0,0.0,0.0,0.0,0.0,0.0,0.0,1.0,0.0,1.0
GU201500000286,1.0,0.0,0.0,0.0,0.0,0.0,0.0,1.0,0.0,2.0
GU201500000287,1.0,0.0,0.0,0.0,0.0,0.0,0.0,2.0,0.0,3.0
GU201500000288,1.0,0.0,0.0,0.0,1.0,0.0,0.0,1.0,0.0,3.0
GU201500000289,16.0,0.0,24.0,11.0,50.0,124.0,28.0,4.0,2.0,259.0
GU201500000290,3.0,0.0,8.0,5.0,21.0,54.0,12.0,3.0,1.0,107.0
GU201500000291,3.0,0.0,3.0,1.0,8.0,27.0,10.0,1.0,2.0,55.0
GU201500000292,4.0,0.0,7.0,6.0,11.0,38.0,12.0,2.0,2.0,82.0
GU201500000293,2.0,0.0,0.0,0.0,1.0,0.0,0.0,1.0,0.0,4.0
GU201500000294,10.0,0.0,0.0,5.0,3.0,1.0,4.0,6.0,4.0,33.0
GU201500000295,57.0,0.0,43.0,27.0,116.0,275.0,149.0,16.0,94.0,777.0
GU201500000296,9.0,0.0,0.0,1.0,0.0,10.0,15.0,2.0,6.0,43.0
GU201500000297,12.0,0.0,4.0,1.0,8.0,30.0,15.0,6.0,4.0,80.0
GU201500000298,11.0,0.0,3.0,1.0,8.0,32.0,15.0,5.0,4.0,79.0
GU201500000299,1.0,0.0,0.0,0.0,3.0,7.0,2.0,1.0,0.0,14.0
GU201500000300,1.0,0.0,0.0,0.0,3.0,7.0,2.0,1.0,0.0,14.0
GU201500000301,0.0,0.0,0.0,0.0,0.0,5.0,4.0,0.0,2.0,11.0
GU201500000302,3.0,0.0,0.0,0.0,5.0,8.0,2.0,1.0,1.0,20.0
GU201500000303,7.0,0.0,0.0,1.0,0.0,2.0,3.0,1.0,0.0,14.0
GU201500000304,18.0,0.0,0.0,0.0,11.0,0.0,0.0,1.0,0.0,30.0
GU201500000305,1.0,0.0,0.0,0.0,0.0,0.0,1.0,0.0,0.0,2.0
GU201500000306,1.0,0.0,0.0,0.0,2.0,2.0,1.0,0.0,0.0,6.0
GU201500000307,5.0,0.0,0.0,0.0,3.0,15.0,6.0,2.0,3.0,34.0
GU201500000308,4.0,0.0,0.0,2.0,0.0,2.0,5.0,0.0,0.0,13.0
GU201500000309,10.0,0.0,0.0,1.0,0.0,2.0,3.0,1.0,0.0,17.0
GU201500000310,18.0,0.0,4.0,8.0,26.0,54.0,25.0,8.0,14.0,157.0
GU201500000311,28.0,0.0,15.0,12.0,58.0,137.0,118.0,7.0,85.0,460.0
GU201500000312,10.0,0.0,23.0,5.0,33.0,43.0,23.0,6.0,5.0,148.0
GU201500000313,3.0,0.0,0.0,1.0,5.0,1.0,3.0,6.0,7.0,26.0
GU201500000314,9.0,0.0,22.0,5.0,34.0,40.0,23.0,6.0,4.0,143.0
GU201500000315,10.0,0.0,23.0,5.0,33.0,43.0,23.0,6.0,5.0,148.0
GU201500000316,4.0,0.0,0.0,0.0,2.0,0.0,0.0,1.0,2.0,9.0
GU201500000317,33.0,0.0,8.0,14.0,26.0,46.0,108.0,18.0,74.0,327.0
GU201500000318,6.0,0.0,0.0,3.0,4.0,1.0,4.0,18.0,4.0,40.0
GU201500000319,35.0,0.0,9.0,15.0,34.0,45.0,101.0,15.0,57.0,311.0
GU201500000320,30.0,0.0,9.0,15.0,33.0,45.0,100.0,12.0,57.0,301.0
GU201500000321,14.0,0.0,2.0,5.0,8.0,2.0,13.0,4.0,8.0,56.0
GU201500000322,14.0,0.0,2.0,5.0,8.0,2.0,13.0,4.0,9.0,57.0
GU201500000323,14.0,0.0,2.0,5.0,8.0,2.0,13.0,4.0,9.0,57.0
GU201500000324,15.0,0.0,2.0,5.0,8.0,2.0,13.0,3.0,6.0,54.0
GU201500000325,6.0,0.0,0.0,1.0,4.0,2.0,9.0,1.0,0.0,23.0
GU201500000326,8.0,0.0,1.0,2.0,4.0,2.0,9.0,1.0,1.0,28.0
GU201500000327,9.0,0.0,1.0,3.0,6.0,6.0,11.0,5.0,8.0,49.0
GU201500000328,0.0,0.0,0.0,0.0,0.0,0.0,0.0,0.0,0.0,0.0
GU201500000329,8.0,0.0,1.0,2.0,5.0,4.0,9.0,1.0,1.0,31.0
GU201500000330,7.0,0.0,7.0,11.0,23.0,44.0,15.0,4.0,8.0,119.0
GU201500000331,0.0,0.0,0.0,0.0,0.0,0.0,0.0,0.0,0.0,0.0
GU201500000332,1.0,0.0,0.0,0.0,0.0,0.0,0.0,2.0,0.0,3.0
GU201500000333,1.0,0.0,0.0,0.0,0.0,0.0,0.0,1.0,0.0,2.0
GU201500000334,0.0,0.0,0.0,2.0,0.0,2.0,3.0,1.0,5.0,13.0
GU201500000335,6.0,0.0,7.0,12.0,29.0,53.0,19.0,4.0,17.0,147.0
GU201500000336,8.0,0.0,7.0,12.0,31.0,52.0,22.0,6.0,25.0,163.0
GU201500000337,8.0,0.0,7.0,11.0,30.0,53.0,22.0,5.0,21.0,157.0
GU201500000338,0.0,0.0,0.0,0.0,0.0,0.0,0.0,1.0,0.0,1.0
GU201500000339,2.0,0.0,0.0,1.0,0.0,0.0,0.0,2.0,1.0,6.0
GU201500000340,0.0,0.0,0.0,0.0,0.0,0.0,0.0,1.0,0.0,1.0
GU201500000341,0.0,0.0,0.0,0.0,0.0,0.0,0.0,0.0,0.0,0.0
GU201500000342,0.0,0.0,0.0,0.0,0.0,0.0,0.0,1.0,0.0,1.0
GU201500000343,1.0,0.0,0.0,1.0,0.0,0.0,0.0,2.0,0.0,4.0
GU201500000344,0.0,0.0,0.0,2.0,0.0,0.0,2.0,2.0,1.0,7.0
GU201500000345,0.0,0.0,0.0,2.0,0.0,0.0,2.0,2.0,2.0,8.0
GU201500000346,0.0,0.0,1.0,0.0,0.0,0.0,0.0,1.0,0.0,2.0
GU201500000347,6.0,0.0,1.0,2.0,0.0,0.0,5.0,1.0,1.0,16.0
GU201500000348,9.0,0.0,1.0,2.0,0.0,0.0,5.0,1.0,1.0,19.0
GU201500000349,9.0,0.0,1.0,2.0,1.0,0.0,5.0,1.0,1.0,20.0
GU201500000350,0.0,0.0,0.0,0.0,1.0,0.0,0.0,1.0,1.0,3.0
GU201500000351,0.0,0.0,0.0,0.0,0.0,0.0,0.0,1.0,1.0,2.0
GU201500000352,3.0,0.0,0.0,0.0,1.0,0.0,0.0,0.0,2.0,6.0
GU201500000353,3.0,0.0,0.0,0.0,1.0,0.0,0.0,0.0,2.0,6.0
GU201500000354,3.0,0.0,0.0,0.0,1.0,0.0,0.0,0.0,2.0,6.0
GU201500000355,0.0,0.0,0.0,0.0,0.0,0.0,0.0,1.0,0.0,1.0
GU201500000356,0.0,0.0,0.0,0.0,0.0,0.0,0.0,0.0,0.0,0.0
GU201500000357,0.0,0.0,0.0,0.0,0.0,0.0,0.0,0.0,0.0,0.0
GU201500000358,0.0,0.0,0.0,2.0,0.0,1.0,0.0,1.0,0.0,4.0
GU201500000359,1.0,0.0,0.0,2.0,0.0,1.0,0.0,1.0,0.0,5.0
GU201500000360,3.0,0.0,0.0,0.0,1.0,0.0,0.0,0.0,1.0,5.0
GU201500000361,1.0,0.0,0.0,0.0,0.0,0.0,0.0,0.0,0.0,1.0
GU201500000362,19.0,0.0,5.0,3.0,7.0,16.0,19.0,0.0,12.0,81.0
GU201500000363,38.0,0.0,25.0,11.0,26.0,36.0,36.0,1.0,17.0,190.0
GU201500000364,127.0,0.0,94.0,61.0,160.0,211.0,220.0,7.0,89.0,969.0
GU201500000365,38.0,0.0,49.0,42.0,103.0,131.0,149.0,3.0,76.0,591.0
GU201500000366,132.0,0.0,98.0,65.0,161.0,211.0,223.0,7.0,91.0,988.0
GU201500000367,3.0,0.0,1.0,2.0,4.0,11.0,5.0,1.0,8.0,35.0
GU201500000368,3.0,0.0,7.0,7.0,22.0,44.0,15.0,3.0,6.0,107.0
GU201500000369,13.0,0.0,0.0,0.0,0.0,0.0,0.0,0.0,1.0,14.0
GU201500000370,0.0,0.0,0.0,0.0,0.0,0.0,1.0,0.0,0.0,1.0
GU201500000371,5.0,0.0,2.0,0.0,3.0,0.0,0.0,1.0,0.0,11.0
GU201500000372,1.0,0.0,0.0,0.0,0.0,0.0,0.0,0.0,0.0,1.0
GU201500000373,1.0,0.0,0.0,0.0,2.0,0.0,0.0,0.0,0.0,3.0
GU201500000374,3.0,0.0,2.0,1.0,2.0,2.0,0.0,0.0,0.0,10.0
GU201500000375,0.0,0.0,0.0,0.0,0.0,0.0,0.0,0.0,0.0,0.0
GU201500000376,0.0,0.0,0.0,0.0,0.0,0.0,0.0,0.0,0.0,0.0
GU201500000377,0.0,0.0,0.0,2.0,2.0,0.0,0.0,0.0,0.0,4.0
GU201500000378,5.0,0.0,0.0,2.0,2.0,1.0,0.0,2.0,0.0,12.0
GU201500000379,3.0,0.0,0.0,0.0,1.0,1.0,0.0,0.0,0.0,5.0
GU201500000380,2.0,0.0,2.0,1.0,5.0,7.0,1.0,1.0,2.0,21.0
GU201500000381,9.0,0.0,7.0,11.0,30.0,51.0,19.0,2.0,20.0,149.0
GU201500000382,1.0,0.0,0.0,1.0,1.0,1.0,0.0,0.0,0.0,4.0
GU201500000383,0.0,0.0,0.0,0.0,0.0,0.0,1.0,1.0,0.0,2.0
GU201500000384,0.0,0.0,0.0,0.0,0.0,0.0,0.0,0.0,0.0,0.0
GU201500000385,16.0,0.0,4.0,7.0,8.0,5.0,11.0,2.0,1.0,54.0
GU201500000386,22.0,0.0,5.0,9.0,9.0,6.0,11.0,5.0,2.0,69.0
GU201500000387,22.0,0.0,4.0,9.0,8.0,5.0,11.0,2.0,2.0,63.0
GU201500000388,6.0,0.0,1.0,2.0,1.0,3.0,0.0,2.0,0.0,15.0
GU201500000389,0.0,0.0,0.0,0.0,0.0,0.0,0.0,1.0,0.0,1.0
GU201500000390,0.0,0.0,0.0,0.0,0.0,0.0,0.0,1.0,0.0,1.0
GU201500000391,0.0,0.0,0.0,0.0,0.0,0.0,0.0,1.0,0.0,1.0
GU201500000392,22.0,0.0,5.0,9.0,8.0,5.0,11.0,5.0,2.0,67.0
GU201500000393,4.0,0.0,0.0,0.0,3.0,2.0,4.0,1.0,1.0,15.0
GU201500000394,5.0,0.0,0.0,0.0,3.0,2.0,4.0,1.0,1.0,16.0
GU201500000395,2.0,0.0,0.0,0.0,5.0,1.0,2.0,1.0,0.0,11.0
GU201500000396,3.0,0.0,0.0,0.0,6.0,2.0,2.0,1.0,0.0,14.0
GU201500000397,52.0,0.0,43.0,12.0,127.0,164.0,101.0,2.0,16.0,517.0
GU201500000398,51.0,0.0,41.0,12.0,140.0,168.0,100.0,1.0,18.0,531.0
GU201500000399,38.0,0.0,41.0,11.0,93.0,152.0,85.0,1.0,16.0,437.0
GU201500000400,67.0,0.0,44.0,13.0,157.0,172.0,108.0,2.0,20.0,583.0
GU201500000401,51.0,0.0,41.0,13.0,126.0,158.0,96.0,1.0,17.0,503.0
GU201500000402,79.0,0.0,44.0,13.0,166.0,172.0,108.0,2.0,20.0,604.0
GU201500000404,4.0,0.0,10.0,0.0,7.0,28.0,15.0,0.0,1.0,65.0
GU201500000405,61.0,0.0,51.0,11.0,132.0,183.0,107.0,3.0,19.0,567.0
GU201500000406,1.0,0.0,1.0,0.0,0.0,0.0,0.0,0.0,0.0,2.0
GU201500000407,1.0,0.0,1.0,0.0,0.0,0.0,0.0,0.0,0.0,2.0
GU201500000408,14.0,0.0,0.0,0.0,11.0,0.0,0.0,0.0,0.0,25.0
GU201500000409,44.0,0.0,41.0,10.0,108.0,125.0,93.0,1.0,13.0,435.0
GU201500000410,36.0,0.0,13.0,6.0,109.0,90.0,51.0,2.0,6.0,313.0
GU201500000411,0.0,0.0,0.0,0.0,0.0,0.0,0.0,1.0,0.0,1.0
GU201500000412,0.0,0.0,0.0,0.0,0.0,0.0,0.0,1.0,0.0,1.0
GU201500000413,0.0,0.0,0.0,0.0,0.0,0.0,0.0,1.0,0.0,1.0
GU201500000414,1.0,0.0,0.0,0.0,12.0,0.0,0.0,0.0,0.0,13.0
GU201500000415,4.0,0.0,0.0,0.0,0.0,0.0,0.0,0.0,0.0,4.0
GU201500000416,75.0,0.0,44.0,13.0,158.0,172.0,103.0,3.0,18.0,586.0
GU201500000417,4.0,0.0,0.0,0.0,0.0,0.0,0.0,1.0,0.0,5.0
GU201500000418,8.0,0.0,0.0,4.0,22.0,4.0,1.0,3.0,0.0,42.0
GU201500000419,9.0,0.0,1.0,2.0,22.0,4.0,1.0,2.0,0.0,41.0
GU201500000420,7.0,0.0,0.0,4.0,10.0,0.0,0.0,2.0,0.0,23.0
GU201500000421,2.0,0.0,0.0,0.0,0.0,2.0,0.0,2.0,0.0,6.0
GU201500000422,8.0,0.0,0.0,4.0,6.0,2.0,0.0,4.0,0.0,24.0
GU201500000423,0.0,0.0,0.0,0.0,1.0,0.0,0.0,0.0,0.0,1.0
GU201500000424,6.0,0.0,7.0,3.0,14.0,9.0,7.0,3.0,9.0,58.0
GU201500000425,1.0,0.0,0.0,0.0,0.0,0.0,0.0,1.0,0.0,2.0
GU201500000426,5.0,0.0,7.0,4.0,17.0,9.0,7.0,3.0,6.0,58.0
GU201500000427,8.0,0.0,7.0,4.0,16.0,9.0,10.0,4.0,10.0,68.0
GU201500000428,1.0,0.0,0.0,0.0,0.0,0.0,0.0,0.0,0.0,1.0
GU201500000429,1.0,0.0,0.0,0.0,0.0,0.0,0.0,1.0,0.0,2.0
GU201500000430,6.0,0.0,7.0,3.0,13.0,9.0,7.0,3.0,5.0,53.0
GU201500000431,7.0,0.0,0.0,2.0,0.0,2.0,5.0,1.0,0.0,17.0
GU201500000432,0.0,0.0,0.0,0.0,0.0,0.0,0.0,1.0,0.0,1.0
GU201500000433,112.0,0.0,59.0,31.0,124.0,183.0,107.0,23.0,18.0,657.0
GU201500000434,103.0,0.0,59.0,32.0,121.0,181.0,104.0,23.0,21.0,644.0
GU201500000435,110.0,0.0,58.0,32.0,123.0,182.0,107.0,23.0,20.0,655.0
GU201500000436,110.0,0.0,59.0,32.0,124.0,184.0,107.0,23.0,20.0,659.0
GU201500000437,96.0,0.0,51.0,31.0,101.0,146.0,88.0,19.0,22.0,554.0
GU201500000438,110.0,0.0,59.0,32.0,123.0,184.0,107.0,23.0,21.0,659.0
GU201500000439,138.0,0.0,60.0,36.0,131.0,193.0,117.0,23.0,30.0,728.0
GU201500000440,0.0,0.0,0.0,0.0,0.0,0.0,0.0,0.0,0.0,0.0
GU201500000441,0.0,0.0,0.0,0.0,0.0,0.0,0.0,0.0,0.0,0.0
GU201500000442,0.0,0.0,0.0,0.0,0.0,0.0,0.0,0.0,0.0,0.0
GU201500000443,0.0,0.0,0.0,0.0,0.0,0.0,0.0,0.0,0.0,0.0
GU201500000444,6.0,0.0,7.0,2.0,8.0,37.0,20.0,3.0,8.0,91.0
GU201500000445,5.0,0.0,7.0,1.0,8.0,37.0,21.0,2.0,8.0,89.0
GU201500000446,132.0,0.0,69.0,39.0,137.0,233.0,134.0,26.0,35.0,805.0
GU201500000447,35.0,0.0,19.0,12.0,41.0,105.0,56.0,7.0,16.0,291.0
GU201500000448,5.0,0.0,3.0,2.0,5.0,12.0,5.0,1.0,3.0,36.0
GU201500000449,6.0,0.0,3.0,1.0,6.0,10.0,5.0,1.0,4.0,36.0
GU201500000450,38.0,0.0,5.0,4.0,12.0,17.0,22.0,1.0,23.0,122.0
GU201500000451,37.0,0.0,3.0,4.0,11.0,16.0,22.0,1.0,23.0,117.0
GU201500000452,0.0,0.0,0.0,1.0,0.0,0.0,0.0,0.0,0.0,1.0
GU201500000453,0.0,0.0,0.0,0.0,0.0,0.0,0.0,0.0,0.0,0.0
GU201500000454,0.0,0.0,0.0,0.0,0.0,0.0,0.0,0.0,0.0,0.0
GU201500000455,0.0,0.0,0.0,0.0,0.0,0.0,0.0,0.0,0.0,0.0
GU201500000456,4.0,0.0,0.0,0.0,3.0,1.0,2.0,1.0,2.0,13.0
GU201500000457,1.0,0.0,0.0,0.0,0.0,0.0,0.0,0.0,0.0,1.0
GU201500000458,2.0,0.0,0.0,0.0,0.0,0.0,0.0,0.0,0.0,2.0
GU201500000459,4.0,0.0,0.0,1.0,1.0,0.0,1.0,1.0,1.0,9.0
GU201500000460,43.0,0.0,3.0,11.0,19.0,16.0,17.0,10.0,12.0,131.0
GU201500000461,0.0,0.0,0.0,0.0,0.0,0.0,0.0,0.0,0.0,0.0
GU201500000462,3.0,0.0,0.0,0.0,0.0,0.0,0.0,1.0,0.0,4.0
GU201500000463,0.0,0.0,0.0,0.0,0.0,0.0,0.0,0.0,0.0,0.0
GU201500000464,7.0,0.0,2.0,3.0,8.0,4.0,5.0,3.0,3.0,35.0
GU201500000465,6.0,0.0,2.0,2.0,5.0,3.0,1.0,5.0,0.0,24.0
GU201500000466,7.0,0.0,2.0,3.0,8.0,6.0,6.0,4.0,3.0,39.0
GU201500000467,71.0,0.0,7.0,17.0,23.0,27.0,22.0,14.0,7.0,188.0
GU201500000468,0.0,0.0,0.0,0.0,0.0,0.0,0.0,1.0,0.0,1.0
GU201500000469,30.0,0.0,5.0,6.0,17.0,11.0,32.0,14.0,10.0,125.0
GU201500000470,3.0,0.0,0.0,0.0,4.0,2.0,1.0,1.0,4.0,15.0
GU201500000471,28.0,0.0,4.0,14.0,26.0,19.0,27.0,14.0,10.0,142.0
GU201500000472,26.0,0.0,0.0,5.0,10.0,0.0,0.0,10.0,0.0,51.0
GU201500000473,8.0,0.0,0.0,0.0,5.0,0.0,0.0,3.0,0.0,16.0
GU201500000474,9.0,0.0,0.0,0.0,3.0,0.0,0.0,2.0,0.0,14.0
GU201500000475,3.0,0.0,0.0,0.0,0.0,0.0,0.0,1.0,0.0,4.0
GU201500000476,1.0,0.0,0.0,0.0,0.0,0.0,0.0,4.0,0.0,5.0
GU201500000477,3.0,0.0,0.0,0.0,0.0,0.0,0.0,0.0,1.0,4.0
GU201500000478,0.0,0.0,0.0,0.0,0.0,0.0,0.0,1.0,0.0,1.0
GU201500000479,0.0,0.0,0.0,0.0,0.0,0.0,0.0,0.0,0.0,0.0
GU201500000480,0.0,0.0,0.0,0.0,0.0,0.0,0.0,0.0,0.0,0.0
GU201500000481,0.0,0.0,0.0,0.0,0.0,0.0,0.0,0.0,1.0,1.0
GU201500000482,10.0,0.0,3.0,1.0,9.0,5.0,9.0,0.0,2.0,39.0
GU201500000483,12.0,0.0,0.0,0.0,0.0,0.0,0.0,1.0,0.0,13.0
GU201500000484,4.0,0.0,1.0,1.0,0.0,3.0,4.0,2.0,1.0,16.0
GU201500000485,7.0,0.0,2.0,2.0,3.0,3.0,6.0,3.0,2.0,28.0
GU201500000486,1.0,0.0,0.0,0.0,1.0,0.0,0.0,1.0,0.0,3.0
GU201500000487,0.0,0.0,0.0,0.0,0.0,0.0,0.0,0.0,0.0,0.0
GU201500000488,5.0,0.0,0.0,1.0,0.0,1.0,0.0,5.0,0.0,12.0
GU201500000489,5.0,0.0,0.0,1.0,0.0,1.0,1.0,3.0,0.0,11.0
GU201500000490,5.0,0.0,0.0,1.0,0.0,1.0,1.0,3.0,0.0,11.0
GU201500000491,0.0,0.0,0.0,0.0,0.0,0.0,0.0,2.0,0.0,2.0
GU201500000492,0.0,0.0,0.0,0.0,0.0,0.0,0.0,1.0,0.0,1.0
GU201500000493,1.0,0.0,0.0,0.0,0.0,0.0,0.0,4.0,0.0,5.0
GU201500000494,10.0,0.0,7.0,3.0,18.0,2.0,10.0,5.0,1.0,56.0
GU201500000495,1.0,0.0,0.0,0.0,0.0,0.0,0.0,2.0,0.0,3.0
GU201500000496,1.0,0.0,0.0,0.0,0.0,0.0,0.0,1.0,0.0,2.0
GU201500000497,4.0,0.0,0.0,0.0,0.0,0.0,1.0,6.0,0.0,11.0
GU201500000498,14.0,0.0,3.0,0.0,4.0,1.0,8.0,0.0,2.0,32.0
GU201500000499,0.0,0.0,0.0,0.0,0.0,0.0,0.0,0.0,0.0,0.0
GU201500000500,4.0,0.0,0.0,0.0,0.0,0.0,0.0,0.0,0.0,4.0
GU201500000501,1.0,0.0,0.0,0.0,0.0,0.0,0.0,1.0,0.0,2.0
GU201500000502,5.0,0.0,1.0,1.0,0.0,0.0,1.0,4.0,0.0,12.0
GU201500000503,2.0,0.0,0.0,0.0,0.0,0.0,0.0,0.0,0.0,2.0
GU201500000504,4.0,0.0,0.0,0.0,2.0,0.0,0.0,2.0,0.0,8.0
GU201500000505,18.0,0.0,1.0,3.0,3.0,3.0,5.0,11.0,2.0,46.0
GU201500000506,95.0,0.0,13.0,7.0,50.0,31.0,60.0,66.0,23.0,345.0
GU201500000507,138.0,0.0,17.0,17.0,56.0,39.0,74.0,92.0,45.0,478.0
GU201500000508,82.0,0.0,6.0,15.0,19.0,14.0,39.0,49.0,18.0,242.0
GU201500000510,5.0,0.0,0.0,1.0,2.0,3.0,1.0,9.0,0.0,21.0
GU201500000511,1.0,0.0,0.0,0.0,0.0,0.0,2.0,1.0,2.0,6.0
GU201500000513,2.0,0.0,0.0,0.0,0.0,0.0,0.0,0.0,0.0,2.0
GU201500000514,0.0,0.0,0.0,0.0,0.0,0.0,0.0,0.0,0.0,0.0
GU201500000515,4.0,0.0,0.0,0.0,0.0,0.0,0.0,0.0,2.0,6.0
GU201500000516,0.0,0.0,0.0,0.0,0.0,0.0,0.0,0.0,0.0,0.0
GU201500000517,10.0,0.0,9.0,7.0,16.0,10.0,26.0,5.0,5.0,88.0
GU201500000518,11.0,0.0,9.0,7.0,16.0,10.0,26.0,6.0,5.0,90.0
GU201500000519,5.0,0.0,4.0,0.0,8.0,1.0,3.0,1.0,2.0,24.0
GU201500000520,1.0,0.0,0.0,0.0,0.0,0.0,0.0,0.0,0.0,1.0
GU201500000521,2.0,0.0,0.0,0.0,0.0,0.0,0.0,0.0,0.0,2.0
GU201500000522,1.0,0.0,0.0,0.0,0.0,0.0,0.0,1.0,0.0,2.0
GU201500000523,3.0,0.0,0.0,0.0,0.0,0.0,0.0,1.0,0.0,4.0
GU201500000524,8.0,0.0,2.0,2.0,3.0,6.0,1.0,3.0,5.0,30.0
GU201500000525,10.0,0.0,2.0,2.0,3.0,4.0,1.0,3.0,9.0,34.0
GU201500000526,5.0,0.0,0.0,0.0,0.0,0.0,0.0,3.0,0.0,8.0
GU201500000527,1.0,0.0,0.0,3.0,0.0,1.0,0.0,0.0,3.0,8.0
GU201500000528,3.0,0.0,0.0,0.0,0.0,0.0,0.0,2.0,0.0,5.0
GU201500000530,0.0,0.0,0.0,2.0,0.0,0.0,0.0,1.0,0.0,3.0
GU201500000531,2.0,0.0,0.0,0.0,0.0,0.0,1.0,0.0,2.0,5.0
GU201500000532,2.0,0.0,0.0,0.0,0.0,0.0,0.0,2.0,0.0,4.0
GU201500000533,14.0,0.0,1.0,0.0,4.0,6.0,15.0,1.0,4.0,45.0
GU201500000534,1.0,0.0,0.0,0.0,0.0,0.0,0.0,1.0,0.0,2.0
GU201500000535,0.0,0.0,0.0,0.0,0.0,0.0,0.0,0.0,0.0,0.0
GU201500000536,0.0,0.0,0.0,0.0,0.0,0.0,0.0,0.0,0.0,0.0
GU201500000537,6.0,0.0,1.0,4.0,6.0,2.0,5.0,2.0,1.0,27.0
GU201500000538,0.0,0.0,0.0,0.0,0.0,0.0,1.0,1.0,0.0,2.0
GU201500000539,2.0,0.0,0.0,1.0,0.0,4.0,1.0,1.0,1.0,10.0
GU201500000540,2.0,0.0,0.0,0.0,0.0,0.0,1.0,0.0,2.0,5.0
GU201500000541,13.0,0.0,9.0,5.0,11.0,10.0,17.0,2.0,10.0,77.0
GU201500000542,14.0,0.0,9.0,5.0,11.0,10.0,16.0,2.0,9.0,76.0
GU201500000543,2.0,0.0,0.0,0.0,0.0,0.0,0.0,3.0,1.0,6.0
GU201500000544,13.0,0.0,17.0,3.0,47.0,41.0,38.0,6.0,19.0,184.0
GU201500000545,12.0,0.0,9.0,5.0,11.0,10.0,17.0,3.0,10.0,77.0
GU201500000546,0.0,0.0,0.0,0.0,0.0,2.0,0.0,1.0,0.0,3.0
GU201500000547,10.0,0.0,16.0,3.0,46.0,40.0,36.0,4.0,17.0,172.0
GU201500000548,0.0,0.0,0.0,0.0,0.0,0.0,0.0,0.0,0.0,0.0
GU201500000549,1.0,0.0,0.0,0.0,0.0,3.0,0.0,1.0,0.0,5.0
GU201500000550,1.0,0.0,0.0,0.0,0.0,0.0,0.0,0.0,0.0,1.0
GU201500000551,11.0,0.0,17.0,3.0,47.0,41.0,39.0,4.0,18.0,180.0
GU201500000552,0.0,0.0,0.0,0.0,0.0,0.0,0.0,0.0,0.0,0.0
GU201500000553,12.0,0.0,17.0,3.0,47.0,42.0,41.0,5.0,18.0,185.0
GU201500000554,0.0,0.0,0.0,0.0,0.0,0.0,0.0,0.0,0.0,0.0
GU201500000555,0.0,0.0,0.0,0.0,0.0,0.0,0.0,0.0,0.0,0.0
GU201500000556,0.0,0.0,0.0,0.0,0.0,0.0,0.0,0.0,0.0,0.0
GU201500000557,1.0,0.0,0.0,0.0,0.0,0.0,0.0,1.0,0.0,2.0
GU201500000558,0.0,0.0,0.0,0.0,0.0,0.0,0.0,1.0,1.0,2.0
GU201500000559,1.0,0.0,0.0,2.0,0.0,1.0,0.0,1.0,0.0,5.0
GU201500000560,1.0,0.0,1.0,1.0,0.0,0.0,0.0,1.0,0.0,4.0
GU201500000561,2.0,0.0,0.0,0.0,0.0,0.0,1.0,0.0,0.0,3.0
GU201500000562,0.0,0.0,0.0,0.0,0.0,0.0,0.0,0.0,0.0,0.0
GU201500000563,2.0,0.0,0.0,0.0,0.0,0.0,0.0,0.0,0.0,2.0
GU201500000564,2.0,0.0,0.0,0.0,1.0,0.0,0.0,2.0,2.0,7.0
GU201500000565,0.0,0.0,0.0,0.0,0.0,0.0,0.0,1.0,0.0,1.0
GU201500000566,0.0,0.0,0.0,0.0,0.0,0.0,0.0,1.0,0.0,1.0
GU201500000567,1.0,0.0,0.0,0.0,0.0,0.0,0.0,0.0,0.0,1.0
GU201500000568,0.0,0.0,0.0,0.0,0.0,0.0,0.0,0.0,0.0,0.0
GU201500000569,0.0,0.0,0.0,0.0,0.0,0.0,0.0,0.0,0.0,0.0
GU201500000570,4.0,0.0,0.0,0.0,4.0,4.0,1.0,1.0,6.0,20.0
GU201500000571,0.0,0.0,0.0,0.0,0.0,0.0,0.0,0.0,0.0,0.0
GU201500000572,0.0,0.0,0.0,0.0,0.0,0.0,0.0,0.0,0.0,0.0
GU201500000573,5.0,0.0,0.0,0.0,0.0,2.0,8.0,0.0,0.0,15.0
GU201500000574,0.0,0.0,0.0,0.0,0.0,1.0,0.0,0.0,0.0,1.0
GU201500000575,0.0,0.0,0.0,0.0,0.0,0.0,0.0,1.0,0.0,1.0
GU201500000576,0.0,0.0,0.0,0.0,0.0,1.0,2.0,0.0,2.0,5.0
GU201500000577,7.0,0.0,0.0,1.0,2.0,0.0,2.0,1.0,1.0,14.0
GU201500000578,8.0,0.0,0.0,2.0,2.0,0.0,2.0,1.0,1.0,16.0
GU201500000579,7.0,0.0,0.0,2.0,2.0,0.0,2.0,1.0,1.0,15.0
GU201500000580,9.0,0.0,0.0,2.0,3.0,0.0,2.0,1.0,1.0,18.0
GU201500000581,8.0,0.0,0.0,6.0,4.0,0.0,2.0,1.0,1.0,22.0
GU201500000582,9.0,0.0,0.0,5.0,3.0,0.0,2.0,1.0,2.0,22.0
GU201500000583,0.0,0.0,0.0,0.0,0.0,0.0,0.0,1.0,0.0,1.0
GU201500000584,0.0,0.0,0.0,2.0,1.0,0.0,0.0,0.0,0.0,3.0
GU201500000585,0.0,0.0,0.0,1.0,0.0,0.0,0.0,0.0,0.0,1.0
GU201500000586,1.0,0.0,0.0,4.0,2.0,0.0,1.0,1.0,0.0,9.0
GU201500000587,0.0,0.0,0.0,0.0,0.0,0.0,0.0,0.0,0.0,0.0
GU201500000588,0.0,0.0,0.0,0.0,0.0,0.0,0.0,0.0,0.0,0.0
GU201500000589,0.0,0.0,0.0,0.0,0.0,0.0,0.0,0.0,0.0,0.0
GU201500000590,1.0,0.0,0.0,4.0,2.0,0.0,1.0,1.0,0.0,9.0
GU201500000591,3.0,0.0,0.0,0.0,2.0,2.0,1.0,2.0,0.0,10.0
GU201500000592,3.0,0.0,0.0,3.0,2.0,2.0,1.0,2.0,0.0,13.0
GU201500000593,0.0,0.0,0.0,2.0,0.0,0.0,0.0,0.0,0.0,2.0
GU201500000594,0.0,0.0,2.0,0.0,0.0,0.0,0.0,0.0,0.0,2.0
GU201500000595,1.0,0.0,0.0,0.0,1.0,0.0,0.0,2.0,0.0,4.0
GU201500000596,0.0,0.0,0.0,0.0,0.0,0.0,0.0,0.0,0.0,0.0
GU201500000597,0.0,0.0,0.0,0.0,0.0,0.0,0.0,0.0,0.0,0.0
GU201500000598,0.0,0.0,0.0,0.0,0.0,0.0,0.0,0.0,0.0,0.0
GU201500000599,0.0,0.0,0.0,0.0,0.0,0.0,0.0,0.0,0.0,0.0
GU201500000600,1.0,0.0,2.0,0.0,0.0,0.0,0.0,1.0,0.0,4.0
GU201500000601,3.0,0.0,0.0,4.0,2.0,0.0,0.0,0.0,1.0,10.0
GU201500000602,0.0,0.0,0.0,0.0,0.0,0.0,0.0,0.0,0.0,0.0
GU201500000603,0.0,0.0,0.0,0.0,0.0,0.0,0.0,0.0,0.0,0.0
GU201500000604,0.0,0.0,0.0,0.0,0.0,0.0,0.0,1.0,0.0,1.0
GU201500000605,2.0,0.0,0.0,0.0,0.0,0.0,0.0,0.0,1.0,3.0
GU201500000606,3.0,0.0,0.0,0.0,0.0,0.0,0.0,0.0,1.0,4.0
GU201500000607,2.0,0.0,0.0,1.0,0.0,0.0,0.0,1.0,2.0,6.0
GU201500000608,3.0,0.0,0.0,2.0,2.0,0.0,2.0,0.0,2.0,11.0
GU201500000609,10.0,0.0,1.0,9.0,4.0,0.0,5.0,1.0,10.0,40.0
GU201500000610,2.0,0.0,1.0,0.0,0.0,0.0,0.0,0.0,0.0,3.0
GU201500000611,0.0,0.0,0.0,0.0,0.0,0.0,0.0,0.0,0.0,0.0
GU201500000612,2.0,0.0,2.0,0.0,0.0,0.0,0.0,2.0,0.0,6.0
GU201500000613,41.0,0.0,5.0,17.0,11.0,14.0,25.0,1.0,15.0,129.0
GU201500000614,42.0,0.0,5.0,18.0,11.0,14.0,24.0,3.0,16.0,133.0
GU201500000615,2.0,0.0,0.0,2.0,0.0,1.0,0.0,0.0,3.0,8.0
GU201500000616,0.0,0.0,0.0,0.0,0.0,0.0,0.0,0.0,0.0,0.0
GU201500000617,0.0,0.0,0.0,0.0,0.0,0.0,0.0,0.0,0.0,0.0
GU201500000618,0.0,0.0,0.0,0.0,0.0,0.0,0.0,0.0,0.0,0.0
GU201500000619,1.0,0.0,0.0,0.0,0.0,0.0,0.0,0.0,2.0,3.0
GU201500000620,0.0,0.0,0.0,0.0,1.0,1.0,1.0,1.0,1.0,5.0
GU201500000621,4.0,0.0,2.0,2.0,2.0,0.0,3.0,2.0,3.0,18.0
GU201500000622,5.0,0.0,2.0,0.0,2.0,0.0,3.0,2.0,3.0,17.0
GU201500000623,1.0,0.0,2.0,0.0,2.0,0.0,0.0,0.0,1.0,6.0
GU201500000624,0.0,0.0,0.0,0.0,1.0,0.0,0.0,0.0,1.0,2.0
GU201500000625,0.0,0.0,0.0,0.0,1.0,0.0,0.0,0.0,1.0,2.0
GU201500000626,0.0,0.0,1.0,0.0,0.0,0.0,0.0,0.0,0.0,1.0
GU201500000627,1.0,0.0,1.0,0.0,0.0,0.0,0.0,1.0,0.0,3.0
GU201500000628,0.0,0.0,0.0,0.0,0.0,0.0,0.0,0.0,0.0,0.0
GU201500000629,11.0,0.0,0.0,6.0,2.0,7.0,1.0,2.0,1.0,30.0
GU201500000630,23.0,0.0,1.0,14.0,8.0,9.0,4.0,2.0,4.0,65.0
GU201500000631,0.0,0.0,0.0,0.0,0.0,0.0,0.0,0.0,0.0,0.0
GU201500000632,9.0,0.0,0.0,2.0,2.0,7.0,1.0,2.0,2.0,25.0
GU201500000633,0.0,0.0,0.0,0.0,0.0,0.0,0.0,0.0,0.0,0.0
GU201500000634,0.0,0.0,0.0,0.0,1.0,0.0,0.0,0.0,0.0,1.0
GU201500000635,0.0,0.0,0.0,0.0,0.0,0.0,0.0,0.0,0.0,0.0
GU201500000636,3.0,0.0,1.0,2.0,3.0,2.0,1.0,0.0,1.0,13.0
GU201500000637,0.0,0.0,0.0,0.0,0.0,0.0,0.0,0.0,0.0,0.0
GU201500000638,2.0,0.0,0.0,0.0,0.0,0.0,0.0,0.0,0.0,2.0
GU201500000639,0.0,0.0,0.0,0.0,0.0,0.0,0.0,1.0,0.0,1.0
GU201500000641,4.0,0.0,0.0,0.0,0.0,0.0,0.0,0.0,1.0,5.0
GU201500000642,3.0,0.0,0.0,0.0,0.0,0.0,0.0,0.0,0.0,3.0
GU201500000643,1.0,0.0,0.0,0.0,0.0,0.0,0.0,0.0,0.0,1.0
GU201500000644,0.0,0.0,0.0,0.0,0.0,0.0,0.0,0.0,0.0,0.0
GU201500000645,1.0,0.0,0.0,0.0,0.0,0.0,0.0,0.0,0.0,1.0
GU201500000646,0.0,0.0,0.0,0.0,0.0,0.0,0.0,0.0,0.0,0.0
GU201500000647,1.0,0.0,2.0,0.0,0.0,0.0,0.0,2.0,0.0,5.0
GU201500000648,2.0,0.0,2.0,0.0,0.0,0.0,0.0,1.0,0.0,5.0
GU201500000649,9.0,0.0,1.0,2.0,2.0,8.0,13.0,6.0,12.0,53.0
GU201500000650,8.0,0.0,1.0,1.0,2.0,7.0,12.0,6.0,13.0,50.0
GU201500000651,82.0,0.0,23.0,10.0,86.0,37.0,83.0,13.0,61.0,395.0
GU201500000652,19.0,0.0,5.0,3.0,24.0,7.0,5.0,1.0,3.0,67.0
GU201500000653,26.0,0.0,8.0,6.0,33.0,10.0,5.0,4.0,3.0,95.0
GU201500000654,1.0,0.0,2.0,3.0,9.0,0.0,0.0,1.0,0.0,16.0
GU201500000655,0.0,0.0,0.0,0.0,0.0,0.0,0.0,0.0,0.0,0.0
GU201500000656,1.0,0.0,0.0,0.0,0.0,0.0,1.0,1.0,2.0,5.0
GU201500000657,2.0,0.0,0.0,0.0,0.0,0.0,1.0,1.0,2.0,6.0
GU201500000658,0.0,0.0,0.0,0.0,0.0,0.0,0.0,0.0,0.0,0.0
GU201500000659,0.0,0.0,0.0,0.0,0.0,0.0,0.0,0.0,0.0,0.0
GU201500000660,0.0,0.0,0.0,0.0,0.0,0.0,0.0,0.0,0.0,0.0
GU201500000661,1.0,0.0,0.0,0.0,0.0,0.0,0.0,1.0,0.0,2.0
GU201500000662,6.0,0.0,2.0,4.0,8.0,0.0,2.0,0.0,0.0,22.0
GU201500000663,8.0,0.0,2.0,7.0,10.0,0.0,2.0,1.0,0.0,30.0
GU201500000664,3.0,0.0,0.0,0.0,0.0,2.0,0.0,1.0,0.0,6.0
GU201500000665,1.0,0.0,0.0,0.0,0.0,0.0,0.0,0.0,0.0,1.0
GU201500000666,0.0,0.0,0.0,0.0,0.0,0.0,0.0,0.0,0.0,0.0
GU201500000667,3.0,0.0,0.0,0.0,1.0,3.0,2.0,3.0,0.0,12.0
GU201500000668,2.0,0.0,4.0,0.0,7.0,4.0,2.0,0.0,2.0,21.0
GU201500000669,0.0,0.0,0.0,0.0,0.0,0.0,0.0,0.0,0.0,0.0
GU201500000670,3.0,0.0,6.0,3.0,7.0,13.0,2.0,1.0,2.0,37.0
GU201500000671,0.0,0.0,1.0,0.0,0.0,0.0,0.0,1.0,0.0,2.0
GU201500000672,0.0,0.0,0.0,0.0,0.0,0.0,0.0,0.0,0.0,0.0
GU201500000673,2.0,0.0,0.0,0.0,0.0,0.0,0.0,0.0,0.0,2.0
GU201500000674,1.0,0.0,0.0,0.0,0.0,0.0,1.0,1.0,0.0,3.0
GU201500000675,0.0,0.0,0.0,0.0,0.0,0.0,0.0,1.0,0.0,1.0
GU201500000677,0.0,0.0,0.0,0.0,0.0,0.0,0.0,0.0,0.0,0.0
GU201500000678,0.0,0.0,0.0,0.0,0.0,0.0,0.0,0.0,0.0,0.0
GU201500000679,0.0,0.0,0.0,0.0,0.0,0.0,0.0,3.0,0.0,3.0
GU201500000680,4.0,0.0,2.0,1.0,12.0,14.0,6.0,3.0,6.0,48.0
GU201500000681,0.0,0.0,0.0,1.0,0.0,0.0,0.0,0.0,0.0,1.0
GU201500000682,19.0,0.0,1.0,1.0,3.0,1.0,4.0,2.0,1.0,32.0
GU201500000683,1.0,0.0,0.0,0.0,1.0,0.0,0.0,1.0,0.0,3.0
GU201500000684,20.0,0.0,2.0,2.0,3.0,1.0,5.0,4.0,2.0,39.0
GU201500000685,8.0,0.0,3.0,2.0,10.0,6.0,13.0,1.0,11.0,54.0
GU201500000686,8.0,0.0,2.0,2.0,10.0,6.0,15.0,0.0,12.0,55.0
GU201500000687,8.0,0.0,3.0,2.0,10.0,6.0,13.0,1.0,11.0,54.0
GU201500000688,8.0,0.0,3.0,2.0,10.0,6.0,13.0,1.0,11.0,54.0
GU201500000689,2.0,0.0,0.0,0.0,0.0,0.0,2.0,0.0,1.0,5.0
GU201500000690,9.0,0.0,1.0,0.0,1.0,2.0,5.0,2.0,1.0,21.0
GU201500000691,0.0,0.0,0.0,0.0,0.0,0.0,2.0,0.0,0.0,2.0
GU201500000692,6.0,0.0,1.0,0.0,0.0,0.0,1.0,1.0,1.0,10.0
GU201500000693,12.0,0.0,1.0,0.0,0.0,0.0,1.0,1.0,1.0,16.0
GU201500000694,5.0,0.0,1.0,0.0,1.0,0.0,1.0,1.0,1.0,10.0
GU201500000695,0.0,0.0,0.0,0.0,0.0,0.0,0.0,0.0,0.0,0.0
GU201500000696,0.0,0.0,0.0,0.0,3.0,0.0,0.0,0.0,0.0,3.0
GU201500000697,0.0,0.0,0.0,0.0,0.0,0.0,0.0,0.0,0.0,0.0
GU201500000698,0.0,0.0,0.0,0.0,0.0,0.0,0.0,0.0,0.0,0.0
GU201500000699,11.0,0.0,3.0,0.0,14.0,4.0,16.0,4.0,17.0,69.0
GU201500000700,0.0,0.0,0.0,0.0,0.0,0.0,0.0,0.0,0.0,0.0
GU201500000701,1.0,0.0,0.0,0.0,4.0,0.0,2.0,1.0,3.0,11.0
GU201500000702,0.0,0.0,0.0,0.0,0.0,0.0,0.0,0.0,0.0,0.0
GU201500000703,0.0,0.0,0.0,0.0,0.0,0.0,0.0,0.0,0.0,0.0
GU201500000704,0.0,0.0,0.0,0.0,0.0,0.0,0.0,0.0,0.0,0.0
GU201500000705,0.0,0.0,0.0,0.0,0.0,0.0,0.0,1.0,0.0,1.0
GU201500000706,0.0,0.0,0.0,0.0,0.0,0.0,0.0,0.0,0.0,0.0
GU201500000707,14.0,0.0,2.0,1.0,6.0,4.0,3.0,0.0,2.0,32.0
GU201500000708,0.0,0.0,0.0,0.0,0.0,0.0,0.0,0.0,0.0,0.0
GU201500000709,17.0,0.0,2.0,1.0,6.0,4.0,3.0,0.0,2.0,35.0
GU201500000710,17.0,0.0,2.0,1.0,6.0,4.0,3.0,0.0,2.0,35.0
GU201500000711,10.0,0.0,0.0,1.0,1.0,4.0,4.0,0.0,0.0,20.0
GU201500000712,1.0,0.0,0.0,0.0,0.0,0.0,1.0,1.0,0.0,3.0
GU201500000713,0.0,0.0,0.0,0.0,0.0,0.0,0.0,0.0,0.0,0.0
GU201500000714,0.0,0.0,0.0,0.0,0.0,0.0,0.0,0.0,0.0,0.0
GU201500000715,0.0,0.0,0.0,0.0,0.0,0.0,0.0,1.0,0.0,1.0
GU201500000716,3.0,0.0,0.0,0.0,0.0,0.0,0.0,14.0,2.0,19.0
GU201500000717,1.0,0.0,0.0,0.0,0.0,2.0,0.0,0.0,2.0,5.0
GU201500000718,2.0,0.0,0.0,0.0,0.0,0.0,0.0,1.0,2.0,5.0
GU201500000719,1.0,0.0,0.0,0.0,0.0,0.0,0.0,1.0,2.0,4.0
GU201500000720,0.0,0.0,0.0,0.0,0.0,0.0,0.0,0.0,0.0,0.0
GU201500000721,29.0,0.0,6.0,6.0,11.0,7.0,10.0,6.0,4.0,79.0
GU201500000722,18.0,0.0,6.0,9.0,11.0,7.0,9.0,6.0,5.0,71.0
GU201500000723,27.0,0.0,5.0,6.0,10.0,7.0,9.0,6.0,3.0,73.0
GU201500000724,12.0,0.0,3.0,4.0,10.0,6.0,7.0,3.0,1.0,46.0
GU201500000725,0.0,0.0,0.0,0.0,0.0,0.0,0.0,0.0,0.0,0.0
GU201500000726,22.0,0.0,6.0,6.0,5.0,7.0,7.0,5.0,4.0,62.0
GU201500000727,33.0,0.0,6.0,9.0,11.0,7.0,10.0,7.0,5.0,88.0
GU201500000728,34.0,0.0,6.0,8.0,13.0,7.0,10.0,8.0,5.0,91.0
GU201500000729,1.0,0.0,0.0,0.0,0.0,0.0,1.0,1.0,1.0,4.0
GU201500000730,2.0,0.0,0.0,0.0,0.0,1.0,1.0,1.0,2.0,7.0
GU201500000731,4.0,0.0,0.0,0.0,0.0,1.0,1.0,1.0,2.0,9.0
GU201500000732,15.0,0.0,0.0,5.0,7.0,2.0,7.0,3.0,4.0,43.0
GU201500000733,1.0,0.0,2.0,0.0,0.0,1.0,1.0,0.0,0.0,5.0
GU201500000734,0.0,0.0,0.0,0.0,1.0,0.0,0.0,0.0,1.0,2.0
GU201500000735,7.0,0.0,0.0,0.0,4.0,17.0,13.0,0.0,9.0,50.0
GU201500000736,5.0,0.0,1.0,0.0,0.0,0.0,0.0,0.0,0.0,6.0
GU201500000737,7.0,0.0,2.0,0.0,0.0,0.0,0.0,0.0,0.0,9.0
GU201500000738,12.0,0.0,2.0,1.0,4.0,1.0,1.0,1.0,0.0,22.0
GU201500000739,0.0,0.0,0.0,0.0,0.0,0.0,0.0,1.0,0.0,1.0
GU201500000740,0.0,0.0,0.0,0.0,0.0,0.0,0.0,0.0,0.0,0.0
GU201500000741,0.0,0.0,0.0,0.0,0.0,0.0,0.0,0.0,0.0,0.0
GU201500000742,3.0,0.0,0.0,0.0,6.0,6.0,4.0,0.0,5.0,24.0
GU201500000743,3.0,0.0,0.0,0.0,5.0,7.0,5.0,0.0,4.0,24.0
GU201500000744,4.0,0.0,0.0,0.0,8.0,7.0,5.0,0.0,8.0,32.0
GU201500000745,10.0,0.0,0.0,0.0,11.0,24.0,18.0,0.0,16.0,79.0
GU201500000746,0.0,0.0,0.0,0.0,2.0,1.0,0.0,1.0,2.0,6.0
GU201500000747,1.0,0.0,0.0,0.0,0.0,0.0,0.0,1.0,1.0,3.0
GU201500000748,1.0,0.0,0.0,0.0,0.0,0.0,0.0,1.0,0.0,2.0
GU201500000749,1.0,0.0,0.0,0.0,0.0,0.0,0.0,1.0,3.0,5.0
GU201500000750,0.0,0.0,0.0,0.0,0.0,1.0,2.0,0.0,0.0,3.0
GU201500000751,0.0,0.0,0.0,0.0,0.0,1.0,2.0,1.0,0.0,4.0
GU201500000752,0.0,0.0,0.0,0.0,0.0,1.0,2.0,1.0,0.0,4.0
GU201500000753,0.0,0.0,0.0,0.0,0.0,1.0,2.0,1.0,0.0,4.0
GU201500000754,0.0,0.0,0.0,0.0,0.0,0.0,0.0,0.0,0.0,0.0
GU201500000755,0.0,0.0,0.0,0.0,0.0,0.0,0.0,0.0,0.0,0.0
GU201500000756,1.0,0.0,0.0,0.0,0.0,0.0,0.0,0.0,2.0,3.0
GU201500000757,26.0,0.0,19.0,13.0,38.0,23.0,40.0,9.0,9.0,177.0
GU201500000758,27.0,0.0,19.0,13.0,39.0,24.0,41.0,9.0,11.0,183.0
GU201500000759,7.0,0.0,2.0,6.0,10.0,4.0,7.0,5.0,1.0,42.0
GU201500000760,26.0,0.0,19.0,10.0,34.0,22.0,41.0,9.0,11.0,172.0
GU201500000761,28.0,0.0,19.0,13.0,39.0,24.0,42.0,9.0,11.0,185.0
GU201500000762,0.0,0.0,0.0,0.0,0.0,0.0,0.0,0.0,0.0,0.0
GU201500000763,6.0,0.0,0.0,0.0,3.0,2.0,3.0,4.0,3.0,21.0
GU201500000764,4.0,0.0,0.0,0.0,0.0,0.0,0.0,3.0,1.0,8.0
GU201500000765,1.0,0.0,0.0,0.0,1.0,0.0,0.0,2.0,0.0,4.0
GU201500000766,0.0,0.0,0.0,0.0,0.0,0.0,0.0,0.0,0.0,0.0
GU201500000767,8.0,0.0,1.0,6.0,0.0,6.0,0.0,0.0,0.0,21.0
GU201500000768,0.0,0.0,0.0,0.0,0.0,0.0,0.0,0.0,0.0,0.0
GU201500000769,15.0,0.0,1.0,9.0,1.0,5.0,2.0,2.0,2.0,37.0
GU201500000770,1.0,0.0,1.0,0.0,0.0,0.0,0.0,0.0,0.0,2.0
GU201500000771,0.0,0.0,0.0,0.0,0.0,0.0,0.0,0.0,0.0,0.0
GU201500000772,2.0,0.0,0.0,0.0,0.0,0.0,0.0,1.0,0.0,3.0
GU201500000773,0.0,0.0,0.0,0.0,0.0,0.0,0.0,0.0,0.0,0.0
GU201500000774,2.0,0.0,0.0,2.0,5.0,2.0,1.0,0.0,1.0,13.0
GU201500000775,0.0,0.0,0.0,0.0,0.0,0.0,0.0,0.0,0.0,0.0
GU201500000776,2.0,0.0,0.0,0.0,0.0,3.0,0.0,1.0,0.0,6.0
GU201500000777,6.0,0.0,4.0,5.0,9.0,3.0,13.0,2.0,1.0,43.0
GU201500000778,0.0,0.0,0.0,0.0,0.0,0.0,0.0,1.0,0.0,1.0
GU201500000779,17.0,0.0,3.0,4.0,3.0,3.0,11.0,3.0,4.0,48.0
GU201500000780,10.0,0.0,3.0,1.0,1.0,2.0,3.0,4.0,3.0,27.0
GU201500000781,22.0,0.0,4.0,4.0,8.0,4.0,20.0,6.0,11.0,79.0
GU201500000782,28.0,0.0,4.0,5.0,8.0,4.0,23.0,10.0,12.0,94.0
GU201500000783,28.0,0.0,4.0,5.0,5.0,4.0,20.0,7.0,11.0,84.0
GU201500000784,5.0,0.0,3.0,3.0,22.0,7.0,2.0,2.0,1.0,45.0
GU201500000785,5.0,0.0,3.0,3.0,23.0,7.0,2.0,2.0,1.0,46.0
GU201500000786,5.0,0.0,3.0,3.0,23.0,7.0,2.0,3.0,1.0,47.0
GU201500000787,0.0,0.0,0.0,0.0,0.0,0.0,0.0,3.0,0.0,3.0
GU201500000788,0.0,0.0,0.0,0.0,0.0,0.0,0.0,0.0,0.0,0.0
GU201500000789,2.0,0.0,0.0,0.0,0.0,0.0,0.0,0.0,0.0,2.0
GU201500000790,1.0,0.0,0.0,0.0,0.0,0.0,0.0,0.0,0.0,1.0
GU201500000791,0.0,0.0,0.0,0.0,0.0,0.0,0.0,1.0,0.0,1.0
GU201500000792,0.0,0.0,0.0,0.0,0.0,0.0,0.0,2.0,0.0,2.0
GU201500000793,16.0,0.0,13.0,9.0,15.0,13.0,14.0,3.0,6.0,89.0
GU201500000794,14.0,0.0,13.0,10.0,24.0,14.0,15.0,3.0,6.0,99.0
GU201500000795,16.0,0.0,12.0,8.0,14.0,13.0,13.0,3.0,5.0,84.0
GU201500000796,19.0,0.0,13.0,11.0,24.0,14.0,15.0,3.0,6.0,105.0
GU201500000797,11.0,0.0,0.0,2.0,2.0,3.0,1.0,0.0,0.0,19.0
GU201500000798,15.0,0.0,13.0,10.0,24.0,14.0,15.0,3.0,6.0,100.0
GU201500000799,0.0,0.0,0.0,0.0,0.0,0.0,0.0,0.0,0.0,0.0
GU201500000800,21.0,0.0,13.0,11.0,24.0,14.0,15.0,3.0,6.0,107.0
GU201500000801,4.0,0.0,1.0,3.0,3.0,1.0,5.0,0.0,4.0,21.0
GU201500000802,2.0,0.0,0.0,1.0,0.0,0.0,0.0,0.0,0.0,3.0
GU201500000803,0.0,0.0,0.0,0.0,0.0,0.0,0.0,0.0,0.0,0.0
GU201500000804,0.0,0.0,0.0,0.0,0.0,0.0,0.0,0.0,0.0,0.0
GU201500000805,0.0,0.0,0.0,0.0,0.0,0.0,0.0,0.0,0.0,0.0
GU201500000806,0.0,0.0,0.0,0.0,0.0,0.0,0.0,0.0,0.0,0.0
GU201500000807,0.0,0.0,0.0,0.0,0.0,0.0,0.0,0.0,0.0,0.0
GU201500000808,0.0,0.0,0.0,0.0,0.0,0.0,0.0,0.0,0.0,0.0
GU201500000809,0.0,0.0,0.0,0.0,0.0,0.0,0.0,0.0,0.0,0.0
GU201500000810,0.0,0.0,0.0,0.0,1.0,0.0,0.0,0.0,2.0,3.0
GU201500000811,0.0,0.0,0.0,0.0,0.0,0.0,0.0,0.0,0.0,0.0
GU201500000812,1.0,0.0,0.0,0.0,0.0,0.0,0.0,0.0,3.0,4.0
GU201500000813,0.0,0.0,0.0,0.0,0.0,0.0,0.0,0.0,0.0,0.0
GU201500000814,1.0,0.0,0.0,1.0,1.0,0.0,0.0,1.0,0.0,4.0
GU201500000815,0.0,0.0,0.0,0.0,0.0,0.0,0.0,0.0,0.0,0.0
GU201500000816,0.0,0.0,0.0,0.0,0.0,0.0,0.0,1.0,1.0,2.0
GU201500000817,1.0,0.0,0.0,1.0,1.0,0.0,0.0,1.0,1.0,5.0
GU201500000818,2.0,0.0,0.0,0.0,1.0,0.0,0.0,0.0,0.0,3.0
GU201500000819,0.0,0.0,0.0,0.0,0.0,0.0,0.0,0.0,0.0,0.0
GU201500000820,0.0,0.0,0.0,0.0,0.0,0.0,0.0,2.0,0.0,2.0
GU201500000821,0.0,0.0,0.0,0.0,0.0,0.0,0.0,1.0,0.0,1.0
GU201500000822,2.0,0.0,0.0,2.0,0.0,1.0,4.0,0.0,0.0,9.0
GU201500000823,2.0,0.0,0.0,2.0,0.0,1.0,4.0,0.0,0.0,9.0
GU201500000824,2.0,0.0,0.0,2.0,0.0,1.0,4.0,1.0,0.0,10.0
GU201500000825,3.0,0.0,0.0,2.0,0.0,1.0,4.0,0.0,0.0,10.0
GU201500000826,3.0,0.0,0.0,0.0,0.0,2.0,1.0,2.0,2.0,10.0
GU201500000827,3.0,0.0,0.0,0.0,0.0,2.0,1.0,2.0,3.0,11.0
GU201500000828,0.0,0.0,0.0,0.0,0.0,0.0,0.0,1.0,0.0,1.0
GU201500000829,14.0,0.0,1.0,5.0,2.0,2.0,1.0,2.0,1.0,28.0
GU201500000830,18.0,0.0,1.0,5.0,3.0,4.0,6.0,2.0,1.0,40.0
GU201500000831,19.0,0.0,0.0,5.0,3.0,3.0,6.0,2.0,1.0,39.0
GU201500000832,0.0,0.0,0.0,0.0,0.0,0.0,0.0,0.0,0.0,0.0
GU201500000833,26.0,0.0,1.0,5.0,3.0,4.0,6.0,3.0,1.0,49.0
GU201500000834,1.0,0.0,0.0,0.0,0.0,0.0,0.0,2.0,0.0,3.0
GU201500000835,0.0,0.0,0.0,0.0,0.0,0.0,0.0,0.0,0.0,0.0
GU201500000836,5.0,0.0,0.0,0.0,0.0,0.0,0.0,0.0,0.0,5.0
GU201500000837,5.0,0.0,0.0,0.0,1.0,1.0,0.0,1.0,0.0,8.0
GU201500000838,0.0,0.0,0.0,0.0,0.0,0.0,0.0,0.0,1.0,1.0
GU201500000839,0.0,0.0,0.0,0.0,0.0,0.0,0.0,0.0,1.0,1.0
GU201500000840,5.0,0.0,0.0,1.0,1.0,1.0,0.0,1.0,1.0,10.0
GU201500000841,16.0,0.0,0.0,0.0,1.0,0.0,0.0,1.0,0.0,18.0
GU201500000842,18.0,0.0,0.0,0.0,1.0,0.0,0.0,1.0,0.0,20.0
GU201500000843,5.0,0.0,0.0,0.0,0.0,0.0,0.0,1.0,0.0,6.0
GU201500000844,0.0,0.0,0.0,0.0,0.0,0.0,0.0,5.0,0.0,5.0
GU201500000845,4.0,0.0,0.0,0.0,1.0,1.0,0.0,0.0,0.0,6.0
GU201500000846,0.0,0.0,0.0,0.0,0.0,0.0,0.0,1.0,0.0,1.0
GU201500000847,0.0,0.0,0.0,0.0,0.0,0.0,0.0,1.0,0.0,1.0
GU201500000848,0.0,0.0,0.0,0.0,0.0,0.0,0.0,0.0,0.0,0.0
GU201500000849,0.0,0.0,0.0,0.0,0.0,0.0,0.0,0.0,0.0,0.0
GU201500000850,3.0,0.0,0.0,0.0,1.0,0.0,0.0,2.0,0.0,6.0
GU201500000851,0.0,0.0,0.0,1.0,1.0,0.0,0.0,0.0,1.0,3.0
GU201500000852,3.0,0.0,0.0,0.0,0.0,0.0,0.0,0.0,0.0,3.0
GU201500000853,0.0,0.0,0.0,0.0,0.0,0.0,0.0,1.0,0.0,1.0
GU201500000854,0.0,0.0,0.0,0.0,0.0,0.0,0.0,2.0,0.0,2.0
GU201500000855,0.0,0.0,0.0,0.0,0.0,0.0,0.0,2.0,0.0,2.0
GU201500000856,3.0,0.0,0.0,1.0,1.0,0.0,0.0,2.0,0.0,7.0
GU201500000857,1.0,0.0,0.0,0.0,1.0,0.0,0.0,2.0,0.0,4.0
GU201500000858,6.0,0.0,0.0,0.0,0.0,0.0,0.0,2.0,0.0,8.0
GU201500000859,2.0,0.0,0.0,0.0,2.0,0.0,0.0,1.0,1.0,6.0
GU201500000860,2.0,0.0,1.0,1.0,3.0,0.0,0.0,1.0,1.0,9.0
GU201500000861,3.0,1.0,0.0,0.0,1.0,0.0,0.0,0.0,0.0,5.0
GU201500000862,0.0,0.0,0.0,0.0,0.0,0.0,0.0,1.0,0.0,1.0
GU201500000863,0.0,0.0,0.0,0.0,0.0,0.0,0.0,1.0,0.0,1.0
GU201500000864,18.0,0.0,0.0,0.0,0.0,1.0,0.0,3.0,0.0,22.0
